id,campaign_name,channel,date,month,spend,impressions,clicks,leads,mqls,sqls,opportunities,proposals,contracts,revenue,customer_segment,industry,geography,service_category,campaign_type,campaign_objective,deal_value,sales_cycle_days
TCS-CMP-00001,OmniCommerce Edge - Healthcare,Tech Analyst Webinars,2026-03-23,2026-03,35688,50290,1379,76,42,20,9,6,2,6581440,Strategic Growth Accounts,Telecom & Media,APAC & Australia,Healthcare & Life Sciences Digital Labs,Digital Inbound,Brand Authority & MQLs,3290720,111
TCS-CMP-00002,Zero Trust Enterprise - BFSI,Account-Based Email,2026-03-19,2026-03,12928,38787,1801,185,131,75,55,43,20,209796060,Enterprise High-Value,Energy & Utilities,APAC & Australia,BFSI Core Modernization,Outbound ABM,Pipeline Generation,10489803,176
TCS-CMP-00003,BFSI Resiliency - BFSI,LinkedIn Enterprise,2026-08-18,2026-08,22916,65047,2114,197,103,63,38,29,9,78567273,Enterprise High-Value,Banking & Capital Markets,Nordics & Benelux,BFSI Core Modernization,Digital Inbound,Strategic Account Penetration,8729697,169
TCS-CMP-00004,Sustainable Tech Suite - Cognitive,Executive Events & Roundtables,2026-08-09,2026-08,91993,65330,1180,163,114,44,21,11,3,30687387,Strategic Growth Accounts,Healthcare & Life Sciences,Nordics & Benelux,Cognitive AI & Enterprise Automation,Experiential,Pipeline Generation,10229129,71
TCS-CMP-00005,Zero Trust Enterprise - Cognitive,Industry Display & Media,2025-11-21,2025-11,48343,244606,2311,78,34,11,5,2,1,1736539,Nurture / Mid-Market,Healthcare & Life Sciences,North America,Cognitive AI & Enterprise Automation,Digital Inbound,Strategic Account Penetration,1736539,91
TCS-CMP-00006,BFSI Resiliency - Cloud,Account-Based Email,2026-09-06,2026-09,10723,22981,882,65,53,27,19,16,9,35542593,Nurture / Mid-Market,Manufacturing & Auto,Europe & UK,Cloud & Infrastructure Transformation,Outbound ABM,Strategic Account Penetration,3949177,116
TCS-CMP-00007,OmniCommerce Edge - Retail,Tech Analyst Webinars,2026-06-20,2026-06,25124,47226,979,61,30,14,8,5,2,11973822,Enterprise High-Value,Banking & Capital Markets,APAC & Australia,Retail Omnichannel & Supply Chain,Digital Inbound,Strategic Account Penetration,5986911,182
TCS-CMP-00008,Global Horizon - Cognitive,Industry Display & Media,2026-05-22,2026-05,18003,77469,815,34,17,4,2,1,0,0,Enterprise High-Value,Energy & Utilities,India & Middle East,Cognitive AI & Enterprise Automation,Digital Inbound,Pipeline Generation,5067767,100
TCS-CMP-00009,OmniCommerce Edge - BFSI,LinkedIn Enterprise,2026-02-21,2026-02,58252,85801,2378,229,157,82,43,27,13,58422468,Nurture / Mid-Market,Manufacturing & Auto,Europe & UK,BFSI Core Modernization,Digital Inbound,Pipeline Generation,4494036,118
TCS-CMP-00010,BFSI Resiliency - BFSI,Account-Based Email,2025-12-06,2025-12,20956,39082,1654,162,118,71,39,29,14,67715144,Strategic Growth Accounts,Healthcare & Life Sciences,North America,BFSI Core Modernization,Outbound ABM,Strategic Account Penetration,4836796,53
TCS-CMP-00011,CyberShield 360 - Cyber,LinkedIn Enterprise,2025-11-07,2025-11,43852,67495,1598,174,93,43,30,21,8,50697720,Strategic Growth Accounts,Healthcare & Life Sciences,Europe & UK,Cyber Defense & Risk Governance,Digital Inbound,Pipeline Generation,6337215,52
TCS-CMP-00012,Q1 Cloud Scale - Retail,LinkedIn Enterprise,2026-07-05,2026-07,18007,32461,768,70,53,31,23,20,8,35967192,Nurture / Mid-Market,Manufacturing & Auto,Europe & UK,Retail Omnichannel & Supply Chain,Digital Inbound,Brand Authority & MQLs,4495899,113
TCS-CMP-00013,Q1 Cloud Scale - BFSI,LinkedIn Enterprise,2025-10-06,2025-10,53536,178853,3832,390,284,155,95,61,23,95927434,Nurture / Mid-Market,Retail & CPG,APAC & Australia,BFSI Core Modernization,Digital Inbound,Executive Engagement,4170758,64
TCS-CMP-00014,Life Sciences DataHub - Cognitive,Account-Based Email,2026-04-23,2026-04,24797,36339,1521,124,100,56,35,29,13,67326753,Strategic Growth Accounts,Telecom & Media,North America,Cognitive AI & Enterprise Automation,Outbound ABM,Strategic Account Penetration,5178981,132
TCS-CMP-00015,GenAI Catalyst - Cyber,Executive Events & Roundtables,2026-09-24,2026-09,130098,179670,2644,322,269,105,38,23,7,49957985,Nurture / Mid-Market,Manufacturing & Auto,North America,Cyber Defense & Risk Governance,Experiential,Strategic Account Penetration,7136855,90
TCS-CMP-00016,GenAI Catalyst - Healthcare,Executive Events & Roundtables,2026-06-09,2026-06,88642,77391,1118,126,76,22,11,6,1,3651492,Emerging Tier / High-CAC,Telecom & Media,Nordics & Benelux,Healthcare & Life Sciences Digital Labs,Experiential,Strategic Account Penetration,3651492,83
TCS-CMP-00017,NextGen CX - Cloud,Executive Events & Roundtables,2025-12-22,2025-12,121414,88620,1232,130,99,38,19,9,3,26417484,Strategic Growth Accounts,Telecom & Media,APAC & Australia,Cloud & Infrastructure Transformation,Experiential,Brand Authority & MQLs,8805828,45
TCS-CMP-00018,Sustainable Tech Suite - Cyber,Google Search,2026-08-22,2026-08,49306,91826,3386,311,151,75,46,29,8,36458160,Strategic Growth Accounts,Manufacturing & Auto,North America,Cyber Defense & Risk Governance,Digital Inbound,Pipeline Generation,4557270,135
TCS-CMP-00019,NextGen CX - Cognitive,Industry Display & Media,2026-02-05,2026-02,47028,295561,2953,111,47,14,6,2,0,0,Nurture / Mid-Market,Manufacturing & Auto,North America,Cognitive AI & Enterprise Automation,Digital Inbound,Executive Engagement,2191676,87
TCS-CMP-00020,Cognitive Ops 2.0 - Retail,Account-Based Email,2026-07-23,2026-07,21172,45607,2289,198,147,71,47,38,17,97176046,Strategic Growth Accounts,Manufacturing & Auto,Nordics & Benelux,Retail Omnichannel & Supply Chain,Outbound ABM,Brand Authority & MQLs,5716238,104
TCS-CMP-00021,CyberShield 360 - BFSI,Account-Based Email,2026-02-23,2026-02,13033,26300,1008,69,41,21,13,10,5,45268475,Enterprise High-Value,Healthcare & Life Sciences,India & Middle East,BFSI Core Modernization,Outbound ABM,Executive Engagement,9053695,204
TCS-CMP-00022,SAP S/4 Hana Accelerated - Retail,Executive Events & Roundtables,2026-02-02,2026-02,113996,86646,1058,99,71,28,11,5,1,18873849,Enterprise High-Value,Telecom & Media,India & Middle East,Retail Omnichannel & Supply Chain,Experiential,Pipeline Generation,18873849,195
TCS-CMP-00023,CyberShield 360 - Healthcare,LinkedIn Enterprise,2026-07-20,2026-07,46987,100906,2938,322,244,150,91,73,31,269074234,Enterprise High-Value,Telecom & Media,Nordics & Benelux,Healthcare & Life Sciences Digital Labs,Digital Inbound,Executive Engagement,8679814,206
TCS-CMP-00024,OmniCommerce Edge - Cloud,Account-Based Email,2026-01-15,2026-01,9440,33338,1236,93,66,34,22,14,6,10679910,Emerging Tier / High-CAC,Retail & CPG,India & Middle East,Cloud & Infrastructure Transformation,Outbound ABM,Brand Authority & MQLs,1779985,48
TCS-CMP-00025,Global Horizon - Healthcare,Executive Events & Roundtables,2026-04-15,2026-04,49692,56372,912,114,73,25,11,5,2,6480090,Emerging Tier / High-CAC,Telecom & Media,Europe & UK,Healthcare & Life Sciences Digital Labs,Experiential,Pipeline Generation,3240045,85
TCS-CMP-00026,Zero Trust Enterprise - Healthcare,Tech Analyst Webinars,2026-08-02,2026-08,37613,51923,998,64,38,17,9,6,2,2599160,Emerging Tier / High-CAC,Healthcare & Life Sciences,North America,Healthcare & Life Sciences Digital Labs,Digital Inbound,Strategic Account Penetration,1299580,59
TCS-CMP-00027,BFSI Resiliency - Cloud,Industry Display & Media,2025-11-08,2025-11,27908,195478,1581,51,21,5,2,1,0,0,Nurture / Mid-Market,Retail & CPG,Nordics & Benelux,Cloud & Infrastructure Transformation,Digital Inbound,Strategic Account Penetration,2102211,64
TCS-CMP-00028,CyberShield 360 - Healthcare,Account-Based Email,2025-10-18,2025-10,21596,34929,1545,154,106,48,27,21,11,86961446,Enterprise High-Value,Energy & Utilities,India & Middle East,Healthcare & Life Sciences Digital Labs,Outbound ABM,Pipeline Generation,7905586,142
TCS-CMP-00029,NextGen CX - Cyber,Executive Events & Roundtables,2025-11-17,2025-11,55873,76172,1426,189,145,42,20,10,3,16378443,Nurture / Mid-Market,Retail & CPG,Nordics & Benelux,Cyber Defense & Risk Governance,Experiential,Brand Authority & MQLs,5459481,59
TCS-CMP-00030,Cognitive Ops 2.0 - Retail,Industry Display & Media,2026-08-20,2026-08,29310,167280,1810,75,29,7,3,1,0,0,Strategic Growth Accounts,Banking & Capital Markets,APAC & Australia,Retail Omnichannel & Supply Chain,Digital Inbound,Executive Engagement,3066383,100
TCS-CMP-00031,CyberShield 360 - Cyber,Tech Analyst Webinars,2026-05-18,2026-05,24977,63772,1717,91,43,19,10,6,2,4069342,Nurture / Mid-Market,Manufacturing & Auto,Europe & UK,Cyber Defense & Risk Governance,Digital Inbound,Brand Authority & MQLs,2034671,106
TCS-CMP-00032,OmniCommerce Edge - Cyber,Executive Events & Roundtables,2026-09-14,2026-09,76756,67347,1085,147,101,32,15,9,3,10305819,Emerging Tier / High-CAC,Manufacturing & Auto,Europe & UK,Cyber Defense & Risk Governance,Experiential,Strategic Account Penetration,3435273,68
TCS-CMP-00033,OmniCommerce Edge - Cognitive,Industry Display & Media,2025-12-02,2025-12,34559,189003,1956,60,23,6,2,1,0,0,Strategic Growth Accounts,Manufacturing & Auto,APAC & Australia,Cognitive AI & Enterprise Automation,Digital Inbound,Executive Engagement,3009569,107
TCS-CMP-00034,SAP S/4 Hana Accelerated - Retail,LinkedIn Enterprise,2026-01-19,2026-01,26049,57905,1594,133,99,53,37,25,7,14465423,Emerging Tier / High-CAC,Healthcare & Life Sciences,Nordics & Benelux,Retail Omnichannel & Supply Chain,Digital Inbound,Executive Engagement,2066489,74
TCS-CMP-00035,OmniCommerce Edge - BFSI,LinkedIn Enterprise,2026-03-16,2026-03,28397,76066,1962,134,103,62,43,34,12,27781404,Emerging Tier / High-CAC,Retail & CPG,APAC & Australia,BFSI Core Modernization,Digital Inbound,Executive Engagement,2315117,135
TCS-CMP-00036,Zero Trust Enterprise - Cloud,Executive Events & Roundtables,2025-10-15,2025-10,84653,61474,1010,96,57,18,9,5,2,13449406,Nurture / Mid-Market,Manufacturing & Auto,India & Middle East,Cloud & Infrastructure Transformation,Experiential,Strategic Account Penetration,6724703,130
TCS-CMP-00037,BFSI Resiliency - Cyber,Google Search,2026-03-18,2026-03,54279,72662,2330,149,91,40,24,16,5,34963830,Enterprise High-Value,Telecom & Media,APAC & Australia,Cyber Defense & Risk Governance,Digital Inbound,Brand Authority & MQLs,6992766,90
TCS-CMP-00038,Zero Trust Enterprise - Cloud,Executive Events & Roundtables,2025-10-04,2025-10,86325,83088,1227,135,96,30,14,7,2,10668858,Nurture / Mid-Market,Retail & CPG,Europe & UK,Cloud & Infrastructure Transformation,Experiential,Pipeline Generation,5334429,141
TCS-CMP-00039,BFSI Resiliency - Cloud,Industry Display & Media,2025-10-08,2025-10,29349,142622,1463,56,20,6,3,1,0,0,Nurture / Mid-Market,Healthcare & Life Sciences,Europe & UK,Cloud & Infrastructure Transformation,Digital Inbound,Strategic Account Penetration,1876677,123
TCS-CMP-00040,GenAI Catalyst - Cyber,Account-Based Email,2026-04-01,2026-04,20760,37550,1341,121,95,49,29,22,9,87155883,Enterprise High-Value,Banking & Capital Markets,North America,Cyber Defense & Risk Governance,Outbound ABM,Brand Authority & MQLs,9683987,161
TCS-CMP-00041,BFSI Resiliency - Cyber,Google Search,2026-05-23,2026-05,62142,166722,7495,664,375,159,85,64,15,113324760,Enterprise High-Value,Manufacturing & Auto,Europe & UK,Cyber Defense & Risk Governance,Digital Inbound,Strategic Account Penetration,7554984,84
TCS-CMP-00042,Sustainable Tech Suite - Cloud,Google Search,2026-01-22,2026-01,35858,62177,2881,192,111,50,32,19,6,47565990,Enterprise High-Value,Retail & CPG,Europe & UK,Cloud & Infrastructure Transformation,Digital Inbound,Strategic Account Penetration,7927665,191
TCS-CMP-00043,Sustainable Tech Suite - Cloud,Account-Based Email,2026-05-28,2026-05,9934,14979,525,40,31,15,10,7,2,4381102,Emerging Tier / High-CAC,Telecom & Media,Nordics & Benelux,Cloud & Infrastructure Transformation,Outbound ABM,Executive Engagement,2190551,97
TCS-CMP-00044,NextGen CX - Cognitive,Google Search,2026-01-04,2026-01,71527,183209,8021,687,476,205,133,98,24,145079232,Enterprise High-Value,Energy & Utilities,North America,Cognitive AI & Enterprise Automation,Digital Inbound,Executive Engagement,6044968,127
TCS-CMP-00045,SAP S/4 Hana Accelerated - Healthcare,LinkedIn Enterprise,2026-06-17,2026-06,20781,37624,882,77,53,25,16,11,4,14003524,Nurture / Mid-Market,Banking & Capital Markets,India & Middle East,Healthcare & Life Sciences Digital Labs,Digital Inbound,Pipeline Generation,3500881,120
TCS-CMP-00046,Cognitive Ops 2.0 - Cyber,Google Search,2025-10-25,2025-10,60592,102141,4669,403,222,92,49,37,13,58687070,Strategic Growth Accounts,Telecom & Media,India & Middle East,Cyber Defense & Risk Governance,Digital Inbound,Pipeline Generation,4514390,88
TCS-CMP-00047,OmniCommerce Edge - Retail,Account-Based Email,2025-12-25,2025-12,14817,25617,990,105,66,34,24,17,7,13368733,Emerging Tier / High-CAC,Manufacturing & Auto,Nordics & Benelux,Retail Omnichannel & Supply Chain,Outbound ABM,Strategic Account Penetration,1909819,52
TCS-CMP-00048,BFSI Resiliency - Cognitive,Google Search,2026-04-02,2026-04,63517,161466,5255,376,211,103,57,41,13,49037365,Strategic Growth Accounts,Manufacturing & Auto,Nordics & Benelux,Cognitive AI & Enterprise Automation,Digital Inbound,Executive Engagement,3772105,130
TCS-CMP-00049,CyberShield 360 - Healthcare,LinkedIn Enterprise,2026-08-24,2026-08,57803,78295,2379,265,147,77,55,41,18,74752920,Nurture / Mid-Market,Retail & CPG,Nordics & Benelux,Healthcare & Life Sciences Digital Labs,Digital Inbound,Brand Authority & MQLs,4152940,73
TCS-CMP-00050,OmniCommerce Edge - Cyber,Tech Analyst Webinars,2026-07-28,2026-07,30325,64513,1447,100,44,16,7,4,1,5688428,Enterprise High-Value,Manufacturing & Auto,APAC & Australia,Cyber Defense & Risk Governance,Digital Inbound,Executive Engagement,5688428,99
TCS-CMP-00051,NextGen CX - Cyber,Tech Analyst Webinars,2025-12-10,2025-12,12442,19870,442,27,13,5,2,1,0,0,Nurture / Mid-Market,Telecom & Media,India & Middle East,Cyber Defense & Risk Governance,Digital Inbound,Strategic Account Penetration,2527559,66
TCS-CMP-00052,BFSI Resiliency - Cloud,Industry Display & Media,2026-02-22,2026-02,39320,148736,1669,55,23,6,3,1,0,0,Enterprise High-Value,Telecom & Media,Nordics & Benelux,Cloud & Infrastructure Transformation,Digital Inbound,Pipeline Generation,5604381,168
TCS-CMP-00053,NextGen CX - Cyber,Google Search,2026-08-16,2026-08,28983,48499,2025,126,70,32,21,16,6,40999176,Enterprise High-Value,Healthcare & Life Sciences,Europe & UK,Cyber Defense & Risk Governance,Digital Inbound,Brand Authority & MQLs,6833196,137
TCS-CMP-00054,Q1 Cloud Scale - Retail,Tech Analyst Webinars,2026-03-11,2026-03,20250,32198,663,34,21,7,3,2,0,0,Nurture / Mid-Market,Telecom & Media,Europe & UK,Retail Omnichannel & Supply Chain,Digital Inbound,Executive Engagement,2582798,125
TCS-CMP-00055,Global Horizon - Retail,Tech Analyst Webinars,2026-05-16,2026-05,17246,47214,863,64,27,13,6,3,1,5269020,Enterprise High-Value,Retail & CPG,Europe & UK,Retail Omnichannel & Supply Chain,Digital Inbound,Brand Authority & MQLs,5269020,146
TCS-CMP-00056,CyberShield 360 - Retail,Executive Events & Roundtables,2025-12-13,2025-12,46495,28631,442,64,50,21,11,5,1,10535639,Strategic Growth Accounts,Telecom & Media,Nordics & Benelux,Retail Omnichannel & Supply Chain,Experiential,Strategic Account Penetration,10535639,84
TCS-CMP-00057,OmniCommerce Edge - Cognitive,Google Search,2026-07-09,2026-07,41233,101764,3767,235,158,75,41,26,8,46195872,Enterprise High-Value,Energy & Utilities,APAC & Australia,Cognitive AI & Enterprise Automation,Digital Inbound,Strategic Account Penetration,5774484,107
TCS-CMP-00058,OmniCommerce Edge - Cloud,Industry Display & Media,2026-09-26,2026-09,25611,126747,928,31,11,3,1,1,0,0,Emerging Tier / High-CAC,Energy & Utilities,Europe & UK,Cloud & Infrastructure Transformation,Digital Inbound,Brand Authority & MQLs,1106716,135
TCS-CMP-00059,GenAI Catalyst - Retail,Industry Display & Media,2025-12-23,2025-12,18314,163463,1649,69,27,8,3,2,0,0,Strategic Growth Accounts,Banking & Capital Markets,North America,Retail Omnichannel & Supply Chain,Digital Inbound,Executive Engagement,3422789,71
TCS-CMP-00060,CyberShield 360 - Cognitive,Google Search,2025-11-18,2025-11,35390,75435,2533,170,82,31,20,13,3,23934081,Enterprise High-Value,Retail & CPG,Nordics & Benelux,Cognitive AI & Enterprise Automation,Digital Inbound,Brand Authority & MQLs,7978027,133
TCS-CMP-00061,NextGen CX - Cloud,Account-Based Email,2026-03-18,2026-03,14530,52573,1783,121,94,47,31,24,12,71922120,Strategic Growth Accounts,Manufacturing & Auto,Europe & UK,Cloud & Infrastructure Transformation,Outbound ABM,Pipeline Generation,5993510,131
TCS-CMP-00062,Sustainable Tech Suite - Retail,Industry Display & Media,2026-07-15,2026-07,20059,137401,1475,63,27,7,3,2,0,0,Strategic Growth Accounts,Manufacturing & Auto,APAC & Australia,Retail Omnichannel & Supply Chain,Digital Inbound,Strategic Account Penetration,3029237,137
TCS-CMP-00063,Q1 Cloud Scale - Retail,Executive Events & Roundtables,2026-05-28,2026-05,120052,109614,1603,158,131,47,21,10,3,11453946,Emerging Tier / High-CAC,Banking & Capital Markets,Europe & UK,Retail Omnichannel & Supply Chain,Experiential,Executive Engagement,3817982,112
TCS-CMP-00064,BFSI Resiliency - Healthcare,Industry Display & Media,2026-08-19,2026-08,45671,212500,1661,46,18,4,2,1,0,0,Strategic Growth Accounts,Telecom & Media,India & Middle East,Healthcare & Life Sciences Digital Labs,Digital Inbound,Strategic Account Penetration,3686532,75
TCS-CMP-00065,Sustainable Tech Suite - Cloud,Tech Analyst Webinars,2026-02-04,2026-02,19126,31502,625,38,23,10,6,4,1,2222197,Nurture / Mid-Market,Banking & Capital Markets,Europe & UK,Cloud & Infrastructure Transformation,Digital Inbound,Pipeline Generation,2222197,67
TCS-CMP-00066,Global Horizon - BFSI,Account-Based Email,2025-11-09,2025-11,23778,42258,1572,101,58,27,16,14,7,25184971,Nurture / Mid-Market,Retail & CPG,India & Middle East,BFSI Core Modernization,Outbound ABM,Executive Engagement,3597853,112
TCS-CMP-00067,Q1 Cloud Scale - Retail,Industry Display & Media,2026-02-13,2026-02,36586,153986,1656,49,17,5,2,1,0,0,Enterprise High-Value,Manufacturing & Auto,India & Middle East,Retail Omnichannel & Supply Chain,Digital Inbound,Executive Engagement,4418333,143
TCS-CMP-00068,GenAI Catalyst - Retail,Google Search,2026-09-09,2026-09,59743,100748,4699,315,201,97,63,48,17,130011087,Enterprise High-Value,Manufacturing & Auto,Europe & UK,Retail Omnichannel & Supply Chain,Digital Inbound,Brand Authority & MQLs,7647711,172
TCS-CMP-00069,GenAI Catalyst - Cognitive,Account-Based Email,2026-03-17,2026-03,23660,52499,2279,215,121,72,48,43,17,37203565,Emerging Tier / High-CAC,Retail & CPG,Europe & UK,Cognitive AI & Enterprise Automation,Outbound ABM,Pipeline Generation,2188445,114
TCS-CMP-00070,GenAI Catalyst - Cloud,Google Search,2025-11-03,2025-11,67382,149461,6337,495,308,130,61,38,16,26961168,Emerging Tier / High-CAC,Healthcare & Life Sciences,North America,Cloud & Infrastructure Transformation,Digital Inbound,Strategic Account Penetration,1685073,71
TCS-CMP-00071,Sustainable Tech Suite - Cyber,Account-Based Email,2025-11-05,2025-11,21124,38543,1802,151,99,47,26,23,12,108183012,Enterprise High-Value,Healthcare & Life Sciences,North America,Cyber Defense & Risk Governance,Outbound ABM,Strategic Account Penetration,9015251,113
TCS-CMP-00072,Zero Trust Enterprise - Cognitive,Tech Analyst Webinars,2026-08-02,2026-08,28034,89998,2194,156,76,33,17,10,3,3438744,Emerging Tier / High-CAC,Retail & CPG,North America,Cognitive AI & Enterprise Automation,Digital Inbound,Brand Authority & MQLs,1146248,56
TCS-CMP-00073,NextGen CX - Cyber,Executive Events & Roundtables,2026-06-14,2026-06,94478,107338,1366,131,83,32,16,9,2,10439316,Nurture / Mid-Market,Energy & Utilities,Nordics & Benelux,Cyber Defense & Risk Governance,Experiential,Pipeline Generation,5219658,110
TCS-CMP-00074,Q1 Cloud Scale - Cognitive,LinkedIn Enterprise,2026-05-17,2026-05,63690,117592,3587,349,240,146,105,85,41,354835279,Enterprise High-Value,Energy & Utilities,Europe & UK,Cognitive AI & Enterprise Automation,Digital Inbound,Executive Engagement,8654519,72
TCS-CMP-00075,Zero Trust Enterprise - Healthcare,Tech Analyst Webinars,2025-11-11,2025-11,13756,33375,698,54,26,9,5,3,1,3585072,Strategic Growth Accounts,Retail & CPG,North America,Healthcare & Life Sciences Digital Labs,Digital Inbound,Executive Engagement,3585072,76
TCS-CMP-00076,Zero Trust Enterprise - Healthcare,Account-Based Email,2025-10-02,2025-10,10830,18898,987,88,57,35,24,21,8,30498376,Nurture / Mid-Market,Banking & Capital Markets,Nordics & Benelux,Healthcare & Life Sciences Digital Labs,Outbound ABM,Brand Authority & MQLs,3812297,77
TCS-CMP-00077,OmniCommerce Edge - Cognitive,LinkedIn Enterprise,2026-06-24,2026-06,24233,74043,2253,212,156,71,39,23,8,30884048,Nurture / Mid-Market,Telecom & Media,Nordics & Benelux,Cognitive AI & Enterprise Automation,Digital Inbound,Pipeline Generation,3860506,73
TCS-CMP-00078,Q1 Cloud Scale - Retail,Google Search,2026-07-04,2026-07,35282,70634,2160,157,90,43,23,16,7,8865178,Emerging Tier / High-CAC,Retail & CPG,India & Middle East,Retail Omnichannel & Supply Chain,Digital Inbound,Brand Authority & MQLs,1266454,81
TCS-CMP-00079,BFSI Resiliency - Retail,Tech Analyst Webinars,2026-08-05,2026-08,32138,66846,1643,112,48,16,9,6,2,4992770,Nurture / Mid-Market,Retail & CPG,India & Middle East,Retail Omnichannel & Supply Chain,Digital Inbound,Strategic Account Penetration,2496385,110
TCS-CMP-00080,Zero Trust Enterprise - Cognitive,Executive Events & Roundtables,2026-06-03,2026-06,59004,49516,630,83,50,17,8,4,1,5924705,Nurture / Mid-Market,Retail & CPG,North America,Cognitive AI & Enterprise Automation,Experiential,Executive Engagement,5924705,53
TCS-CMP-00081,CyberShield 360 - Cognitive,Tech Analyst Webinars,2026-05-03,2026-05,37124,113440,2269,142,82,27,14,9,2,2489870,Emerging Tier / High-CAC,Retail & CPG,North America,Cognitive AI & Enterprise Automation,Digital Inbound,Brand Authority & MQLs,1244935,46
TCS-CMP-00082,CyberShield 360 - Cloud,LinkedIn Enterprise,2026-07-18,2026-07,20588,49213,1421,97,68,35,24,15,7,41906487,Strategic Growth Accounts,Manufacturing & Auto,Europe & UK,Cloud & Infrastructure Transformation,Digital Inbound,Executive Engagement,5986641,105
TCS-CMP-00083,CyberShield 360 - Healthcare,Google Search,2025-11-24,2025-11,53520,100595,3947,258,177,68,41,26,6,10323762,Emerging Tier / High-CAC,Banking & Capital Markets,Europe & UK,Healthcare & Life Sciences Digital Labs,Digital Inbound,Executive Engagement,1720627,57
TCS-CMP-00084,Life Sciences DataHub - Healthcare,Account-Based Email,2025-12-28,2025-12,16849,26054,908,59,47,27,18,14,8,63753624,Enterprise High-Value,Energy & Utilities,Nordics & Benelux,Healthcare & Life Sciences Digital Labs,Outbound ABM,Executive Engagement,7969203,110
TCS-CMP-00085,CyberShield 360 - Retail,LinkedIn Enterprise,2026-05-22,2026-05,42791,132112,3833,266,195,95,61,38,13,124160920,Enterprise High-Value,Banking & Capital Markets,India & Middle East,Retail Omnichannel & Supply Chain,Digital Inbound,Executive Engagement,9550840,139
TCS-CMP-00086,Cognitive Ops 2.0 - Healthcare,LinkedIn Enterprise,2026-09-26,2026-09,53960,126589,3271,360,272,138,87,62,30,313014690,Enterprise High-Value,Telecom & Media,Europe & UK,Healthcare & Life Sciences Digital Labs,Digital Inbound,Executive Engagement,10433823,67
TCS-CMP-00087,Zero Trust Enterprise - Cloud,LinkedIn Enterprise,2025-10-02,2025-10,19415,51962,1093,101,78,44,25,21,7,23911132,Nurture / Mid-Market,Telecom & Media,Europe & UK,Cloud & Infrastructure Transformation,Digital Inbound,Brand Authority & MQLs,3415876,72
TCS-CMP-00088,Q1 Cloud Scale - Cyber,LinkedIn Enterprise,2026-09-01,2026-09,21363,68688,2112,151,89,48,26,16,6,11614602,Emerging Tier / High-CAC,Manufacturing & Auto,Nordics & Benelux,Cyber Defense & Risk Governance,Digital Inbound,Executive Engagement,1935767,143
TCS-CMP-00089,BFSI Resiliency - Cognitive,Google Search,2026-06-20,2026-06,53392,82592,2563,171,97,48,31,19,5,24373275,Strategic Growth Accounts,Manufacturing & Auto,APAC & Australia,Cognitive AI & Enterprise Automation,Digital Inbound,Brand Authority & MQLs,4874655,51
TCS-CMP-00090,OmniCommerce Edge - Cloud,Executive Events & Roundtables,2026-07-14,2026-07,130237,162745,2410,264,177,67,28,18,6,23251506,Emerging Tier / High-CAC,Telecom & Media,North America,Cloud & Infrastructure Transformation,Experiential,Brand Authority & MQLs,3875251,112
TCS-CMP-00091,Life Sciences DataHub - Cloud,Google Search,2025-12-14,2025-12,35075,56817,2460,209,105,48,28,19,5,31673610,Enterprise High-Value,Retail & CPG,Nordics & Benelux,Cloud & Infrastructure Transformation,Digital Inbound,Brand Authority & MQLs,6334722,107
TCS-CMP-00092,Q1 Cloud Scale - Cyber,LinkedIn Enterprise,2026-01-21,2026-01,38167,51610,1180,112,87,49,27,20,9,53040339,Strategic Growth Accounts,Healthcare & Life Sciences,Nordics & Benelux,Cyber Defense & Risk Governance,Digital Inbound,Brand Authority & MQLs,5893371,50
TCS-CMP-00093,Q1 Cloud Scale - BFSI,Tech Analyst Webinars,2026-04-02,2026-04,38298,91195,2286,185,84,40,19,13,4,14045784,Strategic Growth Accounts,Banking & Capital Markets,North America,BFSI Core Modernization,Digital Inbound,Pipeline Generation,3511446,101
TCS-CMP-00094,OmniCommerce Edge - Cloud,Executive Events & Roundtables,2026-02-03,2026-02,79314,76264,1102,146,94,37,17,9,2,13978174,Nurture / Mid-Market,Manufacturing & Auto,Nordics & Benelux,Cloud & Infrastructure Transformation,Experiential,Pipeline Generation,6989087,72
TCS-CMP-00095,Global Horizon - BFSI,Google Search,2026-06-06,2026-06,44720,68418,2650,182,111,49,32,25,8,23843360,Nurture / Mid-Market,Telecom & Media,Nordics & Benelux,BFSI Core Modernization,Digital Inbound,Executive Engagement,2980420,113
TCS-CMP-00096,Global Horizon - Cloud,Industry Display & Media,2026-05-08,2026-05,28820,174203,1957,62,28,7,3,2,1,3535389,Strategic Growth Accounts,Energy & Utilities,India & Middle East,Cloud & Infrastructure Transformation,Digital Inbound,Pipeline Generation,3535389,111
TCS-CMP-00097,OmniCommerce Edge - BFSI,Google Search,2025-12-02,2025-12,49641,93839,3853,240,147,58,35,23,10,15480840,Emerging Tier / High-CAC,Manufacturing & Auto,India & Middle East,BFSI Core Modernization,Digital Inbound,Brand Authority & MQLs,1548084,104
TCS-CMP-00098,Q1 Cloud Scale - Healthcare,Industry Display & Media,2026-09-15,2026-09,34180,193278,2172,59,24,6,2,1,0,0,Emerging Tier / High-CAC,Energy & Utilities,Nordics & Benelux,Healthcare & Life Sciences Digital Labs,Digital Inbound,Brand Authority & MQLs,1275687,75
TCS-CMP-00099,CyberShield 360 - Cloud,Account-Based Email,2026-05-22,2026-05,15585,26094,1048,76,60,34,20,13,5,41295245,Enterprise High-Value,Manufacturing & Auto,Europe & UK,Cloud & Infrastructure Transformation,Outbound ABM,Brand Authority & MQLs,8259049,81
TCS-CMP-00100,OmniCommerce Edge - Cloud,Executive Events & Roundtables,2026-08-20,2026-08,52782,33164,546,63,48,16,7,4,1,6287012,Nurture / Mid-Market,Manufacturing & Auto,APAC & Australia,Cloud & Infrastructure Transformation,Experiential,Strategic Account Penetration,6287012,111
TCS-CMP-00101,Zero Trust Enterprise - Healthcare,Google Search,2026-03-02,2026-03,22065,37910,1351,121,82,31,18,11,3,3975147,Emerging Tier / High-CAC,Banking & Capital Markets,India & Middle East,Healthcare & Life Sciences Digital Labs,Digital Inbound,Executive Engagement,1325049,76
TCS-CMP-00102,CyberShield 360 - BFSI,LinkedIn Enterprise,2026-05-26,2026-05,46286,151992,3681,271,141,81,54,38,15,176756970,Enterprise High-Value,Healthcare & Life Sciences,APAC & Australia,BFSI Core Modernization,Digital Inbound,Strategic Account Penetration,11783798,98
TCS-CMP-00103,Life Sciences DataHub - BFSI,Tech Analyst Webinars,2026-06-27,2026-06,30783,72619,1324,78,39,17,8,4,1,2172086,Nurture / Mid-Market,Healthcare & Life Sciences,Nordics & Benelux,BFSI Core Modernization,Digital Inbound,Executive Engagement,2172086,127
TCS-CMP-00104,CyberShield 360 - Cyber,Tech Analyst Webinars,2026-07-23,2026-07,21497,73085,1443,91,45,21,10,6,2,7223964,Strategic Growth Accounts,Manufacturing & Auto,North America,Cyber Defense & Risk Governance,Digital Inbound,Executive Engagement,3611982,94
TCS-CMP-00105,BFSI Resiliency - Cyber,Google Search,2026-07-24,2026-07,41631,82320,2552,235,161,74,45,33,12,88012656,Enterprise High-Value,Energy & Utilities,Europe & UK,Cyber Defense & Risk Governance,Digital Inbound,Strategic Account Penetration,7334388,96
TCS-CMP-00106,BFSI Resiliency - Retail,Account-Based Email,2025-12-25,2025-12,18307,40158,1557,160,107,69,40,26,11,53188828,Strategic Growth Accounts,Banking & Capital Markets,India & Middle East,Retail Omnichannel & Supply Chain,Outbound ABM,Strategic Account Penetration,4835348,61
TCS-CMP-00107,Sustainable Tech Suite - Retail,Account-Based Email,2026-02-07,2026-02,18285,45305,2359,171,94,54,36,31,10,38196530,Nurture / Mid-Market,Healthcare & Life Sciences,North America,Retail Omnichannel & Supply Chain,Outbound ABM,Brand Authority & MQLs,3819653,59
TCS-CMP-00108,CyberShield 360 - Cloud,Tech Analyst Webinars,2026-06-07,2026-06,38019,86934,1910,134,71,34,19,11,4,17867964,Strategic Growth Accounts,Retail & CPG,APAC & Australia,Cloud & Infrastructure Transformation,Digital Inbound,Pipeline Generation,4466991,92
TCS-CMP-00109,Global Horizon - Cognitive,Google Search,2026-09-12,2026-09,46433,73801,2365,142,84,39,19,14,5,6183170,Emerging Tier / High-CAC,Telecom & Media,Nordics & Benelux,Cognitive AI & Enterprise Automation,Digital Inbound,Brand Authority & MQLs,1236634,74
TCS-CMP-00110,CyberShield 360 - Retail,LinkedIn Enterprise,2026-04-07,2026-04,64930,100369,2269,232,169,76,44,32,14,48579944,Nurture / Mid-Market,Banking & Capital Markets,Europe & UK,Retail Omnichannel & Supply Chain,Digital Inbound,Brand Authority & MQLs,3469996,74
TCS-CMP-00111,BFSI Resiliency - BFSI,LinkedIn Enterprise,2026-01-11,2026-01,30547,93266,1943,202,146,86,55,38,19,45602242,Emerging Tier / High-CAC,Telecom & Media,India & Middle East,BFSI Core Modernization,Digital Inbound,Brand Authority & MQLs,2400118,54
TCS-CMP-00112,Cognitive Ops 2.0 - Cyber,Industry Display & Media,2026-05-18,2026-05,33185,157244,1578,61,23,6,2,1,0,0,Strategic Growth Accounts,Telecom & Media,APAC & Australia,Cyber Defense & Risk Governance,Digital Inbound,Executive Engagement,3212061,137
TCS-CMP-00113,CyberShield 360 - Retail,LinkedIn Enterprise,2025-11-11,2025-11,48632,87101,2205,188,129,70,39,25,7,46831225,Strategic Growth Accounts,Banking & Capital Markets,Europe & UK,Retail Omnichannel & Supply Chain,Digital Inbound,Brand Authority & MQLs,6690175,133
TCS-CMP-00114,BFSI Resiliency - Cyber,LinkedIn Enterprise,2026-01-06,2026-01,62625,181255,5504,421,226,122,90,61,19,41252059,Emerging Tier / High-CAC,Banking & Capital Markets,APAC & Australia,Cyber Defense & Risk Governance,Digital Inbound,Brand Authority & MQLs,2171161,47
TCS-CMP-00115,GenAI Catalyst - Cloud,Account-Based Email,2026-02-18,2026-02,24156,50096,2488,165,92,53,33,26,14,40237456,Nurture / Mid-Market,Retail & CPG,Europe & UK,Cloud & Infrastructure Transformation,Outbound ABM,Pipeline Generation,2874104,117
TCS-CMP-00116,Zero Trust Enterprise - Cognitive,Account-Based Email,2025-12-26,2025-12,24244,34958,1477,102,58,35,25,20,6,11638080,Emerging Tier / High-CAC,Healthcare & Life Sciences,India & Middle East,Cognitive AI & Enterprise Automation,Outbound ABM,Executive Engagement,1939680,70
TCS-CMP-00117,GenAI Catalyst - Cyber,Account-Based Email,2026-04-25,2026-04,18889,34365,1283,132,92,49,27,17,9,29154996,Nurture / Mid-Market,Retail & CPG,North America,Cyber Defense & Risk Governance,Outbound ABM,Brand Authority & MQLs,3239444,116
TCS-CMP-00118,Life Sciences DataHub - Cyber,Industry Display & Media,2025-12-15,2025-12,46105,311226,2420,82,41,12,4,2,0,0,Emerging Tier / High-CAC,Telecom & Media,Europe & UK,Cyber Defense & Risk Governance,Digital Inbound,Pipeline Generation,1219702,86
TCS-CMP-00119,Global Horizon - Healthcare,LinkedIn Enterprise,2026-06-27,2026-06,58312,207348,6396,665,396,209,136,97,36,434262060,Enterprise High-Value,Banking & Capital Markets,Nordics & Benelux,Healthcare & Life Sciences Digital Labs,Digital Inbound,Executive Engagement,12062835,72
TCS-CMP-00120,CyberShield 360 - Cloud,Google Search,2026-03-09,2026-03,47370,73993,3467,234,111,41,26,16,6,17963898,Nurture / Mid-Market,Manufacturing & Auto,North America,Cloud & Infrastructure Transformation,Digital Inbound,Strategic Account Penetration,2993983,57
TCS-CMP-00121,OmniCommerce Edge - Cyber,Google Search,2026-05-05,2026-05,39420,87941,3909,221,127,53,25,16,4,24238064,Enterprise High-Value,Healthcare & Life Sciences,APAC & Australia,Cyber Defense & Risk Governance,Digital Inbound,Executive Engagement,6059516,132
TCS-CMP-00122,Zero Trust Enterprise - BFSI,Executive Events & Roundtables,2026-08-13,2026-08,83601,76797,1197,169,101,42,20,9,2,29720528,Enterprise High-Value,Energy & Utilities,India & Middle East,BFSI Core Modernization,Experiential,Brand Authority & MQLs,14860264,183
TCS-CMP-00123,Cognitive Ops 2.0 - Cloud,Account-Based Email,2026-05-13,2026-05,27176,84296,4242,366,266,154,101,70,21,166875996,Enterprise High-Value,Energy & Utilities,APAC & Australia,Cloud & Infrastructure Transformation,Outbound ABM,Brand Authority & MQLs,7946476,177
TCS-CMP-00124,Life Sciences DataHub - Cloud,LinkedIn Enterprise,2026-04-14,2026-04,26567,75822,2360,189,102,44,27,19,7,24040037,Nurture / Mid-Market,Manufacturing & Auto,India & Middle East,Cloud & Infrastructure Transformation,Digital Inbound,Strategic Account Penetration,3434291,93
TCS-CMP-00125,BFSI Resiliency - Cloud,Tech Analyst Webinars,2025-11-04,2025-11,32213,65531,1606,115,56,19,9,6,2,10545438,Enterprise High-Value,Telecom & Media,North America,Cloud & Infrastructure Transformation,Digital Inbound,Executive Engagement,5272719,185
TCS-CMP-00126,CyberShield 360 - Cyber,Industry Display & Media,2026-05-10,2026-05,18511,87876,713,31,14,4,2,1,0,0,Emerging Tier / High-CAC,Retail & CPG,Europe & UK,Cyber Defense & Risk Governance,Digital Inbound,Brand Authority & MQLs,1117538,80
TCS-CMP-00127,BFSI Resiliency - Retail,Google Search,2025-10-14,2025-10,73897,99135,4177,255,123,44,27,18,7,16600612,Nurture / Mid-Market,Retail & CPG,Nordics & Benelux,Retail Omnichannel & Supply Chain,Digital Inbound,Pipeline Generation,2371516,93
TCS-CMP-00128,SAP S/4 Hana Accelerated - Cyber,Account-Based Email,2026-02-08,2026-02,10428,19774,1010,92,58,34,22,14,7,66700221,Enterprise High-Value,Banking & Capital Markets,Europe & UK,Cyber Defense & Risk Governance,Outbound ABM,Strategic Account Penetration,9528603,197
TCS-CMP-00129,GenAI Catalyst - Retail,LinkedIn Enterprise,2026-01-10,2026-01,43015,75594,1823,136,79,39,22,14,5,54700505,Enterprise High-Value,Retail & CPG,Nordics & Benelux,Retail Omnichannel & Supply Chain,Digital Inbound,Strategic Account Penetration,10940101,94
TCS-CMP-00130,NextGen CX - BFSI,Industry Display & Media,2025-12-21,2025-12,43781,304441,3256,97,33,10,4,2,0,0,Strategic Growth Accounts,Manufacturing & Auto,APAC & Australia,BFSI Core Modernization,Digital Inbound,Brand Authority & MQLs,3147412,63
TCS-CMP-00131,CyberShield 360 - Cloud,Tech Analyst Webinars,2026-04-10,2026-04,33965,50130,1237,75,46,15,9,6,2,8465028,Strategic Growth Accounts,Energy & Utilities,Europe & UK,Cloud & Infrastructure Transformation,Digital Inbound,Strategic Account Penetration,4232514,140
TCS-CMP-00132,Sustainable Tech Suite - Retail,Account-Based Email,2026-03-13,2026-03,8131,15223,525,54,33,16,10,9,3,30897726,Enterprise High-Value,Energy & Utilities,North America,Retail Omnichannel & Supply Chain,Outbound ABM,Brand Authority & MQLs,10299242,192
TCS-CMP-00133,Global Horizon - Cyber,Executive Events & Roundtables,2026-05-21,2026-05,118372,123343,1876,274,229,95,46,24,9,143293518,Enterprise High-Value,Energy & Utilities,Europe & UK,Cyber Defense & Risk Governance,Experiential,Strategic Account Penetration,15921502,105
TCS-CMP-00134,OmniCommerce Edge - Healthcare,Tech Analyst Webinars,2026-09-26,2026-09,31116,70162,1760,132,70,27,14,9,3,13078983,Strategic Growth Accounts,Healthcare & Life Sciences,APAC & Australia,Healthcare & Life Sciences Digital Labs,Digital Inbound,Strategic Account Penetration,4359661,129
TCS-CMP-00135,BFSI Resiliency - Cyber,Account-Based Email,2026-02-23,2026-02,8948,19485,840,71,40,22,16,14,7,55786388,Enterprise High-Value,Manufacturing & Auto,Nordics & Benelux,Cyber Defense & Risk Governance,Outbound ABM,Brand Authority & MQLs,7969484,87
TCS-CMP-00136,Life Sciences DataHub - Healthcare,Industry Display & Media,2026-03-12,2026-03,15629,103035,859,25,9,3,1,1,0,0,Strategic Growth Accounts,Manufacturing & Auto,India & Middle East,Healthcare & Life Sciences Digital Labs,Digital Inbound,Executive Engagement,3359287,125
TCS-CMP-00137,SAP S/4 Hana Accelerated - Healthcare,Google Search,2026-03-01,2026-03,35415,65367,2602,173,99,38,25,17,5,31375690,Enterprise High-Value,Retail & CPG,Nordics & Benelux,Healthcare & Life Sciences Digital Labs,Digital Inbound,Pipeline Generation,6275138,74
TCS-CMP-00138,NextGen CX - Cognitive,LinkedIn Enterprise,2025-11-24,2025-11,46614,108602,2671,229,163,85,48,37,18,65420316,Nurture / Mid-Market,Energy & Utilities,APAC & Australia,Cognitive AI & Enterprise Automation,Digital Inbound,Strategic Account Penetration,3634462,129
TCS-CMP-00139,OmniCommerce Edge - Retail,Account-Based Email,2026-04-26,2026-04,11520,21050,746,49,32,18,14,12,4,15154060,Nurture / Mid-Market,Healthcare & Life Sciences,India & Middle East,Retail Omnichannel & Supply Chain,Outbound ABM,Strategic Account Penetration,3788515,136
TCS-CMP-00140,Q1 Cloud Scale - Cyber,Google Search,2026-06-15,2026-06,66495,132032,4968,399,200,88,55,40,10,16476610,Emerging Tier / High-CAC,Healthcare & Life Sciences,Nordics & Benelux,Cyber Defense & Risk Governance,Digital Inbound,Strategic Account Penetration,1647661,104
TCS-CMP-00141,CyberShield 360 - BFSI,Account-Based Email,2026-04-10,2026-04,26963,78276,2643,171,101,60,37,29,15,56394705,Nurture / Mid-Market,Healthcare & Life Sciences,Nordics & Benelux,BFSI Core Modernization,Outbound ABM,Brand Authority & MQLs,3759647,81
TCS-CMP-00142,OmniCommerce Edge - Healthcare,Executive Events & Roundtables,2025-10-28,2025-10,66899,47591,731,109,64,24,12,7,2,33424932,Enterprise High-Value,Healthcare & Life Sciences,Nordics & Benelux,Healthcare & Life Sciences Digital Labs,Experiential,Executive Engagement,16712466,84
TCS-CMP-00143,Zero Trust Enterprise - Cyber,Google Search,2025-11-06,2025-11,28440,84079,3704,227,125,57,29,21,8,22805976,Nurture / Mid-Market,Manufacturing & Auto,Nordics & Benelux,Cyber Defense & Risk Governance,Digital Inbound,Strategic Account Penetration,2850747,116
TCS-CMP-00144,BFSI Resiliency - Cyber,Account-Based Email,2025-10-13,2025-10,15687,27219,1396,99,59,37,27,17,8,51983304,Strategic Growth Accounts,Healthcare & Life Sciences,India & Middle East,Cyber Defense & Risk Governance,Outbound ABM,Pipeline Generation,6497913,84
TCS-CMP-00145,GenAI Catalyst - Healthcare,Tech Analyst Webinars,2026-03-16,2026-03,33571,67011,1584,87,41,18,11,6,1,1132580,Emerging Tier / High-CAC,Retail & CPG,North America,Healthcare & Life Sciences Digital Labs,Digital Inbound,Strategic Account Penetration,1132580,119
TCS-CMP-00146,NextGen CX - Retail,LinkedIn Enterprise,2026-03-15,2026-03,19503,44354,1133,122,68,37,22,18,7,41141940,Strategic Growth Accounts,Healthcare & Life Sciences,India & Middle East,Retail Omnichannel & Supply Chain,Digital Inbound,Strategic Account Penetration,5877420,111
TCS-CMP-00147,Sustainable Tech Suite - Cloud,Google Search,2026-08-20,2026-08,24767,37307,1512,135,84,37,20,11,3,8496222,Nurture / Mid-Market,Retail & CPG,India & Middle East,Cloud & Infrastructure Transformation,Digital Inbound,Strategic Account Penetration,2832074,113
TCS-CMP-00148,Zero Trust Enterprise - Retail,Executive Events & Roundtables,2026-01-07,2026-01,112270,77317,945,122,91,27,12,6,2,36016382,Enterprise High-Value,Telecom & Media,APAC & Australia,Retail Omnichannel & Supply Chain,Experiential,Strategic Account Penetration,18008191,184
TCS-CMP-00149,Sustainable Tech Suite - Cyber,Account-Based Email,2026-07-22,2026-07,26737,91005,3161,209,150,93,59,39,16,92417328,Strategic Growth Accounts,Manufacturing & Auto,North America,Cyber Defense & Risk Governance,Outbound ABM,Pipeline Generation,5776083,132
TCS-CMP-00150,Zero Trust Enterprise - BFSI,Tech Analyst Webinars,2026-06-13,2026-06,23739,66238,1523,109,66,23,10,5,2,7452234,Strategic Growth Accounts,Manufacturing & Auto,Nordics & Benelux,BFSI Core Modernization,Digital Inbound,Pipeline Generation,3726117,127
TCS-CMP-00151,Life Sciences DataHub - Cognitive,LinkedIn Enterprise,2026-02-02,2026-02,60782,187986,5407,376,229,129,71,47,20,74069780,Nurture / Mid-Market,Telecom & Media,APAC & Australia,Cognitive AI & Enterprise Automation,Digital Inbound,Executive Engagement,3703489,96
TCS-CMP-00152,Zero Trust Enterprise - Cognitive,Google Search,2025-12-27,2025-12,62923,151227,6407,381,229,87,46,27,6,25464036,Strategic Growth Accounts,Manufacturing & Auto,North America,Cognitive AI & Enterprise Automation,Digital Inbound,Pipeline Generation,4244006,74
TCS-CMP-00153,Global Horizon - Cognitive,Tech Analyst Webinars,2026-03-17,2026-03,31039,39174,1027,66,29,13,7,4,1,4332721,Strategic Growth Accounts,Healthcare & Life Sciences,North America,Cognitive AI & Enterprise Automation,Digital Inbound,Strategic Account Penetration,4332721,75
TCS-CMP-00154,GenAI Catalyst - Cyber,Google Search,2026-06-25,2026-06,72412,122166,3930,343,235,106,63,48,12,46544940,Strategic Growth Accounts,Healthcare & Life Sciences,North America,Cyber Defense & Risk Governance,Digital Inbound,Strategic Account Penetration,3878745,109
TCS-CMP-00155,NextGen CX - Healthcare,LinkedIn Enterprise,2025-12-01,2025-12,37538,99111,2237,247,164,85,59,44,20,129633220,Strategic Growth Accounts,Energy & Utilities,Europe & UK,Healthcare & Life Sciences Digital Labs,Digital Inbound,Executive Engagement,6481661,58
TCS-CMP-00156,Zero Trust Enterprise - Healthcare,Executive Events & Roundtables,2026-06-07,2026-06,106290,83048,1498,199,143,42,18,9,2,31184170,Enterprise High-Value,Healthcare & Life Sciences,Europe & UK,Healthcare & Life Sciences Digital Labs,Experiential,Brand Authority & MQLs,15592085,87
TCS-CMP-00157,Sustainable Tech Suite - Healthcare,Industry Display & Media,2026-05-28,2026-05,49458,386498,3474,121,54,17,6,3,1,3475879,Strategic Growth Accounts,Telecom & Media,India & Middle East,Healthcare & Life Sciences Digital Labs,Digital Inbound,Brand Authority & MQLs,3475879,80
TCS-CMP-00158,Q1 Cloud Scale - Cyber,Industry Display & Media,2026-06-24,2026-06,36311,256887,2689,105,48,14,5,2,0,0,Nurture / Mid-Market,Manufacturing & Auto,APAC & Australia,Cyber Defense & Risk Governance,Digital Inbound,Strategic Account Penetration,2119141,80
TCS-CMP-00159,CyberShield 360 - BFSI,Account-Based Email,2026-01-17,2026-01,16771,31231,1486,125,84,43,27,17,6,10151652,Emerging Tier / High-CAC,Banking & Capital Markets,APAC & Australia,BFSI Core Modernization,Outbound ABM,Brand Authority & MQLs,1691942,76
TCS-CMP-00160,CyberShield 360 - Retail,Executive Events & Roundtables,2026-06-12,2026-06,110895,68024,1128,135,107,43,17,9,2,18556090,Strategic Growth Accounts,Banking & Capital Markets,APAC & Australia,Retail Omnichannel & Supply Chain,Experiential,Executive Engagement,9278045,53
TCS-CMP-00161,CyberShield 360 - BFSI,Executive Events & Roundtables,2026-03-04,2026-03,129412,170008,2814,270,215,87,41,22,7,118776749,Enterprise High-Value,Retail & CPG,APAC & Australia,BFSI Core Modernization,Experiential,Executive Engagement,16968107,193
TCS-CMP-00162,Sustainable Tech Suite - Cloud,Industry Display & Media,2026-04-27,2026-04,31128,134016,991,30,14,4,2,1,0,0,Strategic Growth Accounts,Retail & CPG,India & Middle East,Cloud & Infrastructure Transformation,Digital Inbound,Pipeline Generation,3291007,54
TCS-CMP-00163,SAP S/4 Hana Accelerated - BFSI,Account-Based Email,2025-12-12,2025-12,18911,35215,1762,131,85,39,23,19,10,31978630,Nurture / Mid-Market,Banking & Capital Markets,Europe & UK,BFSI Core Modernization,Outbound ABM,Executive Engagement,3197863,93
TCS-CMP-00164,Life Sciences DataHub - Cognitive,Account-Based Email,2025-12-12,2025-12,10054,17549,720,65,51,26,14,9,4,8147448,Emerging Tier / High-CAC,Retail & CPG,Nordics & Benelux,Cognitive AI & Enterprise Automation,Outbound ABM,Executive Engagement,2036862,65
TCS-CMP-00165,NextGen CX - Cyber,LinkedIn Enterprise,2026-02-21,2026-02,44143,86818,2267,192,104,58,35,27,9,38084661,Nurture / Mid-Market,Healthcare & Life Sciences,North America,Cyber Defense & Risk Governance,Digital Inbound,Strategic Account Penetration,4231629,137
TCS-CMP-00166,Sustainable Tech Suite - Healthcare,LinkedIn Enterprise,2026-01-27,2026-01,63558,104287,2669,221,131,62,37,32,11,63777340,Strategic Growth Accounts,Telecom & Media,Nordics & Benelux,Healthcare & Life Sciences Digital Labs,Digital Inbound,Executive Engagement,5797940,61
TCS-CMP-00167,NextGen CX - Retail,Executive Events & Roundtables,2026-06-05,2026-06,63912,61644,865,120,86,34,17,9,3,20450190,Nurture / Mid-Market,Retail & CPG,APAC & Australia,Retail Omnichannel & Supply Chain,Experiential,Pipeline Generation,6816730,140
TCS-CMP-00168,Sustainable Tech Suite - Healthcare,LinkedIn Enterprise,2026-09-12,2026-09,45209,72914,1895,170,101,47,27,17,5,17858525,Nurture / Mid-Market,Retail & CPG,Nordics & Benelux,Healthcare & Life Sciences Digital Labs,Digital Inbound,Strategic Account Penetration,3571705,143
TCS-CMP-00169,Q1 Cloud Scale - Cloud,Tech Analyst Webinars,2025-10-27,2025-10,34957,81881,1892,149,68,31,18,9,2,4786610,Nurture / Mid-Market,Banking & Capital Markets,North America,Cloud & Infrastructure Transformation,Digital Inbound,Strategic Account Penetration,2393305,125
TCS-CMP-00170,Global Horizon - Cloud,Google Search,2026-03-11,2026-03,62489,79725,3082,224,125,63,31,18,7,21342125,Nurture / Mid-Market,Telecom & Media,Nordics & Benelux,Cloud & Infrastructure Transformation,Digital Inbound,Strategic Account Penetration,3048875,135
TCS-CMP-00171,SAP S/4 Hana Accelerated - BFSI,Google Search,2026-07-27,2026-07,66647,101686,3156,198,126,61,40,23,8,23699864,Nurture / Mid-Market,Retail & CPG,APAC & Australia,BFSI Core Modernization,Digital Inbound,Strategic Account Penetration,2962483,89
TCS-CMP-00172,SAP S/4 Hana Accelerated - Healthcare,Industry Display & Media,2026-09-21,2026-09,23787,169275,1428,40,18,5,2,1,0,0,Emerging Tier / High-CAC,Healthcare & Life Sciences,India & Middle East,Healthcare & Life Sciences Digital Labs,Digital Inbound,Brand Authority & MQLs,1000819,108
TCS-CMP-00173,Life Sciences DataHub - Cognitive,LinkedIn Enterprise,2026-05-27,2026-05,30571,58639,1739,122,82,41,28,21,10,96466290,Enterprise High-Value,Retail & CPG,APAC & Australia,Cognitive AI & Enterprise Automation,Digital Inbound,Strategic Account Penetration,9646629,171
TCS-CMP-00174,Life Sciences DataHub - Healthcare,Industry Display & Media,2026-05-15,2026-05,20803,108241,1115,34,16,4,2,1,0,0,Emerging Tier / High-CAC,Energy & Utilities,Europe & UK,Healthcare & Life Sciences Digital Labs,Digital Inbound,Strategic Account Penetration,1251433,76
TCS-CMP-00175,Q1 Cloud Scale - Retail,Account-Based Email,2026-02-04,2026-02,23190,33729,1624,145,93,50,28,24,13,109826262,Enterprise High-Value,Healthcare & Life Sciences,India & Middle East,Retail Omnichannel & Supply Chain,Outbound ABM,Brand Authority & MQLs,8448174,188
TCS-CMP-00176,BFSI Resiliency - Retail,Industry Display & Media,2025-11-04,2025-11,47151,278428,2995,124,50,15,6,3,1,1852514,Nurture / Mid-Market,Energy & Utilities,APAC & Australia,Retail Omnichannel & Supply Chain,Digital Inbound,Executive Engagement,1852514,79
TCS-CMP-00177,Life Sciences DataHub - Cognitive,Account-Based Email,2025-11-13,2025-11,19592,26664,1240,107,75,34,22,17,6,12600558,Emerging Tier / High-CAC,Banking & Capital Markets,Nordics & Benelux,Cognitive AI & Enterprise Automation,Outbound ABM,Executive Engagement,2100093,81
TCS-CMP-00178,Life Sciences DataHub - Cyber,Account-Based Email,2025-10-13,2025-10,20067,45679,2017,203,166,87,49,34,17,34251039,Emerging Tier / High-CAC,Telecom & Media,Nordics & Benelux,Cyber Defense & Risk Governance,Outbound ABM,Executive Engagement,2014767,77
TCS-CMP-00179,BFSI Resiliency - Cyber,Industry Display & Media,2026-08-11,2026-08,29250,222033,2250,62,31,7,2,1,0,0,Emerging Tier / High-CAC,Banking & Capital Markets,India & Middle East,Cyber Defense & Risk Governance,Digital Inbound,Pipeline Generation,1050336,50
TCS-CMP-00180,GenAI Catalyst - Cloud,Tech Analyst Webinars,2026-03-22,2026-03,13605,27005,679,51,23,7,4,2,0,0,Strategic Growth Accounts,Energy & Utilities,Europe & UK,Cloud & Infrastructure Transformation,Digital Inbound,Brand Authority & MQLs,3989006,122
TCS-CMP-00181,NextGen CX - Healthcare,Account-Based Email,2026-04-08,2026-04,27546,46115,1835,126,72,34,25,18,6,10281486,Emerging Tier / High-CAC,Manufacturing & Auto,Europe & UK,Healthcare & Life Sciences Digital Labs,Outbound ABM,Executive Engagement,1713581,69
TCS-CMP-00182,NextGen CX - Cyber,LinkedIn Enterprise,2026-02-16,2026-02,25119,47633,1207,101,78,36,20,14,4,8434388,Emerging Tier / High-CAC,Healthcare & Life Sciences,APAC & Australia,Cyber Defense & Risk Governance,Digital Inbound,Brand Authority & MQLs,2108597,107
TCS-CMP-00183,BFSI Resiliency - Cyber,Google Search,2026-03-07,2026-03,39651,64755,2533,212,118,46,23,17,6,14341878,Nurture / Mid-Market,Retail & CPG,North America,Cyber Defense & Risk Governance,Digital Inbound,Executive Engagement,2390313,92
TCS-CMP-00184,Life Sciences DataHub - Cloud,Tech Analyst Webinars,2026-02-01,2026-02,36501,95269,1823,123,61,22,11,7,2,8351638,Strategic Growth Accounts,Energy & Utilities,APAC & Australia,Cloud & Infrastructure Transformation,Digital Inbound,Pipeline Generation,4175819,130
TCS-CMP-00185,Q1 Cloud Scale - Cyber,Industry Display & Media,2026-06-09,2026-06,48021,377799,3014,115,47,14,5,3,1,2800887,Strategic Growth Accounts,Healthcare & Life Sciences,Europe & UK,Cyber Defense & Risk Governance,Digital Inbound,Strategic Account Penetration,2800887,64
TCS-CMP-00186,Global Horizon - Healthcare,Industry Display & Media,2026-09-12,2026-09,31407,232104,2253,83,30,9,3,2,1,1711468,Nurture / Mid-Market,Healthcare & Life Sciences,North America,Healthcare & Life Sciences Digital Labs,Digital Inbound,Strategic Account Penetration,1711468,80
TCS-CMP-00187,Cognitive Ops 2.0 - Cyber,Tech Analyst Webinars,2026-03-25,2026-03,25485,47546,1075,81,34,12,7,5,1,1388980,Emerging Tier / High-CAC,Telecom & Media,India & Middle East,Cyber Defense & Risk Governance,Digital Inbound,Executive Engagement,1388980,51
TCS-CMP-00188,OmniCommerce Edge - Cognitive,LinkedIn Enterprise,2026-03-02,2026-03,61110,115486,3662,291,163,82,59,50,20,47886100,Emerging Tier / High-CAC,Retail & CPG,Nordics & Benelux,Cognitive AI & Enterprise Automation,Digital Inbound,Executive Engagement,2394305,112
TCS-CMP-00189,Global Horizon - BFSI,Account-Based Email,2025-11-22,2025-11,14642,29118,1135,77,49,22,12,9,5,10422765,Emerging Tier / High-CAC,Manufacturing & Auto,North America,BFSI Core Modernization,Outbound ABM,Pipeline Generation,2084553,107
TCS-CMP-00190,Zero Trust Enterprise - Healthcare,LinkedIn Enterprise,2026-03-03,2026-03,63746,89438,2805,191,129,75,40,33,15,100415085,Strategic Growth Accounts,Healthcare & Life Sciences,APAC & Australia,Healthcare & Life Sciences Digital Labs,Digital Inbound,Strategic Account Penetration,6694339,141
TCS-CMP-00191,CyberShield 360 - Cognitive,Google Search,2025-10-28,2025-10,58265,86310,3621,285,152,66,32,17,7,17594766,Nurture / Mid-Market,Retail & CPG,APAC & Australia,Cognitive AI & Enterprise Automation,Digital Inbound,Strategic Account Penetration,2513538,144
TCS-CMP-00192,GenAI Catalyst - Cloud,Google Search,2025-11-05,2025-11,33155,48826,2267,212,126,66,35,25,6,22865628,Strategic Growth Accounts,Manufacturing & Auto,North America,Cloud & Infrastructure Transformation,Digital Inbound,Strategic Account Penetration,3810938,69
TCS-CMP-00193,Cognitive Ops 2.0 - Cyber,Google Search,2025-12-05,2025-12,26569,74936,2846,219,127,47,25,18,4,16760908,Strategic Growth Accounts,Energy & Utilities,India & Middle East,Cyber Defense & Risk Governance,Digital Inbound,Pipeline Generation,4190227,91
TCS-CMP-00194,Global Horizon - Cloud,Industry Display & Media,2026-01-16,2026-01,30513,180095,1922,72,30,8,4,2,0,0,Strategic Growth Accounts,Manufacturing & Auto,Nordics & Benelux,Cloud & Infrastructure Transformation,Digital Inbound,Brand Authority & MQLs,3567596,47
TCS-CMP-00195,OmniCommerce Edge - Cyber,Tech Analyst Webinars,2026-01-26,2026-01,36647,113216,2443,153,71,23,12,7,2,10358788,Enterprise High-Value,Banking & Capital Markets,Nordics & Benelux,Cyber Defense & Risk Governance,Digital Inbound,Strategic Account Penetration,5179394,164
TCS-CMP-00196,GenAI Catalyst - BFSI,Industry Display & Media,2026-02-28,2026-02,28267,139557,1250,35,15,3,1,0,0,0,Emerging Tier / High-CAC,Healthcare & Life Sciences,Europe & UK,BFSI Core Modernization,Digital Inbound,Strategic Account Penetration,1133470,121
TCS-CMP-00197,BFSI Resiliency - Cognitive,Tech Analyst Webinars,2025-12-21,2025-12,22655,45194,965,67,30,11,6,3,1,1303993,Emerging Tier / High-CAC,Banking & Capital Markets,APAC & Australia,Cognitive AI & Enterprise Automation,Digital Inbound,Executive Engagement,1303993,135
TCS-CMP-00198,NextGen CX - Cloud,Executive Events & Roundtables,2025-11-28,2025-11,100007,68058,1044,122,92,34,15,9,2,6429956,Emerging Tier / High-CAC,Healthcare & Life Sciences,Europe & UK,Cloud & Infrastructure Transformation,Experiential,Strategic Account Penetration,3214978,136
TCS-CMP-00199,OmniCommerce Edge - BFSI,Google Search,2026-03-04,2026-03,41063,66155,2935,228,118,55,36,25,6,15337686,Nurture / Mid-Market,Healthcare & Life Sciences,India & Middle East,BFSI Core Modernization,Digital Inbound,Pipeline Generation,2556281,109
TCS-CMP-00200,SAP S/4 Hana Accelerated - BFSI,Google Search,2026-09-25,2026-09,63542,215560,8374,694,475,246,133,83,20,151293440,Enterprise High-Value,Energy & Utilities,India & Middle East,BFSI Core Modernization,Digital Inbound,Executive Engagement,7564672,147
TCS-CMP-00201,BFSI Resiliency - Retail,Tech Analyst Webinars,2026-04-10,2026-04,13882,31101,832,49,23,8,4,3,1,6347735,Enterprise High-Value,Telecom & Media,India & Middle East,Retail Omnichannel & Supply Chain,Digital Inbound,Strategic Account Penetration,6347735,150
TCS-CMP-00202,Zero Trust Enterprise - Cognitive,Industry Display & Media,2026-04-18,2026-04,24799,163256,1181,35,14,4,2,1,0,0,Enterprise High-Value,Energy & Utilities,North America,Cognitive AI & Enterprise Automation,Digital Inbound,Executive Engagement,5252910,168
TCS-CMP-00203,BFSI Resiliency - Healthcare,Account-Based Email,2026-01-15,2026-01,20636,39296,1682,173,96,47,30,25,12,21332628,Emerging Tier / High-CAC,Energy & Utilities,Nordics & Benelux,Healthcare & Life Sciences Digital Labs,Outbound ABM,Brand Authority & MQLs,1777719,104
TCS-CMP-00204,CyberShield 360 - Cloud,Tech Analyst Webinars,2026-08-26,2026-08,28571,66196,1476,112,54,22,9,5,2,10648018,Enterprise High-Value,Energy & Utilities,Nordics & Benelux,Cloud & Infrastructure Transformation,Digital Inbound,Pipeline Generation,5324009,185
TCS-CMP-00205,Cognitive Ops 2.0 - Retail,Tech Analyst Webinars,2026-03-01,2026-03,14988,36961,999,61,34,16,8,6,2,2801072,Emerging Tier / High-CAC,Telecom & Media,India & Middle East,Retail Omnichannel & Supply Chain,Digital Inbound,Executive Engagement,1400536,70
TCS-CMP-00206,BFSI Resiliency - Cyber,Industry Display & Media,2025-10-23,2025-10,44466,206883,1907,55,20,6,3,2,0,0,Emerging Tier / High-CAC,Banking & Capital Markets,APAC & Australia,Cyber Defense & Risk Governance,Digital Inbound,Pipeline Generation,1195546,69
TCS-CMP-00207,GenAI Catalyst - Healthcare,LinkedIn Enterprise,2026-03-24,2026-03,36187,67253,1678,118,67,41,30,23,11,37359179,Nurture / Mid-Market,Energy & Utilities,Europe & UK,Healthcare & Life Sciences Digital Labs,Digital Inbound,Brand Authority & MQLs,3396289,72
TCS-CMP-00208,BFSI Resiliency - Retail,Tech Analyst Webinars,2026-08-15,2026-08,20747,65732,1221,61,34,14,7,4,1,5255454,Enterprise High-Value,Banking & Capital Markets,APAC & Australia,Retail Omnichannel & Supply Chain,Digital Inbound,Pipeline Generation,5255454,133
TCS-CMP-00209,OmniCommerce Edge - Cyber,Google Search,2026-06-06,2026-06,39280,91565,3458,230,148,64,39,23,9,58549392,Enterprise High-Value,Retail & CPG,Nordics & Benelux,Cyber Defense & Risk Governance,Digital Inbound,Executive Engagement,6505488,153
TCS-CMP-00210,Life Sciences DataHub - BFSI,Industry Display & Media,2026-04-20,2026-04,27334,133064,1385,40,20,6,2,1,0,0,Strategic Growth Accounts,Manufacturing & Auto,APAC & Australia,BFSI Core Modernization,Digital Inbound,Pipeline Generation,3465118,74
TCS-CMP-00211,CyberShield 360 - BFSI,LinkedIn Enterprise,2026-05-08,2026-05,58219,109068,2328,238,180,111,79,52,25,148753725,Strategic Growth Accounts,Banking & Capital Markets,Nordics & Benelux,BFSI Core Modernization,Digital Inbound,Executive Engagement,5950149,133
TCS-CMP-00212,Global Horizon - Cloud,Google Search,2025-10-10,2025-10,28527,58386,1809,151,96,34,18,12,4,17149836,Strategic Growth Accounts,Manufacturing & Auto,Europe & UK,Cloud & Infrastructure Transformation,Digital Inbound,Brand Authority & MQLs,4287459,134
TCS-CMP-00213,CyberShield 360 - Retail,Executive Events & Roundtables,2025-12-25,2025-12,92737,103211,1459,142,119,48,22,12,3,42390546,Enterprise High-Value,Retail & CPG,India & Middle East,Retail Omnichannel & Supply Chain,Experiential,Pipeline Generation,14130182,183
TCS-CMP-00214,OmniCommerce Edge - Cloud,Industry Display & Media,2026-07-23,2026-07,15186,75730,816,27,9,2,1,0,0,0,Nurture / Mid-Market,Energy & Utilities,India & Middle East,Cloud & Infrastructure Transformation,Digital Inbound,Strategic Account Penetration,1916633,142
TCS-CMP-00215,GenAI Catalyst - BFSI,Account-Based Email,2026-06-18,2026-06,24587,47004,1785,144,92,59,43,28,14,56135002,Nurture / Mid-Market,Retail & CPG,Europe & UK,BFSI Core Modernization,Outbound ABM,Brand Authority & MQLs,4009643,131
TCS-CMP-00216,Sustainable Tech Suite - Cyber,Executive Events & Roundtables,2026-03-20,2026-03,94283,126328,2319,322,261,102,51,24,6,57454092,Strategic Growth Accounts,Manufacturing & Auto,Nordics & Benelux,Cyber Defense & Risk Governance,Experiential,Strategic Account Penetration,9575682,77
TCS-CMP-00217,Global Horizon - Retail,LinkedIn Enterprise,2026-08-23,2026-08,24542,66780,1542,130,71,32,20,15,6,35316828,Strategic Growth Accounts,Retail & CPG,APAC & Australia,Retail Omnichannel & Supply Chain,Digital Inbound,Pipeline Generation,5886138,79
TCS-CMP-00218,Zero Trust Enterprise - Cognitive,Tech Analyst Webinars,2026-02-01,2026-02,26033,50554,1009,71,37,16,9,5,2,4789004,Nurture / Mid-Market,Telecom & Media,North America,Cognitive AI & Enterprise Automation,Digital Inbound,Strategic Account Penetration,2394502,68
TCS-CMP-00219,Life Sciences DataHub - Cyber,Google Search,2025-11-16,2025-11,43566,67320,2744,209,97,40,25,18,6,8205294,Emerging Tier / High-CAC,Telecom & Media,North America,Cyber Defense & Risk Governance,Digital Inbound,Strategic Account Penetration,1367549,63
TCS-CMP-00220,Q1 Cloud Scale - Retail,Tech Analyst Webinars,2026-04-26,2026-04,23365,31408,699,43,21,8,4,3,1,1525745,Emerging Tier / High-CAC,Healthcare & Life Sciences,Europe & UK,Retail Omnichannel & Supply Chain,Digital Inbound,Pipeline Generation,1525745,72
TCS-CMP-00221,Zero Trust Enterprise - Cyber,Executive Events & Roundtables,2026-04-02,2026-04,109901,135748,2171,262,208,71,32,15,4,21860376,Nurture / Mid-Market,Telecom & Media,India & Middle East,Cyber Defense & Risk Governance,Experiential,Pipeline Generation,5465094,61
TCS-CMP-00222,NextGen CX - Cognitive,Account-Based Email,2025-11-23,2025-11,18917,26941,1062,106,62,36,27,24,10,84448600,Enterprise High-Value,Healthcare & Life Sciences,Europe & UK,Cognitive AI & Enterprise Automation,Outbound ABM,Strategic Account Penetration,8444860,205
TCS-CMP-00223,SAP S/4 Hana Accelerated - Retail,Google Search,2026-07-26,2026-07,43055,101315,3710,303,155,78,47,27,9,36058608,Strategic Growth Accounts,Healthcare & Life Sciences,Europe & UK,Retail Omnichannel & Supply Chain,Digital Inbound,Pipeline Generation,4006512,47
TCS-CMP-00224,Sustainable Tech Suite - Cyber,Account-Based Email,2026-06-11,2026-06,27270,34448,1758,151,101,53,33,25,8,25035968,Nurture / Mid-Market,Healthcare & Life Sciences,APAC & Australia,Cyber Defense & Risk Governance,Outbound ABM,Brand Authority & MQLs,3129496,131
TCS-CMP-00225,CyberShield 360 - Retail,Industry Display & Media,2026-02-20,2026-02,48656,213079,1767,74,32,8,3,1,0,0,Strategic Growth Accounts,Healthcare & Life Sciences,Europe & UK,Retail Omnichannel & Supply Chain,Digital Inbound,Strategic Account Penetration,3297868,115
TCS-CMP-00226,OmniCommerce Edge - Cyber,Account-Based Email,2026-05-22,2026-05,24868,41202,1903,180,99,55,35,29,11,43727112,Nurture / Mid-Market,Energy & Utilities,Europe & UK,Cyber Defense & Risk Governance,Outbound ABM,Executive Engagement,3975192,100
TCS-CMP-00227,Q1 Cloud Scale - Cognitive,Account-Based Email,2026-07-02,2026-07,27060,49924,2251,238,148,67,39,29,14,110922840,Enterprise High-Value,Telecom & Media,India & Middle East,Cognitive AI & Enterprise Automation,Outbound ABM,Pipeline Generation,7923060,206
TCS-CMP-00228,Life Sciences DataHub - BFSI,Tech Analyst Webinars,2026-06-19,2026-06,14832,43919,997,70,43,16,9,6,2,11001268,Enterprise High-Value,Retail & CPG,APAC & Australia,BFSI Core Modernization,Digital Inbound,Executive Engagement,5500634,177
TCS-CMP-00229,Life Sciences DataHub - Cyber,Tech Analyst Webinars,2026-08-18,2026-08,35064,51943,1314,99,45,16,9,5,1,3469843,Strategic Growth Accounts,Manufacturing & Auto,North America,Cyber Defense & Risk Governance,Digital Inbound,Brand Authority & MQLs,3469843,87
TCS-CMP-00230,Life Sciences DataHub - Healthcare,LinkedIn Enterprise,2026-06-16,2026-06,47364,130433,3700,366,274,147,103,67,28,104772472,Nurture / Mid-Market,Energy & Utilities,Nordics & Benelux,Healthcare & Life Sciences Digital Labs,Digital Inbound,Strategic Account Penetration,3741874,61
TCS-CMP-00231,Zero Trust Enterprise - Cyber,Industry Display & Media,2026-07-16,2026-07,20096,157520,1631,66,28,9,4,2,0,0,Enterprise High-Value,Banking & Capital Markets,Europe & UK,Cyber Defense & Risk Governance,Digital Inbound,Executive Engagement,5677055,123
TCS-CMP-00232,CyberShield 360 - Retail,Industry Display & Media,2026-01-07,2026-01,18110,114232,887,38,18,6,3,1,0,0,Emerging Tier / High-CAC,Retail & CPG,APAC & Australia,Retail Omnichannel & Supply Chain,Digital Inbound,Strategic Account Penetration,971353,110
TCS-CMP-00233,OmniCommerce Edge - Retail,Executive Events & Roundtables,2026-04-12,2026-04,87357,59150,1076,108,82,26,12,7,2,33110166,Enterprise High-Value,Healthcare & Life Sciences,North America,Retail Omnichannel & Supply Chain,Experiential,Brand Authority & MQLs,16555083,206
TCS-CMP-00234,Life Sciences DataHub - BFSI,Industry Display & Media,2026-07-01,2026-07,29165,114816,1116,48,16,4,1,0,0,0,Emerging Tier / High-CAC,Telecom & Media,North America,BFSI Core Modernization,Digital Inbound,Brand Authority & MQLs,1069318,125
TCS-CMP-00235,NextGen CX - Cognitive,Tech Analyst Webinars,2026-04-17,2026-04,15582,23628,505,25,14,5,3,2,1,1161964,Emerging Tier / High-CAC,Banking & Capital Markets,India & Middle East,Cognitive AI & Enterprise Automation,Digital Inbound,Executive Engagement,1161964,107
TCS-CMP-00236,GenAI Catalyst - Cloud,LinkedIn Enterprise,2026-09-23,2026-09,62900,159001,3860,424,307,143,86,66,32,133957056,Nurture / Mid-Market,Healthcare & Life Sciences,Europe & UK,Cloud & Infrastructure Transformation,Digital Inbound,Pipeline Generation,4186158,90
TCS-CMP-00237,GenAI Catalyst - BFSI,Tech Analyst Webinars,2026-08-21,2026-08,21553,67054,1753,101,45,16,7,4,1,5512228,Enterprise High-Value,Manufacturing & Auto,APAC & Australia,BFSI Core Modernization,Digital Inbound,Pipeline Generation,5512228,187
TCS-CMP-00238,Q1 Cloud Scale - Cloud,Google Search,2026-03-08,2026-03,43814,83357,3549,283,134,54,32,21,6,25679820,Strategic Growth Accounts,Energy & Utilities,India & Middle East,Cloud & Infrastructure Transformation,Digital Inbound,Pipeline Generation,4279970,73
TCS-CMP-00239,Q1 Cloud Scale - Healthcare,Google Search,2026-03-21,2026-03,29700,69809,3106,197,102,49,26,17,6,23652720,Strategic Growth Accounts,Energy & Utilities,Nordics & Benelux,Healthcare & Life Sciences Digital Labs,Digital Inbound,Strategic Account Penetration,3942120,80
TCS-CMP-00240,Life Sciences DataHub - Cloud,Tech Analyst Webinars,2026-05-25,2026-05,23093,37676,717,51,27,9,5,3,1,1427440,Emerging Tier / High-CAC,Telecom & Media,APAC & Australia,Cloud & Infrastructure Transformation,Digital Inbound,Brand Authority & MQLs,1427440,89
TCS-CMP-00241,Sustainable Tech Suite - Cloud,Account-Based Email,2026-08-08,2026-08,12516,22884,1041,75,47,26,20,17,6,13386918,Emerging Tier / High-CAC,Telecom & Media,APAC & Australia,Cloud & Infrastructure Transformation,Outbound ABM,Strategic Account Penetration,2231153,98
TCS-CMP-00242,GenAI Catalyst - BFSI,Google Search,2026-07-24,2026-07,29736,43852,1703,157,93,44,23,14,6,7780128,Emerging Tier / High-CAC,Energy & Utilities,North America,BFSI Core Modernization,Digital Inbound,Pipeline Generation,1296688,55
TCS-CMP-00243,OmniCommerce Edge - Cyber,Executive Events & Roundtables,2026-02-25,2026-02,110800,132459,2231,219,169,68,28,15,3,33089307,Strategic Growth Accounts,Energy & Utilities,Europe & UK,Cyber Defense & Risk Governance,Experiential,Pipeline Generation,11029769,101
TCS-CMP-00244,GenAI Catalyst - Retail,LinkedIn Enterprise,2026-08-01,2026-08,62887,142209,4335,350,260,114,71,57,23,105956561,Nurture / Mid-Market,Telecom & Media,Europe & UK,Retail Omnichannel & Supply Chain,Digital Inbound,Executive Engagement,4606807,93
TCS-CMP-00245,Zero Trust Enterprise - BFSI,Account-Based Email,2026-04-12,2026-04,14791,26487,1265,82,60,28,17,13,6,45848622,Enterprise High-Value,Healthcare & Life Sciences,Nordics & Benelux,BFSI Core Modernization,Outbound ABM,Pipeline Generation,7641437,118
TCS-CMP-00246,Zero Trust Enterprise - Healthcare,Tech Analyst Webinars,2026-09-28,2026-09,18368,30612,668,45,27,11,5,3,1,1976222,Nurture / Mid-Market,Healthcare & Life Sciences,APAC & Australia,Healthcare & Life Sciences Digital Labs,Digital Inbound,Executive Engagement,1976222,84
TCS-CMP-00247,Cognitive Ops 2.0 - Healthcare,Account-Based Email,2026-01-25,2026-01,19020,28033,1104,98,63,29,21,18,9,17374302,Emerging Tier / High-CAC,Banking & Capital Markets,Europe & UK,Healthcare & Life Sciences Digital Labs,Outbound ABM,Brand Authority & MQLs,1930478,88
TCS-CMP-00248,CyberShield 360 - Cognitive,Tech Analyst Webinars,2026-05-11,2026-05,24795,40438,974,54,25,8,4,3,1,6485099,Enterprise High-Value,Healthcare & Life Sciences,Nordics & Benelux,Cognitive AI & Enterprise Automation,Digital Inbound,Brand Authority & MQLs,6485099,116
TCS-CMP-00249,SAP S/4 Hana Accelerated - Healthcare,LinkedIn Enterprise,2026-03-01,2026-03,51963,110815,2408,249,136,67,42,29,9,92265750,Enterprise High-Value,Energy & Utilities,Nordics & Benelux,Healthcare & Life Sciences Digital Labs,Digital Inbound,Strategic Account Penetration,10251750,160
TCS-CMP-00250,Zero Trust Enterprise - Healthcare,Tech Analyst Webinars,2026-02-20,2026-02,38538,54942,1170,57,24,9,4,2,1,1293063,Emerging Tier / High-CAC,Telecom & Media,Europe & UK,Healthcare & Life Sciences Digital Labs,Digital Inbound,Pipeline Generation,1293063,54
TCS-CMP-00251,OmniCommerce Edge - Retail,LinkedIn Enterprise,2026-04-17,2026-04,53680,115761,3304,310,223,118,62,45,18,198413280,Enterprise High-Value,Healthcare & Life Sciences,Nordics & Benelux,Retail Omnichannel & Supply Chain,Digital Inbound,Executive Engagement,11022960,162
TCS-CMP-00252,Zero Trust Enterprise - Healthcare,Account-Based Email,2026-06-17,2026-06,21653,53036,2678,242,158,72,45,36,19,190150803,Enterprise High-Value,Energy & Utilities,Europe & UK,Healthcare & Life Sciences Digital Labs,Outbound ABM,Executive Engagement,10007937,112
TCS-CMP-00253,GenAI Catalyst - Cloud,Industry Display & Media,2026-06-28,2026-06,34867,152198,1230,48,17,5,2,1,0,0,Strategic Growth Accounts,Healthcare & Life Sciences,APAC & Australia,Cloud & Infrastructure Transformation,Digital Inbound,Brand Authority & MQLs,3057716,79
TCS-CMP-00254,OmniCommerce Edge - Healthcare,Industry Display & Media,2026-04-25,2026-04,41954,316153,2748,87,35,10,4,2,0,0,Emerging Tier / High-CAC,Manufacturing & Auto,India & Middle East,Healthcare & Life Sciences Digital Labs,Digital Inbound,Pipeline Generation,1130165,60
TCS-CMP-00255,CyberShield 360 - Cyber,Industry Display & Media,2026-07-18,2026-07,49402,195535,1735,59,23,7,3,1,0,0,Nurture / Mid-Market,Manufacturing & Auto,Europe & UK,Cyber Defense & Risk Governance,Digital Inbound,Pipeline Generation,2120781,121
TCS-CMP-00256,Life Sciences DataHub - BFSI,LinkedIn Enterprise,2026-06-18,2026-06,37955,96505,2786,274,180,75,42,32,10,65762680,Strategic Growth Accounts,Banking & Capital Markets,Nordics & Benelux,BFSI Core Modernization,Digital Inbound,Brand Authority & MQLs,6576268,66
TCS-CMP-00257,NextGen CX - Cloud,LinkedIn Enterprise,2026-05-14,2026-05,24462,40846,1003,78,45,22,12,7,3,7731057,Emerging Tier / High-CAC,Healthcare & Life Sciences,APAC & Australia,Cloud & Infrastructure Transformation,Digital Inbound,Executive Engagement,2577019,143
TCS-CMP-00258,GenAI Catalyst - Healthcare,Account-Based Email,2026-03-13,2026-03,11944,36862,1531,129,71,34,25,21,11,19264003,Emerging Tier / High-CAC,Manufacturing & Auto,APAC & Australia,Healthcare & Life Sciences Digital Labs,Outbound ABM,Pipeline Generation,1751273,95
TCS-CMP-00259,Q1 Cloud Scale - Cyber,Executive Events & Roundtables,2026-05-17,2026-05,71801,59609,967,122,91,28,11,6,2,30167450,Enterprise High-Value,Retail & CPG,Nordics & Benelux,Cyber Defense & Risk Governance,Experiential,Strategic Account Penetration,15083725,147
TCS-CMP-00260,Life Sciences DataHub - Retail,Google Search,2026-07-03,2026-07,74793,123734,4049,321,165,78,51,38,13,19565117,Emerging Tier / High-CAC,Telecom & Media,Nordics & Benelux,Retail Omnichannel & Supply Chain,Digital Inbound,Executive Engagement,1505009,59
TCS-CMP-00261,CyberShield 360 - BFSI,Executive Events & Roundtables,2026-06-17,2026-06,49630,35577,432,43,29,10,4,2,0,0,Strategic Growth Accounts,Healthcare & Life Sciences,Nordics & Benelux,BFSI Core Modernization,Experiential,Pipeline Generation,9863300,119
TCS-CMP-00262,SAP S/4 Hana Accelerated - Cognitive,Industry Display & Media,2026-01-01,2026-01,23800,123575,1115,49,21,6,2,1,0,0,Enterprise High-Value,Telecom & Media,Nordics & Benelux,Cognitive AI & Enterprise Automation,Digital Inbound,Strategic Account Penetration,4764295,156
TCS-CMP-00263,CyberShield 360 - Healthcare,Industry Display & Media,2026-06-17,2026-06,20186,138826,1371,59,27,9,3,2,1,1099760,Emerging Tier / High-CAC,Manufacturing & Auto,APAC & Australia,Healthcare & Life Sciences Digital Labs,Digital Inbound,Strategic Account Penetration,1099760,139
TCS-CMP-00264,BFSI Resiliency - Cyber,Executive Events & Roundtables,2026-02-13,2026-02,51650,38187,646,92,72,22,8,5,2,21187028,Strategic Growth Accounts,Manufacturing & Auto,APAC & Australia,Cyber Defense & Risk Governance,Experiential,Executive Engagement,10593514,55
TCS-CMP-00265,Zero Trust Enterprise - Cyber,Google Search,2026-04-26,2026-04,54752,121554,4775,411,202,106,55,35,12,52838808,Strategic Growth Accounts,Telecom & Media,India & Middle East,Cyber Defense & Risk Governance,Digital Inbound,Pipeline Generation,4403234,100
TCS-CMP-00266,Q1 Cloud Scale - BFSI,Industry Display & Media,2026-01-12,2026-01,20822,92493,721,22,11,3,1,1,0,0,Enterprise High-Value,Retail & CPG,India & Middle East,BFSI Core Modernization,Digital Inbound,Brand Authority & MQLs,5899537,111
TCS-CMP-00267,GenAI Catalyst - Cyber,Tech Analyst Webinars,2026-05-03,2026-05,33837,54876,1274,93,40,16,8,4,1,3480954,Strategic Growth Accounts,Healthcare & Life Sciences,Europe & UK,Cyber Defense & Risk Governance,Digital Inbound,Executive Engagement,3480954,111
TCS-CMP-00268,SAP S/4 Hana Accelerated - Cognitive,Account-Based Email,2026-03-01,2026-03,22732,56939,2328,228,139,83,62,52,20,108595420,Strategic Growth Accounts,Retail & CPG,North America,Cognitive AI & Enterprise Automation,Outbound ABM,Executive Engagement,5429771,83
TCS-CMP-00269,CyberShield 360 - Cognitive,Industry Display & Media,2025-10-19,2025-10,17995,121586,1129,45,18,5,2,1,0,0,Enterprise High-Value,Retail & CPG,Europe & UK,Cognitive AI & Enterprise Automation,Digital Inbound,Brand Authority & MQLs,5016761,160
TCS-CMP-00270,Zero Trust Enterprise - Cloud,Account-Based Email,2026-02-23,2026-02,12695,25537,955,81,62,38,27,20,7,24028886,Nurture / Mid-Market,Telecom & Media,Europe & UK,Cloud & Infrastructure Transformation,Outbound ABM,Brand Authority & MQLs,3432698,81
TCS-CMP-00271,Global Horizon - BFSI,LinkedIn Enterprise,2026-03-14,2026-03,27830,47691,1104,78,41,19,11,8,4,25424192,Strategic Growth Accounts,Telecom & Media,North America,BFSI Core Modernization,Digital Inbound,Strategic Account Penetration,6356048,140
TCS-CMP-00272,OmniCommerce Edge - BFSI,Executive Events & Roundtables,2026-01-26,2026-01,109075,89913,1332,160,123,46,18,11,3,8836092,Emerging Tier / High-CAC,Banking & Capital Markets,India & Middle East,BFSI Core Modernization,Experiential,Pipeline Generation,2945364,57
TCS-CMP-00273,Sustainable Tech Suite - Cloud,Tech Analyst Webinars,2026-03-01,2026-03,21494,34422,938,67,32,13,6,3,1,1284671,Emerging Tier / High-CAC,Manufacturing & Auto,Europe & UK,Cloud & Infrastructure Transformation,Digital Inbound,Brand Authority & MQLs,1284671,55
TCS-CMP-00274,Zero Trust Enterprise - Cyber,Tech Analyst Webinars,2026-02-19,2026-02,36288,83792,1979,125,58,20,9,6,2,2330448,Emerging Tier / High-CAC,Healthcare & Life Sciences,Europe & UK,Cyber Defense & Risk Governance,Digital Inbound,Strategic Account Penetration,1165224,67
TCS-CMP-00275,GenAI Catalyst - Cloud,Tech Analyst Webinars,2026-05-17,2026-05,29981,68741,1363,74,43,20,11,6,2,4933216,Nurture / Mid-Market,Manufacturing & Auto,Nordics & Benelux,Cloud & Infrastructure Transformation,Digital Inbound,Strategic Account Penetration,2466608,139
TCS-CMP-00276,SAP S/4 Hana Accelerated - Retail,LinkedIn Enterprise,2025-11-04,2025-11,30160,47719,1407,137,88,54,31,24,11,130376433,Enterprise High-Value,Telecom & Media,Nordics & Benelux,Retail Omnichannel & Supply Chain,Digital Inbound,Pipeline Generation,11852403,81
TCS-CMP-00277,OmniCommerce Edge - BFSI,LinkedIn Enterprise,2026-01-09,2026-01,59795,114425,3125,276,189,90,56,43,19,200589517,Enterprise High-Value,Banking & Capital Markets,Nordics & Benelux,BFSI Core Modernization,Digital Inbound,Strategic Account Penetration,10557343,88
TCS-CMP-00278,Cognitive Ops 2.0 - Healthcare,Executive Events & Roundtables,2026-05-15,2026-05,54642,75050,1081,103,84,31,15,9,2,12151068,Nurture / Mid-Market,Healthcare & Life Sciences,Nordics & Benelux,Healthcare & Life Sciences Digital Labs,Experiential,Strategic Account Penetration,6075534,57
TCS-CMP-00279,Q1 Cloud Scale - Cyber,LinkedIn Enterprise,2025-12-17,2025-12,25202,59097,1302,129,98,44,27,16,7,28121863,Nurture / Mid-Market,Energy & Utilities,Nordics & Benelux,Cyber Defense & Risk Governance,Digital Inbound,Strategic Account Penetration,4017409,84
TCS-CMP-00280,BFSI Resiliency - Cognitive,Executive Events & Roundtables,2026-07-14,2026-07,83887,57714,1048,120,67,21,10,5,2,10275934,Nurture / Mid-Market,Telecom & Media,India & Middle East,Cognitive AI & Enterprise Automation,Experiential,Pipeline Generation,5137967,113
TCS-CMP-00281,NextGen CX - Cognitive,Industry Display & Media,2026-07-12,2026-07,19151,105878,1143,30,14,4,2,1,0,0,Nurture / Mid-Market,Manufacturing & Auto,North America,Cognitive AI & Enterprise Automation,Digital Inbound,Pipeline Generation,2172011,127
TCS-CMP-00282,SAP S/4 Hana Accelerated - Retail,Industry Display & Media,2026-04-03,2026-04,36110,173004,1834,68,29,9,3,1,0,0,Strategic Growth Accounts,Banking & Capital Markets,APAC & Australia,Retail Omnichannel & Supply Chain,Digital Inbound,Pipeline Generation,3568915,54
TCS-CMP-00283,NextGen CX - Cloud,Account-Based Email,2025-12-12,2025-12,12855,29840,1256,99,66,32,19,13,5,9774715,Emerging Tier / High-CAC,Telecom & Media,Nordics & Benelux,Cloud & Infrastructure Transformation,Outbound ABM,Strategic Account Penetration,1954943,76
TCS-CMP-00284,Sustainable Tech Suite - Retail,LinkedIn Enterprise,2026-07-26,2026-07,24822,39823,877,74,44,26,15,10,4,43161464,Enterprise High-Value,Energy & Utilities,Nordics & Benelux,Retail Omnichannel & Supply Chain,Digital Inbound,Strategic Account Penetration,10790366,78
TCS-CMP-00285,Q1 Cloud Scale - Healthcare,Industry Display & Media,2026-07-15,2026-07,31968,236322,1707,47,16,5,2,1,0,0,Enterprise High-Value,Banking & Capital Markets,India & Middle East,Healthcare & Life Sciences Digital Labs,Digital Inbound,Brand Authority & MQLs,5216576,77
TCS-CMP-00286,Sustainable Tech Suite - Retail,Tech Analyst Webinars,2025-10-14,2025-10,27480,43884,781,61,27,10,4,3,1,2690578,Nurture / Mid-Market,Energy & Utilities,Europe & UK,Retail Omnichannel & Supply Chain,Digital Inbound,Strategic Account Penetration,2690578,47
TCS-CMP-00287,NextGen CX - Healthcare,Tech Analyst Webinars,2026-05-12,2026-05,37601,83878,2201,126,71,30,18,10,4,10754436,Nurture / Mid-Market,Manufacturing & Auto,North America,Healthcare & Life Sciences Digital Labs,Digital Inbound,Strategic Account Penetration,2688609,139
TCS-CMP-00288,BFSI Resiliency - Cyber,LinkedIn Enterprise,2026-08-08,2026-08,23929,75358,2120,160,94,52,34,22,8,16763496,Emerging Tier / High-CAC,Telecom & Media,Europe & UK,Cyber Defense & Risk Governance,Digital Inbound,Brand Authority & MQLs,2095437,53
TCS-CMP-00289,GenAI Catalyst - Cyber,Industry Display & Media,2026-08-24,2026-08,25578,124207,1043,33,12,3,1,0,0,0,Emerging Tier / High-CAC,Retail & CPG,Nordics & Benelux,Cyber Defense & Risk Governance,Digital Inbound,Strategic Account Penetration,1264391,96
TCS-CMP-00290,Q1 Cloud Scale - Cloud,Industry Display & Media,2026-04-05,2026-04,46422,264758,2883,106,44,13,5,3,1,2923009,Strategic Growth Accounts,Manufacturing & Auto,India & Middle East,Cloud & Infrastructure Transformation,Digital Inbound,Strategic Account Penetration,2923009,89
TCS-CMP-00291,NextGen CX - Healthcare,Industry Display & Media,2026-06-03,2026-06,20264,79656,814,24,10,3,1,0,0,0,Emerging Tier / High-CAC,Healthcare & Life Sciences,Europe & UK,Healthcare & Life Sciences Digital Labs,Digital Inbound,Strategic Account Penetration,1135362,115
TCS-CMP-00292,Life Sciences DataHub - Cloud,Industry Display & Media,2025-11-08,2025-11,49272,246983,1965,67,31,7,2,1,0,0,Strategic Growth Accounts,Telecom & Media,APAC & Australia,Cloud & Infrastructure Transformation,Digital Inbound,Executive Engagement,3348215,94
TCS-CMP-00293,Zero Trust Enterprise - BFSI,LinkedIn Enterprise,2026-07-03,2026-07,48954,94003,2396,236,181,89,66,54,23,133546349,Strategic Growth Accounts,Telecom & Media,India & Middle East,BFSI Core Modernization,Digital Inbound,Brand Authority & MQLs,5806363,67
TCS-CMP-00294,SAP S/4 Hana Accelerated - Cyber,Industry Display & Media,2026-04-23,2026-04,48867,239699,1864,58,28,7,3,2,1,3282632,Strategic Growth Accounts,Manufacturing & Auto,Nordics & Benelux,Cyber Defense & Risk Governance,Digital Inbound,Executive Engagement,3282632,97
TCS-CMP-00295,OmniCommerce Edge - Healthcare,Account-Based Email,2026-07-14,2026-07,15292,30240,1094,107,75,47,30,23,8,13027304,Emerging Tier / High-CAC,Healthcare & Life Sciences,Europe & UK,Healthcare & Life Sciences Digital Labs,Outbound ABM,Strategic Account Penetration,1628413,142
TCS-CMP-00296,Q1 Cloud Scale - Healthcare,Account-Based Email,2026-07-07,2026-07,12597,23700,984,89,68,36,20,18,7,40228174,Strategic Growth Accounts,Manufacturing & Auto,Europe & UK,Healthcare & Life Sciences Digital Labs,Outbound ABM,Strategic Account Penetration,5746882,79
TCS-CMP-00297,Global Horizon - Cyber,Executive Events & Roundtables,2025-11-27,2025-11,99257,89629,1193,161,133,49,22,12,3,16408848,Nurture / Mid-Market,Retail & CPG,APAC & Australia,Cyber Defense & Risk Governance,Experiential,Strategic Account Penetration,5469616,143
TCS-CMP-00298,Life Sciences DataHub - BFSI,Google Search,2025-12-23,2025-12,47584,129383,4037,362,186,90,59,43,17,132202931,Enterprise High-Value,Manufacturing & Auto,Nordics & Benelux,BFSI Core Modernization,Digital Inbound,Executive Engagement,7776643,146
TCS-CMP-00299,Global Horizon - Cyber,LinkedIn Enterprise,2026-03-14,2026-03,45969,127441,3302,233,156,96,55,47,14,157682616,Enterprise High-Value,Banking & Capital Markets,North America,Cyber Defense & Risk Governance,Digital Inbound,Pipeline Generation,11263044,132
TCS-CMP-00300,Global Horizon - Healthcare,Industry Display & Media,2026-07-25,2026-07,20816,159371,1773,51,20,5,2,1,0,0,Nurture / Mid-Market,Manufacturing & Auto,North America,Healthcare & Life Sciences Digital Labs,Digital Inbound,Brand Authority & MQLs,1942589,77
TCS-CMP-00301,Life Sciences DataHub - Cognitive,Account-Based Email,2026-07-16,2026-07,19747,25429,1228,125,73,32,24,18,6,45390738,Enterprise High-Value,Healthcare & Life Sciences,APAC & Australia,Cognitive AI & Enterprise Automation,Outbound ABM,Pipeline Generation,7565123,170
TCS-CMP-00302,Zero Trust Enterprise - Cognitive,LinkedIn Enterprise,2026-03-28,2026-03,58109,106477,3334,310,240,129,68,49,21,93702609,Nurture / Mid-Market,Banking & Capital Markets,Europe & UK,Cognitive AI & Enterprise Automation,Digital Inbound,Strategic Account Penetration,4462029,56
TCS-CMP-00303,Life Sciences DataHub - Healthcare,Industry Display & Media,2026-01-19,2026-01,38264,218166,1962,79,37,12,4,2,1,1646040,Nurture / Mid-Market,Energy & Utilities,India & Middle East,Healthcare & Life Sciences Digital Labs,Digital Inbound,Brand Authority & MQLs,1646040,121
TCS-CMP-00304,NextGen CX - Cyber,Industry Display & Media,2026-04-13,2026-04,29062,146681,1474,41,19,6,3,1,0,0,Strategic Growth Accounts,Manufacturing & Auto,APAC & Australia,Cyber Defense & Risk Governance,Digital Inbound,Pipeline Generation,3578304,133
TCS-CMP-00305,Cognitive Ops 2.0 - Cyber,Executive Events & Roundtables,2026-02-25,2026-02,83130,75076,1401,194,154,52,23,14,4,25982620,Nurture / Mid-Market,Retail & CPG,North America,Cyber Defense & Risk Governance,Experiential,Brand Authority & MQLs,6495655,140
TCS-CMP-00306,Cognitive Ops 2.0 - BFSI,Tech Analyst Webinars,2026-08-12,2026-08,19678,30457,766,53,32,13,6,4,1,5389723,Enterprise High-Value,Retail & CPG,Europe & UK,BFSI Core Modernization,Digital Inbound,Executive Engagement,5389723,65
TCS-CMP-00307,Zero Trust Enterprise - Cloud,Executive Events & Roundtables,2026-07-01,2026-07,112897,84825,1505,186,111,45,17,10,4,37108792,Strategic Growth Accounts,Banking & Capital Markets,Europe & UK,Cloud & Infrastructure Transformation,Experiential,Strategic Account Penetration,9277198,60
TCS-CMP-00308,Life Sciences DataHub - Cognitive,Account-Based Email,2026-02-20,2026-02,9471,15064,739,77,51,27,21,18,7,69446006,Enterprise High-Value,Manufacturing & Auto,APAC & Australia,Cognitive AI & Enterprise Automation,Outbound ABM,Pipeline Generation,9920858,170
TCS-CMP-00309,BFSI Resiliency - BFSI,LinkedIn Enterprise,2026-09-12,2026-09,25391,42411,1156,80,48,24,16,13,5,49076385,Enterprise High-Value,Banking & Capital Markets,North America,BFSI Core Modernization,Digital Inbound,Pipeline Generation,9815277,127
TCS-CMP-00310,Life Sciences DataHub - Cloud,Google Search,2026-04-08,2026-04,68032,199426,7761,529,364,135,81,47,18,49084758,Nurture / Mid-Market,Energy & Utilities,Europe & UK,Cloud & Infrastructure Transformation,Digital Inbound,Brand Authority & MQLs,2726931,86
TCS-CMP-00311,BFSI Resiliency - BFSI,Executive Events & Roundtables,2026-01-20,2026-01,98423,130291,2418,278,189,67,29,15,4,39342760,Strategic Growth Accounts,Energy & Utilities,Nordics & Benelux,BFSI Core Modernization,Experiential,Strategic Account Penetration,9835690,101
TCS-CMP-00312,Zero Trust Enterprise - Cyber,Tech Analyst Webinars,2026-09-02,2026-09,34229,63039,1423,71,43,20,11,7,3,19085097,Enterprise High-Value,Manufacturing & Auto,APAC & Australia,Cyber Defense & Risk Governance,Digital Inbound,Executive Engagement,6361699,153
TCS-CMP-00313,BFSI Resiliency - Cyber,Industry Display & Media,2025-10-15,2025-10,37118,346107,3150,125,59,19,7,4,1,4678802,Enterprise High-Value,Healthcare & Life Sciences,India & Middle East,Cyber Defense & Risk Governance,Digital Inbound,Strategic Account Penetration,4678802,129
TCS-CMP-00314,SAP S/4 Hana Accelerated - Cognitive,Google Search,2026-03-13,2026-03,36290,60982,2510,224,126,57,33,26,6,40026366,Enterprise High-Value,Energy & Utilities,Nordics & Benelux,Cognitive AI & Enterprise Automation,Digital Inbound,Executive Engagement,6671061,149
TCS-CMP-00315,Sustainable Tech Suite - Retail,Account-Based Email,2026-04-22,2026-04,11493,17657,716,57,38,20,12,10,5,9600575,Emerging Tier / High-CAC,Banking & Capital Markets,Europe & UK,Retail Omnichannel & Supply Chain,Outbound ABM,Pipeline Generation,1920115,112
TCS-CMP-00316,Zero Trust Enterprise - Retail,Tech Analyst Webinars,2025-10-03,2025-10,40842,100019,2003,120,72,34,17,12,4,21938800,Enterprise High-Value,Retail & CPG,India & Middle East,Retail Omnichannel & Supply Chain,Digital Inbound,Strategic Account Penetration,5484700,198
TCS-CMP-00317,NextGen CX - BFSI,Google Search,2026-08-17,2026-08,29328,77951,3204,244,134,56,29,19,7,29623279,Strategic Growth Accounts,Retail & CPG,India & Middle East,BFSI Core Modernization,Digital Inbound,Executive Engagement,4231897,74
TCS-CMP-00318,OmniCommerce Edge - Retail,Executive Events & Roundtables,2026-08-26,2026-08,78483,65681,843,87,60,18,9,5,1,15346868,Enterprise High-Value,Telecom & Media,North America,Retail Omnichannel & Supply Chain,Experiential,Executive Engagement,15346868,120
TCS-CMP-00319,CyberShield 360 - Cyber,LinkedIn Enterprise,2026-09-16,2026-09,48242,122344,3219,347,211,106,58,48,21,49192395,Emerging Tier / High-CAC,Telecom & Media,Europe & UK,Cyber Defense & Risk Governance,Digital Inbound,Strategic Account Penetration,2342495,60
TCS-CMP-00320,Global Horizon - Cyber,Account-Based Email,2026-09-14,2026-09,18691,30607,1591,143,78,37,22,14,7,38029131,Strategic Growth Accounts,Healthcare & Life Sciences,India & Middle East,Cyber Defense & Risk Governance,Outbound ABM,Executive Engagement,5432733,93
TCS-CMP-00321,OmniCommerce Edge - Retail,Executive Events & Roundtables,2026-04-01,2026-04,88257,78068,1354,154,89,36,13,7,2,13578274,Nurture / Mid-Market,Retail & CPG,North America,Retail Omnichannel & Supply Chain,Experiential,Strategic Account Penetration,6789137,61
TCS-CMP-00322,NextGen CX - Cognitive,Tech Analyst Webinars,2025-10-13,2025-10,28475,75925,2031,122,52,22,10,5,1,4119435,Strategic Growth Accounts,Energy & Utilities,India & Middle East,Cognitive AI & Enterprise Automation,Digital Inbound,Executive Engagement,4119435,67
TCS-CMP-00323,GenAI Catalyst - Cyber,LinkedIn Enterprise,2026-02-01,2026-02,25625,82349,2184,170,131,82,60,41,19,44076428,Emerging Tier / High-CAC,Banking & Capital Markets,Europe & UK,Cyber Defense & Risk Governance,Digital Inbound,Strategic Account Penetration,2319812,81
TCS-CMP-00324,GenAI Catalyst - Healthcare,Industry Display & Media,2026-05-06,2026-05,20933,108392,880,26,13,4,2,1,0,0,Strategic Growth Accounts,Manufacturing & Auto,APAC & Australia,Healthcare & Life Sciences Digital Labs,Digital Inbound,Strategic Account Penetration,2949740,82
TCS-CMP-00325,GenAI Catalyst - Cloud,Tech Analyst Webinars,2025-10-08,2025-10,26990,59400,1285,81,38,16,9,6,2,2611174,Emerging Tier / High-CAC,Healthcare & Life Sciences,Nordics & Benelux,Cloud & Infrastructure Transformation,Digital Inbound,Strategic Account Penetration,1305587,75
TCS-CMP-00326,BFSI Resiliency - Cloud,Industry Display & Media,2026-06-26,2026-06,28278,128928,1244,41,17,6,2,1,0,0,Strategic Growth Accounts,Manufacturing & Auto,North America,Cloud & Infrastructure Transformation,Digital Inbound,Brand Authority & MQLs,2930723,132
TCS-CMP-00327,SAP S/4 Hana Accelerated - Cyber,Account-Based Email,2026-06-05,2026-06,23715,49409,2296,154,96,62,43,35,17,37396056,Emerging Tier / High-CAC,Telecom & Media,India & Middle East,Cyber Defense & Risk Governance,Outbound ABM,Pipeline Generation,2199768,109
TCS-CMP-00328,Life Sciences DataHub - BFSI,Google Search,2026-04-03,2026-04,39214,75607,2580,236,118,53,29,19,7,53268362,Enterprise High-Value,Energy & Utilities,Nordics & Benelux,BFSI Core Modernization,Digital Inbound,Executive Engagement,7609766,202
TCS-CMP-00329,CyberShield 360 - BFSI,Account-Based Email,2026-04-09,2026-04,10336,16712,601,63,41,26,19,14,5,19189335,Nurture / Mid-Market,Banking & Capital Markets,APAC & Australia,BFSI Core Modernization,Outbound ABM,Brand Authority & MQLs,3837867,118
TCS-CMP-00330,CyberShield 360 - Cloud,Account-Based Email,2026-09-14,2026-09,15124,26240,1100,73,45,22,16,13,6,57911394,Enterprise High-Value,Banking & Capital Markets,North America,Cloud & Infrastructure Transformation,Outbound ABM,Brand Authority & MQLs,9651899,148
TCS-CMP-00331,GenAI Catalyst - BFSI,Google Search,2026-07-11,2026-07,34808,100994,4072,297,174,82,45,29,11,64283120,Enterprise High-Value,Telecom & Media,India & Middle East,BFSI Core Modernization,Digital Inbound,Executive Engagement,5843920,101
TCS-CMP-00332,GenAI Catalyst - Retail,Account-Based Email,2025-10-01,2025-10,10484,28709,1343,116,89,41,24,15,5,16610030,Nurture / Mid-Market,Manufacturing & Auto,APAC & Australia,Retail Omnichannel & Supply Chain,Outbound ABM,Pipeline Generation,3322006,56
TCS-CMP-00333,NextGen CX - Retail,Account-Based Email,2026-05-06,2026-05,14537,24230,1268,85,67,34,20,14,7,53751278,Enterprise High-Value,Manufacturing & Auto,India & Middle East,Retail Omnichannel & Supply Chain,Outbound ABM,Strategic Account Penetration,7678754,154
TCS-CMP-00334,BFSI Resiliency - Cognitive,Executive Events & Roundtables,2026-01-16,2026-01,132279,110841,1522,154,119,35,13,6,2,6423586,Emerging Tier / High-CAC,Manufacturing & Auto,Nordics & Benelux,Cognitive AI & Enterprise Automation,Experiential,Brand Authority & MQLs,3211793,140
TCS-CMP-00335,BFSI Resiliency - Cognitive,LinkedIn Enterprise,2025-11-17,2025-11,54483,78877,1684,119,84,37,23,19,9,53635806,Strategic Growth Accounts,Telecom & Media,North America,Cognitive AI & Enterprise Automation,Digital Inbound,Strategic Account Penetration,5959534,124
TCS-CMP-00336,CyberShield 360 - Cloud,Industry Display & Media,2026-08-21,2026-08,34729,164488,1469,44,22,7,3,1,0,0,Enterprise High-Value,Energy & Utilities,APAC & Australia,Cloud & Infrastructure Transformation,Digital Inbound,Pipeline Generation,5955010,87
TCS-CMP-00337,OmniCommerce Edge - Healthcare,Account-Based Email,2026-07-28,2026-07,16598,45285,1726,132,96,58,43,31,11,57951168,Strategic Growth Accounts,Banking & Capital Markets,India & Middle East,Healthcare & Life Sciences Digital Labs,Outbound ABM,Strategic Account Penetration,5268288,115
TCS-CMP-00338,GenAI Catalyst - Healthcare,Executive Events & Roundtables,2026-04-03,2026-04,137873,167599,2198,253,206,86,38,23,5,25508510,Nurture / Mid-Market,Banking & Capital Markets,North America,Healthcare & Life Sciences Digital Labs,Experiential,Executive Engagement,5101702,95
TCS-CMP-00339,Zero Trust Enterprise - Healthcare,LinkedIn Enterprise,2026-03-28,2026-03,45224,84082,2123,232,130,72,42,29,11,27634035,Emerging Tier / High-CAC,Manufacturing & Auto,APAC & Australia,Healthcare & Life Sciences Digital Labs,Digital Inbound,Brand Authority & MQLs,2512185,90
TCS-CMP-00340,Cognitive Ops 2.0 - Cognitive,Industry Display & Media,2026-05-26,2026-05,40966,229185,2309,80,28,9,4,2,1,1044706,Emerging Tier / High-CAC,Energy & Utilities,Europe & UK,Cognitive AI & Enterprise Automation,Digital Inbound,Strategic Account Penetration,1044706,84
TCS-CMP-00341,CyberShield 360 - Cloud,LinkedIn Enterprise,2026-01-03,2026-01,37250,52965,1550,168,120,75,42,34,9,95999139,Enterprise High-Value,Telecom & Media,Nordics & Benelux,Cloud & Infrastructure Transformation,Digital Inbound,Executive Engagement,10666571,192
TCS-CMP-00342,Global Horizon - Cognitive,Industry Display & Media,2026-05-01,2026-05,37976,183827,1784,76,37,12,5,2,0,0,Emerging Tier / High-CAC,Energy & Utilities,Nordics & Benelux,Cognitive AI & Enterprise Automation,Digital Inbound,Pipeline Generation,1140113,48
TCS-CMP-00343,BFSI Resiliency - Cognitive,Google Search,2026-03-23,2026-03,52183,90808,3766,326,192,76,37,22,8,11580664,Emerging Tier / High-CAC,Telecom & Media,India & Middle East,Cognitive AI & Enterprise Automation,Digital Inbound,Pipeline Generation,1447583,60
TCS-CMP-00344,BFSI Resiliency - Cloud,Executive Events & Roundtables,2025-10-18,2025-10,65672,38620,571,64,37,12,4,2,0,0,Nurture / Mid-Market,Telecom & Media,Nordics & Benelux,Cloud & Infrastructure Transformation,Experiential,Pipeline Generation,6990435,79
TCS-CMP-00345,SAP S/4 Hana Accelerated - Retail,Google Search,2026-04-15,2026-04,40570,61065,2348,181,86,45,26,17,4,28274512,Enterprise High-Value,Banking & Capital Markets,India & Middle East,Retail Omnichannel & Supply Chain,Digital Inbound,Strategic Account Penetration,7068628,113
TCS-CMP-00346,Cognitive Ops 2.0 - Cognitive,Google Search,2026-07-19,2026-07,59898,163854,6138,464,224,100,53,41,16,39399168,Nurture / Mid-Market,Telecom & Media,Nordics & Benelux,Cognitive AI & Enterprise Automation,Digital Inbound,Executive Engagement,2462448,92
TCS-CMP-00347,Global Horizon - Cloud,Industry Display & Media,2026-07-02,2026-07,44914,241450,1900,54,20,5,2,1,0,0,Emerging Tier / High-CAC,Energy & Utilities,Nordics & Benelux,Cloud & Infrastructure Transformation,Digital Inbound,Brand Authority & MQLs,1090536,51
TCS-CMP-00348,Sustainable Tech Suite - Cognitive,Google Search,2026-06-18,2026-06,63786,185547,5681,358,218,82,40,31,7,11790422,Emerging Tier / High-CAC,Energy & Utilities,Europe & UK,Cognitive AI & Enterprise Automation,Digital Inbound,Executive Engagement,1684346,137
TCS-CMP-00349,Global Horizon - Retail,Account-Based Email,2026-02-14,2026-02,23649,35069,1309,131,97,54,38,32,11,61324230,Strategic Growth Accounts,Healthcare & Life Sciences,India & Middle East,Retail Omnichannel & Supply Chain,Outbound ABM,Brand Authority & MQLs,5574930,105
TCS-CMP-00350,SAP S/4 Hana Accelerated - Healthcare,Tech Analyst Webinars,2026-09-16,2026-09,34536,85562,1933,125,60,28,15,8,3,4211211,Emerging Tier / High-CAC,Banking & Capital Markets,North America,Healthcare & Life Sciences Digital Labs,Digital Inbound,Pipeline Generation,1403737,64
TCS-CMP-00351,Global Horizon - Healthcare,Google Search,2026-04-17,2026-04,56847,113495,4099,370,229,105,57,31,9,11520027,Emerging Tier / High-CAC,Banking & Capital Markets,India & Middle East,Healthcare & Life Sciences Digital Labs,Digital Inbound,Executive Engagement,1280003,132
TCS-CMP-00352,Cognitive Ops 2.0 - BFSI,Account-Based Email,2026-05-09,2026-05,15730,28546,1253,98,56,30,17,12,6,29350614,Strategic Growth Accounts,Telecom & Media,Nordics & Benelux,BFSI Core Modernization,Outbound ABM,Executive Engagement,4891769,96
TCS-CMP-00353,OmniCommerce Edge - Cloud,Tech Analyst Webinars,2026-06-01,2026-06,39208,60532,1177,94,40,13,7,4,1,3775599,Strategic Growth Accounts,Manufacturing & Auto,North America,Cloud & Infrastructure Transformation,Digital Inbound,Pipeline Generation,3775599,90
TCS-CMP-00354,SAP S/4 Hana Accelerated - Healthcare,Google Search,2026-05-11,2026-05,55673,144428,5192,307,188,84,40,23,9,22684329,Nurture / Mid-Market,Manufacturing & Auto,North America,Healthcare & Life Sciences Digital Labs,Digital Inbound,Strategic Account Penetration,2520481,71
TCS-CMP-00355,GenAI Catalyst - Cognitive,LinkedIn Enterprise,2026-07-28,2026-07,26478,42035,906,61,36,21,13,10,5,10042325,Emerging Tier / High-CAC,Retail & CPG,India & Middle East,Cognitive AI & Enterprise Automation,Digital Inbound,Pipeline Generation,2008465,70
TCS-CMP-00356,BFSI Resiliency - BFSI,Tech Analyst Webinars,2026-06-01,2026-06,12914,21795,552,27,15,6,3,2,1,2668702,Nurture / Mid-Market,Manufacturing & Auto,Nordics & Benelux,BFSI Core Modernization,Digital Inbound,Brand Authority & MQLs,2668702,113
TCS-CMP-00357,Sustainable Tech Suite - Retail,LinkedIn Enterprise,2026-01-08,2026-01,26075,64151,1942,194,115,50,29,18,5,18653205,Nurture / Mid-Market,Telecom & Media,APAC & Australia,Retail Omnichannel & Supply Chain,Digital Inbound,Pipeline Generation,3730641,57
TCS-CMP-00358,Q1 Cloud Scale - Retail,Executive Events & Roundtables,2026-03-14,2026-03,116008,94021,1734,202,160,57,22,13,3,20042823,Nurture / Mid-Market,Manufacturing & Auto,India & Middle East,Retail Omnichannel & Supply Chain,Experiential,Executive Engagement,6680941,89
TCS-CMP-00359,Sustainable Tech Suite - Retail,Executive Events & Roundtables,2026-01-19,2026-01,54497,43546,729,84,69,26,10,5,1,5234196,Nurture / Mid-Market,Energy & Utilities,Europe & UK,Retail Omnichannel & Supply Chain,Experiential,Pipeline Generation,5234196,68
TCS-CMP-00360,SAP S/4 Hana Accelerated - Cognitive,Executive Events & Roundtables,2026-07-24,2026-07,115310,83154,1368,164,125,45,18,11,4,15413516,Emerging Tier / High-CAC,Healthcare & Life Sciences,India & Middle East,Cognitive AI & Enterprise Automation,Experiential,Pipeline Generation,3853379,67
TCS-CMP-00361,Global Horizon - Cloud,LinkedIn Enterprise,2025-11-05,2025-11,62956,120327,3780,335,193,89,63,46,22,214687264,Enterprise High-Value,Healthcare & Life Sciences,Nordics & Benelux,Cloud & Infrastructure Transformation,Digital Inbound,Executive Engagement,9758512,202
TCS-CMP-00362,Global Horizon - Healthcare,Industry Display & Media,2025-11-21,2025-11,39035,291940,2602,83,30,8,3,1,0,0,Emerging Tier / High-CAC,Energy & Utilities,APAC & Australia,Healthcare & Life Sciences Digital Labs,Digital Inbound,Brand Authority & MQLs,1039191,54
TCS-CMP-00363,OmniCommerce Edge - Cloud,Tech Analyst Webinars,2026-07-01,2026-07,38604,76488,2025,149,74,29,12,7,3,18638223,Enterprise High-Value,Retail & CPG,North America,Cloud & Infrastructure Transformation,Digital Inbound,Pipeline Generation,6212741,132
TCS-CMP-00364,OmniCommerce Edge - Retail,LinkedIn Enterprise,2026-08-07,2026-08,35887,105692,2531,269,187,112,59,40,12,24118428,Emerging Tier / High-CAC,Healthcare & Life Sciences,APAC & Australia,Retail Omnichannel & Supply Chain,Digital Inbound,Executive Engagement,2009869,94
TCS-CMP-00365,Zero Trust Enterprise - Cognitive,Account-Based Email,2026-09-11,2026-09,27534,58807,2229,196,138,62,34,29,12,94065492,Enterprise High-Value,Manufacturing & Auto,Europe & UK,Cognitive AI & Enterprise Automation,Outbound ABM,Executive Engagement,7838791,73
TCS-CMP-00366,SAP S/4 Hana Accelerated - Healthcare,Tech Analyst Webinars,2025-10-25,2025-10,16699,30661,813,57,27,11,5,3,1,2069302,Nurture / Mid-Market,Retail & CPG,Europe & UK,Healthcare & Life Sciences Digital Labs,Digital Inbound,Pipeline Generation,2069302,136
TCS-CMP-00367,Zero Trust Enterprise - Cyber,Industry Display & Media,2026-02-25,2026-02,20718,120875,1259,48,22,7,3,2,0,0,Emerging Tier / High-CAC,Telecom & Media,APAC & Australia,Cyber Defense & Risk Governance,Digital Inbound,Pipeline Generation,1187894,53
TCS-CMP-00368,Global Horizon - BFSI,LinkedIn Enterprise,2025-10-23,2025-10,34130,43317,1012,73,52,22,12,9,3,6795777,Emerging Tier / High-CAC,Manufacturing & Auto,Europe & UK,BFSI Core Modernization,Digital Inbound,Executive Engagement,2265259,139
TCS-CMP-00369,Zero Trust Enterprise - Cognitive,Executive Events & Roundtables,2026-02-20,2026-02,100761,69311,876,93,62,25,11,6,2,37569774,Enterprise High-Value,Banking & Capital Markets,APAC & Australia,Cognitive AI & Enterprise Automation,Experiential,Strategic Account Penetration,18784887,195
TCS-CMP-00370,GenAI Catalyst - Retail,Industry Display & Media,2025-10-24,2025-10,33111,212071,1885,77,27,7,3,1,0,0,Enterprise High-Value,Telecom & Media,North America,Retail Omnichannel & Supply Chain,Digital Inbound,Executive Engagement,5121621,172
TCS-CMP-00371,OmniCommerce Edge - Retail,LinkedIn Enterprise,2025-12-18,2025-12,20404,54695,1466,115,62,30,16,13,5,45773960,Enterprise High-Value,Banking & Capital Markets,Nordics & Benelux,Retail Omnichannel & Supply Chain,Digital Inbound,Brand Authority & MQLs,9154792,85
TCS-CMP-00372,BFSI Resiliency - Retail,LinkedIn Enterprise,2026-07-27,2026-07,25432,38320,936,67,50,26,19,13,5,35063490,Strategic Growth Accounts,Retail & CPG,India & Middle East,Retail Omnichannel & Supply Chain,Digital Inbound,Brand Authority & MQLs,7012698,87
TCS-CMP-00373,Q1 Cloud Scale - Healthcare,Industry Display & Media,2026-01-27,2026-01,48274,364001,2714,93,37,11,4,2,1,2896646,Strategic Growth Accounts,Banking & Capital Markets,APAC & Australia,Healthcare & Life Sciences Digital Labs,Digital Inbound,Pipeline Generation,2896646,98
TCS-CMP-00374,Life Sciences DataHub - Cyber,Google Search,2025-11-12,2025-11,33322,96087,3065,250,116,55,35,19,7,47343905,Enterprise High-Value,Energy & Utilities,Europe & UK,Cyber Defense & Risk Governance,Digital Inbound,Brand Authority & MQLs,6763415,125
TCS-CMP-00375,NextGen CX - Healthcare,Tech Analyst Webinars,2026-07-01,2026-07,17445,37846,888,44,18,6,3,2,1,2705472,Nurture / Mid-Market,Retail & CPG,Europe & UK,Healthcare & Life Sciences Digital Labs,Digital Inbound,Strategic Account Penetration,2705472,70
TCS-CMP-00376,OmniCommerce Edge - Healthcare,Google Search,2026-03-28,2026-03,66732,135377,5142,316,156,57,36,26,11,52700747,Strategic Growth Accounts,Retail & CPG,Europe & UK,Healthcare & Life Sciences Digital Labs,Digital Inbound,Executive Engagement,4790977,46
TCS-CMP-00377,OmniCommerce Edge - Healthcare,Industry Display & Media,2026-06-21,2026-06,39043,262109,2533,102,35,11,4,2,0,0,Enterprise High-Value,Retail & CPG,Europe & UK,Healthcare & Life Sciences Digital Labs,Digital Inbound,Strategic Account Penetration,4393527,101
TCS-CMP-00378,SAP S/4 Hana Accelerated - BFSI,Account-Based Email,2026-07-23,2026-07,17127,57285,2840,191,131,65,37,33,13,46449403,Nurture / Mid-Market,Banking & Capital Markets,India & Middle East,BFSI Core Modernization,Outbound ABM,Brand Authority & MQLs,3573031,82
TCS-CMP-00379,Cognitive Ops 2.0 - BFSI,Industry Display & Media,2025-10-23,2025-10,41177,270038,2106,88,41,11,4,2,0,0,Nurture / Mid-Market,Energy & Utilities,Europe & UK,BFSI Core Modernization,Digital Inbound,Pipeline Generation,1792260,68
TCS-CMP-00380,Global Horizon - Cyber,Tech Analyst Webinars,2026-06-04,2026-06,20228,52739,1350,84,51,17,8,5,2,13932124,Enterprise High-Value,Healthcare & Life Sciences,Nordics & Benelux,Cyber Defense & Risk Governance,Digital Inbound,Strategic Account Penetration,6966062,111
TCS-CMP-00381,Global Horizon - Healthcare,Account-Based Email,2026-06-13,2026-06,12712,27313,1028,88,58,38,27,23,8,72951696,Enterprise High-Value,Manufacturing & Auto,Nordics & Benelux,Healthcare & Life Sciences Digital Labs,Outbound ABM,Strategic Account Penetration,9118962,110
TCS-CMP-00382,Sustainable Tech Suite - Retail,Industry Display & Media,2026-01-13,2026-01,43277,238341,2651,106,45,10,4,2,0,0,Emerging Tier / High-CAC,Manufacturing & Auto,APAC & Australia,Retail Omnichannel & Supply Chain,Digital Inbound,Brand Authority & MQLs,1008433,106
TCS-CMP-00383,Global Horizon - BFSI,Tech Analyst Webinars,2026-04-25,2026-04,13407,36032,715,42,22,7,3,2,1,5789022,Enterprise High-Value,Energy & Utilities,North America,BFSI Core Modernization,Digital Inbound,Strategic Account Penetration,5789022,140
TCS-CMP-00384,OmniCommerce Edge - Healthcare,Industry Display & Media,2026-07-28,2026-07,46434,296450,2328,96,40,12,4,2,0,0,Strategic Growth Accounts,Manufacturing & Auto,Nordics & Benelux,Healthcare & Life Sciences Digital Labs,Digital Inbound,Strategic Account Penetration,2819298,62
TCS-CMP-00385,Q1 Cloud Scale - Healthcare,Industry Display & Media,2026-02-01,2026-02,37776,173681,1438,49,21,6,2,1,0,0,Emerging Tier / High-CAC,Manufacturing & Auto,Nordics & Benelux,Healthcare & Life Sciences Digital Labs,Digital Inbound,Executive Engagement,920207,63
TCS-CMP-00386,NextGen CX - BFSI,Industry Display & Media,2025-10-08,2025-10,40939,186370,1678,71,27,9,3,2,0,0,Strategic Growth Accounts,Energy & Utilities,Nordics & Benelux,BFSI Core Modernization,Digital Inbound,Strategic Account Penetration,2937549,70
TCS-CMP-00387,Life Sciences DataHub - Cloud,LinkedIn Enterprise,2026-01-07,2026-01,28114,61490,1315,126,81,40,22,14,6,66159276,Enterprise High-Value,Manufacturing & Auto,Europe & UK,Cloud & Infrastructure Transformation,Digital Inbound,Pipeline Generation,11026546,108
TCS-CMP-00388,Cognitive Ops 2.0 - Healthcare,Tech Analyst Webinars,2026-06-02,2026-06,40663,75289,1535,115,64,28,16,8,2,2551678,Emerging Tier / High-CAC,Retail & CPG,Nordics & Benelux,Healthcare & Life Sciences Digital Labs,Digital Inbound,Brand Authority & MQLs,1275839,115
TCS-CMP-00389,NextGen CX - Retail,Industry Display & Media,2026-05-11,2026-05,26016,179542,1897,62,21,7,3,1,0,0,Emerging Tier / High-CAC,Telecom & Media,APAC & Australia,Retail Omnichannel & Supply Chain,Digital Inbound,Strategic Account Penetration,1049360,69
TCS-CMP-00390,SAP S/4 Hana Accelerated - Healthcare,Executive Events & Roundtables,2026-02-28,2026-02,93556,98744,1754,210,140,47,18,9,3,19975242,Nurture / Mid-Market,Telecom & Media,North America,Healthcare & Life Sciences Digital Labs,Experiential,Executive Engagement,6658414,103
TCS-CMP-00391,OmniCommerce Edge - Retail,Executive Events & Roundtables,2026-09-09,2026-09,120459,113326,2107,245,197,71,36,23,6,20228304,Emerging Tier / High-CAC,Energy & Utilities,APAC & Australia,Retail Omnichannel & Supply Chain,Experiential,Brand Authority & MQLs,3371384,64
TCS-CMP-00392,BFSI Resiliency - Cognitive,Industry Display & Media,2026-09-02,2026-09,48540,265227,2580,75,25,6,3,2,1,1037990,Emerging Tier / High-CAC,Telecom & Media,Europe & UK,Cognitive AI & Enterprise Automation,Digital Inbound,Brand Authority & MQLs,1037990,55
TCS-CMP-00393,CyberShield 360 - Cloud,LinkedIn Enterprise,2026-09-23,2026-09,57377,93747,3008,235,159,78,52,43,15,94805550,Strategic Growth Accounts,Telecom & Media,Nordics & Benelux,Cloud & Infrastructure Transformation,Digital Inbound,Pipeline Generation,6320370,128
TCS-CMP-00394,Global Horizon - Cloud,Tech Analyst Webinars,2026-02-18,2026-02,31403,45616,1037,83,51,20,11,7,2,8124912,Strategic Growth Accounts,Telecom & Media,Europe & UK,Cloud & Infrastructure Transformation,Digital Inbound,Strategic Account Penetration,4062456,79
TCS-CMP-00395,Zero Trust Enterprise - Cognitive,Executive Events & Roundtables,2026-06-03,2026-06,46077,34040,472,65,44,16,7,4,1,5300208,Nurture / Mid-Market,Healthcare & Life Sciences,North America,Cognitive AI & Enterprise Automation,Experiential,Brand Authority & MQLs,5300208,114
TCS-CMP-00396,SAP S/4 Hana Accelerated - Cloud,LinkedIn Enterprise,2026-02-20,2026-02,57263,108802,3218,320,228,126,69,48,16,40798560,Emerging Tier / High-CAC,Manufacturing & Auto,India & Middle East,Cloud & Infrastructure Transformation,Digital Inbound,Pipeline Generation,2549910,110
TCS-CMP-00397,SAP S/4 Hana Accelerated - Retail,Google Search,2026-05-04,2026-05,28250,58629,1860,127,71,35,22,12,5,6512500,Emerging Tier / High-CAC,Retail & CPG,Nordics & Benelux,Retail Omnichannel & Supply Chain,Digital Inbound,Pipeline Generation,1302500,87
TCS-CMP-00398,BFSI Resiliency - BFSI,Tech Analyst Webinars,2026-06-12,2026-06,38420,50316,1254,85,52,17,7,4,1,6796082,Enterprise High-Value,Retail & CPG,APAC & Australia,BFSI Core Modernization,Digital Inbound,Pipeline Generation,6796082,194
TCS-CMP-00399,GenAI Catalyst - Cyber,Industry Display & Media,2025-12-20,2025-12,32099,146392,1146,32,11,3,1,1,0,0,Emerging Tier / High-CAC,Retail & CPG,India & Middle East,Cyber Defense & Risk Governance,Digital Inbound,Executive Engagement,1243468,82
TCS-CMP-00400,CyberShield 360 - Healthcare,Account-Based Email,2026-06-23,2026-06,16477,35427,1621,149,121,65,51,44,21,60711588,Nurture / Mid-Market,Telecom & Media,Nordics & Benelux,Healthcare & Life Sciences Digital Labs,Outbound ABM,Pipeline Generation,2891028,73
TCS-CMP-00401,OmniCommerce Edge - Healthcare,Account-Based Email,2025-12-01,2025-12,11502,38642,1962,153,114,57,31,21,11,19897735,Emerging Tier / High-CAC,Retail & CPG,APAC & Australia,Healthcare & Life Sciences Digital Labs,Outbound ABM,Strategic Account Penetration,1808885,74
TCS-CMP-00402,Zero Trust Enterprise - Cyber,Account-Based Email,2026-06-16,2026-06,20991,46403,2345,236,170,81,61,44,19,61735351,Nurture / Mid-Market,Banking & Capital Markets,North America,Cyber Defense & Risk Governance,Outbound ABM,Strategic Account Penetration,3249229,58
TCS-CMP-00403,Cognitive Ops 2.0 - Healthcare,Industry Display & Media,2026-03-01,2026-03,39421,196213,2124,65,27,9,3,1,0,0,Nurture / Mid-Market,Healthcare & Life Sciences,APAC & Australia,Healthcare & Life Sciences Digital Labs,Digital Inbound,Pipeline Generation,1981179,55
TCS-CMP-00404,Life Sciences DataHub - Cloud,Tech Analyst Webinars,2026-01-10,2026-01,40049,96034,2480,127,67,31,16,10,4,22117176,Enterprise High-Value,Retail & CPG,India & Middle East,Cloud & Infrastructure Transformation,Digital Inbound,Brand Authority & MQLs,5529294,79
TCS-CMP-00405,Life Sciences DataHub - Cloud,Account-Based Email,2026-04-04,2026-04,17664,27834,940,85,66,32,25,17,8,25977656,Nurture / Mid-Market,Healthcare & Life Sciences,APAC & Australia,Cloud & Infrastructure Transformation,Outbound ABM,Pipeline Generation,3247207,77
TCS-CMP-00406,NextGen CX - Cloud,Industry Display & Media,2025-11-09,2025-11,23015,156568,1687,56,20,5,2,1,0,0,Enterprise High-Value,Healthcare & Life Sciences,Nordics & Benelux,Cloud & Infrastructure Transformation,Digital Inbound,Strategic Account Penetration,4791728,178
TCS-CMP-00407,Cognitive Ops 2.0 - Healthcare,Tech Analyst Webinars,2026-07-25,2026-07,39328,146322,2732,201,115,51,22,15,5,12999600,Nurture / Mid-Market,Banking & Capital Markets,North America,Healthcare & Life Sciences Digital Labs,Digital Inbound,Pipeline Generation,2599920,85
TCS-CMP-00408,Q1 Cloud Scale - Healthcare,Google Search,2026-04-06,2026-04,59443,91993,3412,216,102,39,22,15,3,17428770,Enterprise High-Value,Banking & Capital Markets,North America,Healthcare & Life Sciences Digital Labs,Digital Inbound,Strategic Account Penetration,5809590,93
TCS-CMP-00409,BFSI Resiliency - Cyber,Tech Analyst Webinars,2025-10-02,2025-10,22463,40529,946,60,37,15,8,5,1,5793208,Enterprise High-Value,Healthcare & Life Sciences,North America,Cyber Defense & Risk Governance,Digital Inbound,Strategic Account Penetration,5793208,176
TCS-CMP-00410,GenAI Catalyst - BFSI,Account-Based Email,2026-04-14,2026-04,22614,51818,2086,205,148,67,44,36,16,89134256,Strategic Growth Accounts,Manufacturing & Auto,APAC & Australia,BFSI Core Modernization,Outbound ABM,Brand Authority & MQLs,5570891,94
TCS-CMP-00411,Sustainable Tech Suite - Cyber,Industry Display & Media,2025-11-15,2025-11,30616,163650,1714,49,17,5,2,1,0,0,Nurture / Mid-Market,Telecom & Media,APAC & Australia,Cyber Defense & Risk Governance,Digital Inbound,Pipeline Generation,2159788,132
TCS-CMP-00412,Q1 Cloud Scale - Cloud,Google Search,2026-04-26,2026-04,40929,105775,4884,362,190,76,37,20,6,8703342,Emerging Tier / High-CAC,Healthcare & Life Sciences,Europe & UK,Cloud & Infrastructure Transformation,Digital Inbound,Executive Engagement,1450557,74
TCS-CMP-00413,Cognitive Ops 2.0 - Cognitive,Executive Events & Roundtables,2025-12-14,2025-12,65253,43513,670,74,46,18,8,4,1,3347293,Emerging Tier / High-CAC,Manufacturing & Auto,Europe & UK,Cognitive AI & Enterprise Automation,Experiential,Brand Authority & MQLs,3347293,57
TCS-CMP-00414,Life Sciences DataHub - Retail,LinkedIn Enterprise,2025-12-02,2025-12,27100,51988,1375,110,73,45,29,19,7,45066462,Strategic Growth Accounts,Healthcare & Life Sciences,North America,Retail Omnichannel & Supply Chain,Digital Inbound,Pipeline Generation,6438066,78
TCS-CMP-00415,GenAI Catalyst - Retail,Executive Events & Roundtables,2025-10-08,2025-10,128370,104078,1325,120,97,39,15,9,2,13249768,Nurture / Mid-Market,Banking & Capital Markets,Nordics & Benelux,Retail Omnichannel & Supply Chain,Experiential,Executive Engagement,6624884,70
TCS-CMP-00416,Global Horizon - Cloud,LinkedIn Enterprise,2026-03-28,2026-03,46064,115276,3166,215,163,92,59,38,18,37848798,Emerging Tier / High-CAC,Banking & Capital Markets,Europe & UK,Cloud & Infrastructure Transformation,Digital Inbound,Strategic Account Penetration,2102711,130
TCS-CMP-00417,GenAI Catalyst - Retail,LinkedIn Enterprise,2026-09-05,2026-09,39971,67802,1531,107,72,32,19,13,4,39785668,Enterprise High-Value,Healthcare & Life Sciences,APAC & Australia,Retail Omnichannel & Supply Chain,Digital Inbound,Pipeline Generation,9946417,198
TCS-CMP-00418,Global Horizon - Cloud,Industry Display & Media,2026-05-25,2026-05,20774,149443,1522,60,23,7,3,1,0,0,Enterprise High-Value,Manufacturing & Auto,Europe & UK,Cloud & Infrastructure Transformation,Digital Inbound,Pipeline Generation,4964767,144
TCS-CMP-00419,Zero Trust Enterprise - Healthcare,Account-Based Email,2026-04-06,2026-04,23735,47529,2460,253,147,76,49,37,14,72925146,Strategic Growth Accounts,Energy & Utilities,Europe & UK,Healthcare & Life Sciences Digital Labs,Outbound ABM,Pipeline Generation,5208939,117
TCS-CMP-00420,Q1 Cloud Scale - Cognitive,LinkedIn Enterprise,2026-04-21,2026-04,58169,98174,2900,322,221,110,58,38,12,29708952,Emerging Tier / High-CAC,Energy & Utilities,India & Middle East,Cognitive AI & Enterprise Automation,Digital Inbound,Strategic Account Penetration,2475746,109
TCS-CMP-00421,Cognitive Ops 2.0 - Retail,Google Search,2026-05-01,2026-05,68777,152663,4840,350,209,103,56,31,11,67632367,Enterprise High-Value,Banking & Capital Markets,North America,Retail Omnichannel & Supply Chain,Digital Inbound,Strategic Account Penetration,6148397,199
TCS-CMP-00422,SAP S/4 Hana Accelerated - Cognitive,Executive Events & Roundtables,2026-03-28,2026-03,88362,74761,1145,138,113,43,16,10,2,22620294,Strategic Growth Accounts,Banking & Capital Markets,India & Middle East,Cognitive AI & Enterprise Automation,Experiential,Executive Engagement,11310147,78
TCS-CMP-00423,SAP S/4 Hana Accelerated - Healthcare,Executive Events & Roundtables,2026-07-14,2026-07,117998,70465,1233,155,87,32,17,11,4,53905548,Enterprise High-Value,Telecom & Media,North America,Healthcare & Life Sciences Digital Labs,Experiential,Pipeline Generation,13476387,149
TCS-CMP-00424,Zero Trust Enterprise - Cognitive,Executive Events & Roundtables,2026-02-14,2026-02,120329,82168,1488,210,140,46,17,11,3,26844063,Strategic Growth Accounts,Energy & Utilities,North America,Cognitive AI & Enterprise Automation,Experiential,Brand Authority & MQLs,8948021,117
TCS-CMP-00425,Global Horizon - Cloud,Industry Display & Media,2026-05-06,2026-05,25972,169306,1618,58,26,8,3,1,0,0,Emerging Tier / High-CAC,Manufacturing & Auto,North America,Cloud & Infrastructure Transformation,Digital Inbound,Executive Engagement,1050217,96
TCS-CMP-00426,Zero Trust Enterprise - BFSI,Google Search,2025-10-28,2025-10,65457,106893,4684,317,165,78,44,34,12,17252232,Emerging Tier / High-CAC,Banking & Capital Markets,Nordics & Benelux,BFSI Core Modernization,Digital Inbound,Executive Engagement,1437686,134
TCS-CMP-00427,Q1 Cloud Scale - Cloud,Executive Events & Roundtables,2026-06-28,2026-06,67511,55837,837,117,98,33,15,10,3,33801321,Strategic Growth Accounts,Retail & CPG,India & Middle East,Cloud & Infrastructure Transformation,Experiential,Brand Authority & MQLs,11267107,68
TCS-CMP-00428,BFSI Resiliency - Healthcare,Google Search,2026-06-17,2026-06,63711,122949,5840,337,159,61,33,22,7,45542231,Enterprise High-Value,Retail & CPG,Europe & UK,Healthcare & Life Sciences Digital Labs,Digital Inbound,Brand Authority & MQLs,6506033,133
TCS-CMP-00429,Q1 Cloud Scale - Cloud,Tech Analyst Webinars,2025-12-05,2025-12,37103,88796,2384,128,57,20,9,6,2,5280150,Nurture / Mid-Market,Energy & Utilities,Europe & UK,Cloud & Infrastructure Transformation,Digital Inbound,Executive Engagement,2640075,85
TCS-CMP-00430,OmniCommerce Edge - Cyber,Tech Analyst Webinars,2026-09-27,2026-09,26934,54339,1275,91,40,18,8,4,1,2124752,Nurture / Mid-Market,Manufacturing & Auto,APAC & Australia,Cyber Defense & Risk Governance,Digital Inbound,Pipeline Generation,2124752,80
TCS-CMP-00431,BFSI Resiliency - Cloud,Tech Analyst Webinars,2026-05-12,2026-05,26555,36819,884,64,38,14,6,4,1,3593011,Strategic Growth Accounts,Banking & Capital Markets,North America,Cloud & Infrastructure Transformation,Digital Inbound,Strategic Account Penetration,3593011,45
TCS-CMP-00432,Life Sciences DataHub - Healthcare,Tech Analyst Webinars,2026-03-24,2026-03,16016,59021,1574,81,41,18,9,6,1,3815442,Strategic Growth Accounts,Healthcare & Life Sciences,Nordics & Benelux,Healthcare & Life Sciences Digital Labs,Digital Inbound,Pipeline Generation,3815442,71
TCS-CMP-00433,Cognitive Ops 2.0 - Retail,Google Search,2026-01-10,2026-01,39567,80129,3795,311,196,87,53,37,13,90679134,Enterprise High-Value,Retail & CPG,Nordics & Benelux,Retail Omnichannel & Supply Chain,Digital Inbound,Brand Authority & MQLs,6975318,99
TCS-CMP-00434,CyberShield 360 - Cloud,Tech Analyst Webinars,2026-05-19,2026-05,17426,24509,607,34,19,8,4,2,1,3597942,Strategic Growth Accounts,Banking & Capital Markets,APAC & Australia,Cloud & Infrastructure Transformation,Digital Inbound,Executive Engagement,3597942,105
TCS-CMP-00435,BFSI Resiliency - Healthcare,Executive Events & Roundtables,2026-07-09,2026-07,81826,98455,1244,113,75,26,13,7,2,36105860,Enterprise High-Value,Manufacturing & Auto,APAC & Australia,Healthcare & Life Sciences Digital Labs,Experiential,Strategic Account Penetration,18052930,126
TCS-CMP-00436,Cognitive Ops 2.0 - Retail,LinkedIn Enterprise,2026-03-10,2026-03,18909,42255,1188,112,82,37,24,20,8,32558456,Nurture / Mid-Market,Retail & CPG,Europe & UK,Retail Omnichannel & Supply Chain,Digital Inbound,Executive Engagement,4069807,64
TCS-CMP-00437,NextGen CX - Cyber,LinkedIn Enterprise,2025-11-04,2025-11,31996,51610,1091,81,55,27,16,11,5,55887795,Enterprise High-Value,Energy & Utilities,India & Middle East,Cyber Defense & Risk Governance,Digital Inbound,Pipeline Generation,11177559,118
TCS-CMP-00438,Cognitive Ops 2.0 - Healthcare,Industry Display & Media,2026-06-07,2026-06,47179,329408,2648,82,37,11,4,2,0,0,Emerging Tier / High-CAC,Retail & CPG,North America,Healthcare & Life Sciences Digital Labs,Digital Inbound,Strategic Account Penetration,935936,63
TCS-CMP-00439,Cognitive Ops 2.0 - Cognitive,Tech Analyst Webinars,2026-05-01,2026-05,35291,74710,1953,123,70,24,13,6,2,12858336,Enterprise High-Value,Healthcare & Life Sciences,Europe & UK,Cognitive AI & Enterprise Automation,Digital Inbound,Executive Engagement,6429168,191
TCS-CMP-00440,Sustainable Tech Suite - Cyber,LinkedIn Enterprise,2026-05-23,2026-05,57717,147597,4538,343,256,129,71,47,14,101115966,Strategic Growth Accounts,Healthcare & Life Sciences,India & Middle East,Cyber Defense & Risk Governance,Digital Inbound,Executive Engagement,7222569,47
TCS-CMP-00441,GenAI Catalyst - Cognitive,Google Search,2026-03-04,2026-03,27852,49588,1908,124,63,22,11,7,3,11229621,Strategic Growth Accounts,Energy & Utilities,Nordics & Benelux,Cognitive AI & Enterprise Automation,Digital Inbound,Pipeline Generation,3743207,136
TCS-CMP-00442,SAP S/4 Hana Accelerated - BFSI,LinkedIn Enterprise,2026-07-25,2026-07,58051,125922,3419,311,221,95,54,43,17,193136456,Enterprise High-Value,Banking & Capital Markets,North America,BFSI Core Modernization,Digital Inbound,Pipeline Generation,11360968,98
TCS-CMP-00443,Cognitive Ops 2.0 - Retail,Industry Display & Media,2026-01-15,2026-01,34436,136266,1371,46,19,5,2,1,0,0,Emerging Tier / High-CAC,Energy & Utilities,Nordics & Benelux,Retail Omnichannel & Supply Chain,Digital Inbound,Strategic Account Penetration,1106557,134
TCS-CMP-00444,Life Sciences DataHub - BFSI,Executive Events & Roundtables,2026-07-13,2026-07,104789,122010,1756,179,121,50,24,14,4,43940072,Strategic Growth Accounts,Manufacturing & Auto,North America,BFSI Core Modernization,Experiential,Executive Engagement,10985018,81
TCS-CMP-00445,SAP S/4 Hana Accelerated - Cloud,LinkedIn Enterprise,2026-03-06,2026-03,41294,97744,2724,260,181,88,50,37,17,60388624,Nurture / Mid-Market,Telecom & Media,North America,Cloud & Infrastructure Transformation,Digital Inbound,Pipeline Generation,3552272,57
TCS-CMP-00446,CyberShield 360 - Cyber,LinkedIn Enterprise,2026-02-18,2026-02,35330,56685,1591,123,95,57,36,23,8,84837488,Enterprise High-Value,Energy & Utilities,APAC & Australia,Cyber Defense & Risk Governance,Digital Inbound,Brand Authority & MQLs,10604686,175
TCS-CMP-00447,CyberShield 360 - Cognitive,Tech Analyst Webinars,2026-04-11,2026-04,15397,49205,947,65,34,12,6,4,1,2188801,Nurture / Mid-Market,Banking & Capital Markets,North America,Cognitive AI & Enterprise Automation,Digital Inbound,Executive Engagement,2188801,111
TCS-CMP-00448,OmniCommerce Edge - Cloud,Tech Analyst Webinars,2025-11-13,2025-11,40341,115863,2792,219,129,48,20,11,4,23125920,Enterprise High-Value,Healthcare & Life Sciences,Nordics & Benelux,Cloud & Infrastructure Transformation,Digital Inbound,Brand Authority & MQLs,5781480,139
TCS-CMP-00449,Q1 Cloud Scale - Cloud,LinkedIn Enterprise,2025-11-21,2025-11,36074,84023,2659,185,125,77,47,34,9,37015353,Nurture / Mid-Market,Energy & Utilities,APAC & Australia,Cloud & Infrastructure Transformation,Digital Inbound,Brand Authority & MQLs,4112817,109
TCS-CMP-00450,Cognitive Ops 2.0 - Healthcare,Tech Analyst Webinars,2025-10-13,2025-10,40181,72480,1576,102,43,14,7,4,1,5468416,Enterprise High-Value,Retail & CPG,North America,Healthcare & Life Sciences Digital Labs,Digital Inbound,Executive Engagement,5468416,172
TCS-CMP-00451,BFSI Resiliency - BFSI,Tech Analyst Webinars,2026-02-04,2026-02,28182,73470,1818,138,64,27,16,10,2,4103472,Nurture / Mid-Market,Manufacturing & Auto,APAC & Australia,BFSI Core Modernization,Digital Inbound,Strategic Account Penetration,2051736,96
TCS-CMP-00452,Q1 Cloud Scale - BFSI,Industry Display & Media,2026-07-10,2026-07,29192,188254,1734,59,20,7,3,1,0,0,Nurture / Mid-Market,Retail & CPG,APAC & Australia,BFSI Core Modernization,Digital Inbound,Pipeline Generation,1837867,143
TCS-CMP-00453,Cognitive Ops 2.0 - BFSI,Account-Based Email,2025-10-08,2025-10,18395,30006,1092,100,62,28,16,10,4,14045968,Nurture / Mid-Market,Telecom & Media,Nordics & Benelux,BFSI Core Modernization,Outbound ABM,Strategic Account Penetration,3511492,111
TCS-CMP-00454,SAP S/4 Hana Accelerated - Retail,LinkedIn Enterprise,2026-03-04,2026-03,64644,130228,3552,341,265,132,99,60,16,147874480,Enterprise High-Value,Retail & CPG,North America,Retail Omnichannel & Supply Chain,Digital Inbound,Brand Authority & MQLs,9242155,91
TCS-CMP-00455,Q1 Cloud Scale - Cloud,Tech Analyst Webinars,2025-12-08,2025-12,36283,58802,1451,110,69,23,11,6,1,2301616,Nurture / Mid-Market,Retail & CPG,APAC & Australia,Cloud & Infrastructure Transformation,Digital Inbound,Pipeline Generation,2301616,135
TCS-CMP-00456,BFSI Resiliency - Cyber,Executive Events & Roundtables,2025-10-11,2025-10,74919,54706,954,129,83,29,15,10,2,19542076,Strategic Growth Accounts,Telecom & Media,APAC & Australia,Cyber Defense & Risk Governance,Experiential,Strategic Account Penetration,9771038,69
TCS-CMP-00457,SAP S/4 Hana Accelerated - Healthcare,Account-Based Email,2025-10-01,2025-10,27601,59429,2406,178,139,86,55,44,14,67136314,Strategic Growth Accounts,Healthcare & Life Sciences,Europe & UK,Healthcare & Life Sciences Digital Labs,Outbound ABM,Brand Authority & MQLs,4795451,61
TCS-CMP-00458,BFSI Resiliency - Healthcare,Industry Display & Media,2026-02-24,2026-02,18895,103954,818,32,14,4,2,1,0,0,Enterprise High-Value,Retail & CPG,APAC & Australia,Healthcare & Life Sciences Digital Labs,Digital Inbound,Strategic Account Penetration,4971754,120
TCS-CMP-00459,Global Horizon - Cyber,Account-Based Email,2026-06-23,2026-06,16258,33424,1720,166,105,57,34,26,12,109955040,Enterprise High-Value,Energy & Utilities,India & Middle East,Cyber Defense & Risk Governance,Outbound ABM,Executive Engagement,9162920,120
TCS-CMP-00460,SAP S/4 Hana Accelerated - Cognitive,Tech Analyst Webinars,2026-01-09,2026-01,19265,32834,586,43,24,9,4,2,0,0,Emerging Tier / High-CAC,Healthcare & Life Sciences,India & Middle East,Cognitive AI & Enterprise Automation,Digital Inbound,Pipeline Generation,1550948,74
TCS-CMP-00461,Global Horizon - Cloud,Google Search,2026-04-05,2026-04,38263,73722,2861,178,118,51,28,22,8,32776088,Strategic Growth Accounts,Telecom & Media,North America,Cloud & Infrastructure Transformation,Digital Inbound,Pipeline Generation,4097011,86
TCS-CMP-00462,SAP S/4 Hana Accelerated - BFSI,Google Search,2026-02-14,2026-02,36137,69898,2665,162,95,35,18,12,3,3906543,Emerging Tier / High-CAC,Manufacturing & Auto,Nordics & Benelux,BFSI Core Modernization,Digital Inbound,Brand Authority & MQLs,1302181,131
TCS-CMP-00463,Global Horizon - Healthcare,LinkedIn Enterprise,2025-11-09,2025-11,27227,35349,1002,72,46,29,20,14,5,16700445,Nurture / Mid-Market,Healthcare & Life Sciences,Europe & UK,Healthcare & Life Sciences Digital Labs,Digital Inbound,Executive Engagement,3340089,71
TCS-CMP-00464,NextGen CX - Healthcare,LinkedIn Enterprise,2026-08-07,2026-08,38506,64755,1411,108,76,37,24,16,7,26397777,Nurture / Mid-Market,Banking & Capital Markets,APAC & Australia,Healthcare & Life Sciences Digital Labs,Digital Inbound,Strategic Account Penetration,3771111,135
TCS-CMP-00465,Zero Trust Enterprise - Cognitive,Tech Analyst Webinars,2026-07-16,2026-07,24859,40070,779,44,27,12,7,5,1,1500924,Emerging Tier / High-CAC,Manufacturing & Auto,APAC & Australia,Cognitive AI & Enterprise Automation,Digital Inbound,Pipeline Generation,1500924,125
TCS-CMP-00466,Q1 Cloud Scale - Cognitive,LinkedIn Enterprise,2026-04-06,2026-04,52569,151899,3473,270,206,110,57,41,15,64127610,Nurture / Mid-Market,Retail & CPG,Europe & UK,Cognitive AI & Enterprise Automation,Digital Inbound,Brand Authority & MQLs,4275174,118
TCS-CMP-00467,Q1 Cloud Scale - Healthcare,Google Search,2025-12-24,2025-12,70992,142054,5763,471,243,106,67,46,14,17379530,Emerging Tier / High-CAC,Banking & Capital Markets,APAC & Australia,Healthcare & Life Sciences Digital Labs,Digital Inbound,Pipeline Generation,1241395,103
TCS-CMP-00468,OmniCommerce Edge - Cognitive,LinkedIn Enterprise,2026-05-01,2026-05,56438,130204,3907,420,264,134,94,78,25,59807975,Emerging Tier / High-CAC,Healthcare & Life Sciences,APAC & Australia,Cognitive AI & Enterprise Automation,Digital Inbound,Executive Engagement,2392319,96
TCS-CMP-00469,Life Sciences DataHub - Healthcare,Executive Events & Roundtables,2025-12-02,2025-12,103187,84902,1095,134,83,27,11,7,2,31086826,Enterprise High-Value,Manufacturing & Auto,Nordics & Benelux,Healthcare & Life Sciences Digital Labs,Experiential,Pipeline Generation,15543413,175
TCS-CMP-00470,OmniCommerce Edge - Healthcare,Tech Analyst Webinars,2026-06-09,2026-06,35823,70283,1857,123,61,24,12,7,2,3009756,Emerging Tier / High-CAC,Banking & Capital Markets,Nordics & Benelux,Healthcare & Life Sciences Digital Labs,Digital Inbound,Brand Authority & MQLs,1504878,48
TCS-CMP-00471,Global Horizon - Cyber,Executive Events & Roundtables,2026-09-27,2026-09,98566,72307,1099,156,121,36,13,7,2,7981812,Emerging Tier / High-CAC,Retail & CPG,APAC & Australia,Cyber Defense & Risk Governance,Experiential,Pipeline Generation,3990906,73
TCS-CMP-00472,Life Sciences DataHub - Cloud,Industry Display & Media,2025-11-11,2025-11,18764,129385,1204,46,16,4,2,1,0,0,Enterprise High-Value,Telecom & Media,North America,Cloud & Infrastructure Transformation,Digital Inbound,Executive Engagement,4587444,68
TCS-CMP-00473,OmniCommerce Edge - BFSI,Industry Display & Media,2025-11-14,2025-11,16415,80020,890,28,14,3,1,0,0,0,Strategic Growth Accounts,Manufacturing & Auto,Europe & UK,BFSI Core Modernization,Digital Inbound,Executive Engagement,3623797,74
TCS-CMP-00474,Cognitive Ops 2.0 - Retail,Account-Based Email,2026-02-06,2026-02,9276,19904,966,87,58,34,20,15,5,9286980,Emerging Tier / High-CAC,Telecom & Media,India & Middle East,Retail Omnichannel & Supply Chain,Outbound ABM,Executive Engagement,1857396,104
TCS-CMP-00475,Cognitive Ops 2.0 - Retail,Google Search,2026-09-15,2026-09,38656,85931,3060,176,118,47,30,18,6,22258284,Strategic Growth Accounts,Retail & CPG,Europe & UK,Retail Omnichannel & Supply Chain,Digital Inbound,Strategic Account Penetration,3709714,113
TCS-CMP-00476,Global Horizon - Cyber,Account-Based Email,2026-02-14,2026-02,27071,50022,2283,148,96,52,37,26,13,23218364,Emerging Tier / High-CAC,Energy & Utilities,North America,Cyber Defense & Risk Governance,Outbound ABM,Pipeline Generation,1786028,117
TCS-CMP-00477,CyberShield 360 - Cyber,Executive Events & Roundtables,2026-03-06,2026-03,80754,56482,894,81,59,17,9,5,2,13396598,Nurture / Mid-Market,Energy & Utilities,North America,Cyber Defense & Risk Governance,Experiential,Pipeline Generation,6698299,88
TCS-CMP-00478,Zero Trust Enterprise - Healthcare,Executive Events & Roundtables,2026-07-17,2026-07,131517,97839,1802,228,180,58,26,14,4,21538076,Nurture / Mid-Market,Retail & CPG,Europe & UK,Healthcare & Life Sciences Digital Labs,Experiential,Brand Authority & MQLs,5384519,77
TCS-CMP-00479,GenAI Catalyst - Cognitive,Account-Based Email,2026-07-20,2026-07,17052,39658,1731,143,97,62,34,26,10,21061870,Emerging Tier / High-CAC,Telecom & Media,Nordics & Benelux,Cognitive AI & Enterprise Automation,Outbound ABM,Strategic Account Penetration,2106187,88
TCS-CMP-00480,Global Horizon - Cyber,Executive Events & Roundtables,2026-02-09,2026-02,93017,76068,1373,192,158,48,21,10,3,51642654,Enterprise High-Value,Retail & CPG,Europe & UK,Cyber Defense & Risk Governance,Experiential,Strategic Account Penetration,17214218,194
TCS-CMP-00481,Sustainable Tech Suite - Retail,Executive Events & Roundtables,2026-04-25,2026-04,83862,65299,840,118,92,31,15,8,2,30076236,Enterprise High-Value,Healthcare & Life Sciences,Nordics & Benelux,Retail Omnichannel & Supply Chain,Experiential,Strategic Account Penetration,15038118,186
TCS-CMP-00482,Life Sciences DataHub - Cloud,LinkedIn Enterprise,2025-11-27,2025-11,56581,84416,2548,220,164,98,56,36,15,171274545,Enterprise High-Value,Manufacturing & Auto,APAC & Australia,Cloud & Infrastructure Transformation,Digital Inbound,Pipeline Generation,11418303,103
TCS-CMP-00483,CyberShield 360 - Retail,Tech Analyst Webinars,2026-09-19,2026-09,18520,29321,747,53,28,10,5,3,1,1166932,Emerging Tier / High-CAC,Manufacturing & Auto,Nordics & Benelux,Retail Omnichannel & Supply Chain,Digital Inbound,Executive Engagement,1166932,55
TCS-CMP-00484,Zero Trust Enterprise - Cyber,Industry Display & Media,2026-04-07,2026-04,42512,180230,1535,58,20,5,2,1,0,0,Nurture / Mid-Market,Telecom & Media,Europe & UK,Cyber Defense & Risk Governance,Digital Inbound,Executive Engagement,2050358,79
TCS-CMP-00485,SAP S/4 Hana Accelerated - Cloud,Executive Events & Roundtables,2026-05-08,2026-05,131298,105240,1659,226,165,47,20,11,2,7040532,Emerging Tier / High-CAC,Manufacturing & Auto,North America,Cloud & Infrastructure Transformation,Experiential,Strategic Account Penetration,3520266,62
TCS-CMP-00486,OmniCommerce Edge - Healthcare,Account-Based Email,2026-06-04,2026-06,23603,29478,1075,72,48,26,20,17,9,93248514,Enterprise High-Value,Telecom & Media,Europe & UK,Healthcare & Life Sciences Digital Labs,Outbound ABM,Strategic Account Penetration,10360946,137
TCS-CMP-00487,CyberShield 360 - Healthcare,LinkedIn Enterprise,2026-09-19,2026-09,63257,95269,2685,294,163,86,55,41,17,164484180,Enterprise High-Value,Telecom & Media,Nordics & Benelux,Healthcare & Life Sciences Digital Labs,Digital Inbound,Executive Engagement,9675540,179
TCS-CMP-00488,CyberShield 360 - Cognitive,Account-Based Email,2025-12-23,2025-12,9321,15149,704,65,49,31,19,17,6,46513344,Enterprise High-Value,Banking & Capital Markets,Nordics & Benelux,Cognitive AI & Enterprise Automation,Outbound ABM,Pipeline Generation,7752224,166
TCS-CMP-00489,GenAI Catalyst - Cloud,Account-Based Email,2026-09-22,2026-09,14267,43776,1702,175,98,63,38,24,10,77122120,Enterprise High-Value,Manufacturing & Auto,APAC & Australia,Cloud & Infrastructure Transformation,Outbound ABM,Executive Engagement,7712212,147
TCS-CMP-00490,Life Sciences DataHub - BFSI,Executive Events & Roundtables,2026-02-25,2026-02,120561,84182,1479,186,128,45,16,8,3,11410854,Emerging Tier / High-CAC,Energy & Utilities,APAC & Australia,BFSI Core Modernization,Experiential,Executive Engagement,3803618,90
TCS-CMP-00491,CyberShield 360 - Cognitive,Industry Display & Media,2025-10-13,2025-10,40851,194218,1982,62,21,7,3,1,0,0,Emerging Tier / High-CAC,Healthcare & Life Sciences,North America,Cognitive AI & Enterprise Automation,Digital Inbound,Pipeline Generation,950640,126
TCS-CMP-00492,GenAI Catalyst - Healthcare,Industry Display & Media,2026-03-06,2026-03,36002,276108,2140,88,33,9,4,2,0,0,Nurture / Mid-Market,Retail & CPG,Europe & UK,Healthcare & Life Sciences Digital Labs,Digital Inbound,Executive Engagement,2290240,116
TCS-CMP-00493,Cognitive Ops 2.0 - Cloud,Google Search,2026-04-01,2026-04,25456,59740,2354,151,87,32,17,10,3,8296908,Nurture / Mid-Market,Retail & CPG,India & Middle East,Cloud & Infrastructure Transformation,Digital Inbound,Pipeline Generation,2765636,130
TCS-CMP-00494,BFSI Resiliency - Cyber,LinkedIn Enterprise,2026-05-14,2026-05,40706,92606,2073,184,139,64,47,36,16,112800560,Strategic Growth Accounts,Telecom & Media,APAC & Australia,Cyber Defense & Risk Governance,Digital Inbound,Brand Authority & MQLs,7050035,67
TCS-CMP-00495,Zero Trust Enterprise - Cognitive,LinkedIn Enterprise,2026-02-07,2026-02,42187,91915,2758,262,139,82,44,29,11,37381410,Nurture / Mid-Market,Telecom & Media,North America,Cognitive AI & Enterprise Automation,Digital Inbound,Brand Authority & MQLs,3398310,67
TCS-CMP-00496,Cognitive Ops 2.0 - Retail,Google Search,2026-05-16,2026-05,62525,152979,6052,376,248,102,50,33,7,20478360,Nurture / Mid-Market,Banking & Capital Markets,APAC & Australia,Retail Omnichannel & Supply Chain,Digital Inbound,Strategic Account Penetration,2925480,51
TCS-CMP-00497,Life Sciences DataHub - Retail,Account-Based Email,2026-06-07,2026-06,18589,28631,1358,105,79,42,29,21,7,33603038,Strategic Growth Accounts,Retail & CPG,Nordics & Benelux,Retail Omnichannel & Supply Chain,Outbound ABM,Pipeline Generation,4800434,107
TCS-CMP-00498,Cognitive Ops 2.0 - Cloud,Industry Display & Media,2026-03-28,2026-03,32740,143314,1037,30,12,4,2,1,0,0,Nurture / Mid-Market,Retail & CPG,Europe & UK,Cloud & Infrastructure Transformation,Digital Inbound,Strategic Account Penetration,1852011,131
TCS-CMP-00499,GenAI Catalyst - BFSI,Google Search,2026-01-23,2026-01,67116,135384,4509,316,216,92,46,27,11,28368230,Nurture / Mid-Market,Retail & CPG,Nordics & Benelux,BFSI Core Modernization,Digital Inbound,Executive Engagement,2578930,132
TCS-CMP-00500,SAP S/4 Hana Accelerated - Healthcare,Tech Analyst Webinars,2026-03-18,2026-03,23108,40986,896,54,32,11,5,3,1,5451132,Enterprise High-Value,Telecom & Media,APAC & Australia,Healthcare & Life Sciences Digital Labs,Digital Inbound,Executive Engagement,5451132,116
TCS-CMP-00501,GenAI Catalyst - Retail,Industry Display & Media,2026-08-15,2026-08,25571,119153,938,39,13,3,1,1,0,0,Enterprise High-Value,Retail & CPG,APAC & Australia,Retail Omnichannel & Supply Chain,Digital Inbound,Pipeline Generation,5513280,102
TCS-CMP-00502,OmniCommerce Edge - Cognitive,LinkedIn Enterprise,2026-07-03,2026-07,28096,55314,1305,119,85,41,24,17,7,14621467,Emerging Tier / High-CAC,Retail & CPG,APAC & Australia,Cognitive AI & Enterprise Automation,Digital Inbound,Brand Authority & MQLs,2088781,92
TCS-CMP-00503,BFSI Resiliency - Healthcare,Industry Display & Media,2026-02-19,2026-02,34895,230998,1868,69,31,10,4,2,0,0,Nurture / Mid-Market,Manufacturing & Auto,Nordics & Benelux,Healthcare & Life Sciences Digital Labs,Digital Inbound,Brand Authority & MQLs,2206368,110
TCS-CMP-00504,SAP S/4 Hana Accelerated - Retail,Account-Based Email,2026-04-25,2026-04,23346,41009,1986,144,101,64,41,28,9,43654032,Strategic Growth Accounts,Energy & Utilities,North America,Retail Omnichannel & Supply Chain,Outbound ABM,Brand Authority & MQLs,4850448,131
TCS-CMP-00505,Global Horizon - Cyber,LinkedIn Enterprise,2026-01-05,2026-01,47466,105914,2863,197,140,76,41,32,9,21159117,Emerging Tier / High-CAC,Banking & Capital Markets,Europe & UK,Cyber Defense & Risk Governance,Digital Inbound,Executive Engagement,2351013,122
TCS-CMP-00506,CyberShield 360 - BFSI,Google Search,2025-12-13,2025-12,28465,82828,3134,237,120,47,28,20,5,6771690,Emerging Tier / High-CAC,Banking & Capital Markets,Nordics & Benelux,BFSI Core Modernization,Digital Inbound,Strategic Account Penetration,1354338,141
TCS-CMP-00507,Global Horizon - Healthcare,Google Search,2026-02-20,2026-02,58768,76366,2415,146,97,35,22,13,5,36119670,Enterprise High-Value,Telecom & Media,Nordics & Benelux,Healthcare & Life Sciences Digital Labs,Digital Inbound,Executive Engagement,7223934,94
TCS-CMP-00508,Zero Trust Enterprise - Cyber,Account-Based Email,2025-11-22,2025-11,9708,28421,1073,96,69,35,27,19,8,82144328,Enterprise High-Value,Manufacturing & Auto,North America,Cyber Defense & Risk Governance,Outbound ABM,Pipeline Generation,10268041,86
TCS-CMP-00509,SAP S/4 Hana Accelerated - Cloud,Google Search,2026-02-09,2026-02,30011,89569,4088,316,153,61,32,19,4,5045152,Emerging Tier / High-CAC,Manufacturing & Auto,India & Middle East,Cloud & Infrastructure Transformation,Digital Inbound,Strategic Account Penetration,1261288,49
TCS-CMP-00510,NextGen CX - Cyber,Account-Based Email,2025-10-15,2025-10,20555,31767,1440,112,70,32,24,20,9,27827271,Nurture / Mid-Market,Retail & CPG,APAC & Australia,Cyber Defense & Risk Governance,Outbound ABM,Strategic Account Penetration,3091919,51
TCS-CMP-00511,Life Sciences DataHub - BFSI,Industry Display & Media,2026-08-08,2026-08,43406,228031,2246,65,23,6,2,1,0,0,Nurture / Mid-Market,Retail & CPG,India & Middle East,BFSI Core Modernization,Digital Inbound,Brand Authority & MQLs,1819073,108
TCS-CMP-00512,OmniCommerce Edge - Healthcare,Account-Based Email,2025-11-02,2025-11,16819,41856,1741,185,144,64,35,23,7,28032403,Nurture / Mid-Market,Energy & Utilities,India & Middle East,Healthcare & Life Sciences Digital Labs,Outbound ABM,Brand Authority & MQLs,4004629,78
TCS-CMP-00513,Zero Trust Enterprise - Cloud,Google Search,2026-01-12,2026-01,46891,90984,3335,274,162,67,40,24,5,34409050,Enterprise High-Value,Telecom & Media,Nordics & Benelux,Cloud & Infrastructure Transformation,Digital Inbound,Executive Engagement,6881810,169
TCS-CMP-00514,SAP S/4 Hana Accelerated - Cyber,Executive Events & Roundtables,2025-12-03,2025-12,108862,90933,1135,147,93,33,16,8,2,37179748,Enterprise High-Value,Healthcare & Life Sciences,India & Middle East,Cyber Defense & Risk Governance,Experiential,Executive Engagement,18589874,117
TCS-CMP-00515,BFSI Resiliency - Retail,Google Search,2026-04-27,2026-04,66923,137539,6114,409,283,106,66,52,19,30734666,Emerging Tier / High-CAC,Manufacturing & Auto,North America,Retail Omnichannel & Supply Chain,Digital Inbound,Brand Authority & MQLs,1617614,83
TCS-CMP-00516,Global Horizon - Cloud,Google Search,2025-10-11,2025-10,45707,82860,2737,159,97,37,17,13,3,14183715,Strategic Growth Accounts,Retail & CPG,North America,Cloud & Infrastructure Transformation,Digital Inbound,Strategic Account Penetration,4727905,58
TCS-CMP-00517,Sustainable Tech Suite - Cloud,Account-Based Email,2026-07-28,2026-07,15789,39489,1709,127,70,33,24,18,8,15508496,Emerging Tier / High-CAC,Manufacturing & Auto,Europe & UK,Cloud & Infrastructure Transformation,Outbound ABM,Pipeline Generation,1938562,49
TCS-CMP-00518,Global Horizon - Cyber,Executive Events & Roundtables,2026-04-16,2026-04,52431,35457,475,68,49,16,7,4,1,5658130,Nurture / Mid-Market,Telecom & Media,APAC & Australia,Cyber Defense & Risk Governance,Experiential,Brand Authority & MQLs,5658130,101
TCS-CMP-00519,GenAI Catalyst - Retail,Executive Events & Roundtables,2026-08-08,2026-08,131812,149416,2169,292,188,61,28,14,5,82375105,Enterprise High-Value,Retail & CPG,APAC & Australia,Retail Omnichannel & Supply Chain,Experiential,Executive Engagement,16475021,188
TCS-CMP-00520,NextGen CX - Healthcare,LinkedIn Enterprise,2026-02-26,2026-02,46697,78270,1919,154,107,51,35,26,10,18428370,Emerging Tier / High-CAC,Energy & Utilities,Nordics & Benelux,Healthcare & Life Sciences Digital Labs,Digital Inbound,Pipeline Generation,1842837,101
TCS-CMP-00521,SAP S/4 Hana Accelerated - Retail,Executive Events & Roundtables,2026-05-18,2026-05,81200,105459,1312,143,109,32,13,6,1,3771939,Emerging Tier / High-CAC,Telecom & Media,APAC & Australia,Retail Omnichannel & Supply Chain,Experiential,Brand Authority & MQLs,3771939,134
TCS-CMP-00522,Q1 Cloud Scale - Cognitive,Account-Based Email,2025-11-02,2025-11,20906,40598,1411,147,101,48,31,25,11,98418001,Enterprise High-Value,Telecom & Media,India & Middle East,Cognitive AI & Enterprise Automation,Outbound ABM,Pipeline Generation,8947091,207
TCS-CMP-00523,Cognitive Ops 2.0 - Cyber,LinkedIn Enterprise,2026-09-06,2026-09,43696,94658,2391,253,162,85,54,34,10,114142850,Enterprise High-Value,Healthcare & Life Sciences,APAC & Australia,Cyber Defense & Risk Governance,Digital Inbound,Executive Engagement,11414285,107
TCS-CMP-00524,BFSI Resiliency - Cognitive,LinkedIn Enterprise,2026-06-23,2026-06,42549,65189,1902,198,124,62,46,40,15,54856965,Nurture / Mid-Market,Energy & Utilities,Nordics & Benelux,Cognitive AI & Enterprise Automation,Digital Inbound,Strategic Account Penetration,3657131,141
TCS-CMP-00525,Cognitive Ops 2.0 - Cognitive,Industry Display & Media,2025-11-07,2025-11,32358,174662,1658,58,27,7,3,1,0,0,Nurture / Mid-Market,Energy & Utilities,Europe & UK,Cognitive AI & Enterprise Automation,Digital Inbound,Brand Authority & MQLs,1960532,57
TCS-CMP-00526,Cognitive Ops 2.0 - Retail,LinkedIn Enterprise,2026-07-28,2026-07,31877,90052,2454,168,109,56,41,34,12,69844200,Strategic Growth Accounts,Banking & Capital Markets,India & Middle East,Retail Omnichannel & Supply Chain,Digital Inbound,Executive Engagement,5820350,83
TCS-CMP-00527,Cognitive Ops 2.0 - Retail,Tech Analyst Webinars,2025-10-05,2025-10,13160,43142,1006,73,45,18,10,7,2,4474540,Nurture / Mid-Market,Banking & Capital Markets,APAC & Australia,Retail Omnichannel & Supply Chain,Digital Inbound,Executive Engagement,2237270,125
TCS-CMP-00528,CyberShield 360 - Retail,Tech Analyst Webinars,2026-06-01,2026-06,15966,50371,1229,60,32,11,6,4,1,2206725,Nurture / Mid-Market,Energy & Utilities,APAC & Australia,Retail Omnichannel & Supply Chain,Digital Inbound,Strategic Account Penetration,2206725,82
TCS-CMP-00529,Life Sciences DataHub - Retail,Tech Analyst Webinars,2026-07-04,2026-07,14052,25683,519,38,20,9,5,3,1,3663547,Strategic Growth Accounts,Manufacturing & Auto,Europe & UK,Retail Omnichannel & Supply Chain,Digital Inbound,Pipeline Generation,3663547,107
TCS-CMP-00530,Life Sciences DataHub - BFSI,LinkedIn Enterprise,2026-06-03,2026-06,62445,118213,2780,191,144,66,35,29,11,21534568,Emerging Tier / High-CAC,Retail & CPG,North America,BFSI Core Modernization,Digital Inbound,Brand Authority & MQLs,1957688,64
TCS-CMP-00531,NextGen CX - Cloud,Executive Events & Roundtables,2025-12-24,2025-12,49742,45119,707,75,49,14,5,3,1,3152339,Emerging Tier / High-CAC,Healthcare & Life Sciences,Europe & UK,Cloud & Infrastructure Transformation,Experiential,Brand Authority & MQLs,3152339,119
TCS-CMP-00532,Global Horizon - Cloud,LinkedIn Enterprise,2026-06-06,2026-06,56190,165598,3658,406,302,148,102,83,28,55505912,Emerging Tier / High-CAC,Energy & Utilities,North America,Cloud & Infrastructure Transformation,Digital Inbound,Pipeline Generation,1982354,50
TCS-CMP-00533,Q1 Cloud Scale - Healthcare,Executive Events & Roundtables,2025-10-04,2025-10,73335,73891,1056,130,82,28,14,7,2,18672294,Strategic Growth Accounts,Energy & Utilities,Europe & UK,Healthcare & Life Sciences Digital Labs,Experiential,Pipeline Generation,9336147,100
TCS-CMP-00534,CyberShield 360 - BFSI,Google Search,2025-12-20,2025-12,41850,76701,2507,234,154,60,30,19,8,38318176,Strategic Growth Accounts,Healthcare & Life Sciences,India & Middle East,BFSI Core Modernization,Digital Inbound,Executive Engagement,4789772,143
TCS-CMP-00535,GenAI Catalyst - BFSI,LinkedIn Enterprise,2026-09-23,2026-09,48134,111062,3062,316,179,95,63,44,18,97847856,Strategic Growth Accounts,Manufacturing & Auto,North America,BFSI Core Modernization,Digital Inbound,Strategic Account Penetration,5435992,55
TCS-CMP-00536,Global Horizon - BFSI,Executive Events & Roundtables,2026-06-13,2026-06,127427,105351,1854,218,141,53,26,13,3,29887539,Strategic Growth Accounts,Healthcare & Life Sciences,Nordics & Benelux,BFSI Core Modernization,Experiential,Strategic Account Penetration,9962513,56
TCS-CMP-00537,CyberShield 360 - Retail,Tech Analyst Webinars,2026-07-21,2026-07,21229,33503,633,45,25,9,4,2,1,6542027,Enterprise High-Value,Banking & Capital Markets,Nordics & Benelux,Retail Omnichannel & Supply Chain,Digital Inbound,Pipeline Generation,6542027,100
TCS-CMP-00538,SAP S/4 Hana Accelerated - Cognitive,Tech Analyst Webinars,2026-02-28,2026-02,37562,88824,1764,129,75,25,11,6,1,2186393,Nurture / Mid-Market,Telecom & Media,North America,Cognitive AI & Enterprise Automation,Digital Inbound,Brand Authority & MQLs,2186393,101
TCS-CMP-00539,Q1 Cloud Scale - Cloud,LinkedIn Enterprise,2026-09-01,2026-09,60874,116940,3165,294,205,112,77,59,21,246967161,Enterprise High-Value,Telecom & Media,Europe & UK,Cloud & Infrastructure Transformation,Digital Inbound,Pipeline Generation,11760341,78
TCS-CMP-00540,Sustainable Tech Suite - BFSI,Industry Display & Media,2026-04-07,2026-04,29169,119687,1288,48,18,6,2,1,0,0,Enterprise High-Value,Banking & Capital Markets,APAC & Australia,BFSI Core Modernization,Digital Inbound,Strategic Account Penetration,5076509,138
TCS-CMP-00541,OmniCommerce Edge - Healthcare,Executive Events & Roundtables,2026-04-27,2026-04,90095,61472,806,108,88,25,9,5,1,3092888,Emerging Tier / High-CAC,Telecom & Media,Europe & UK,Healthcare & Life Sciences Digital Labs,Experiential,Executive Engagement,3092888,134
TCS-CMP-00542,BFSI Resiliency - Healthcare,Tech Analyst Webinars,2026-03-08,2026-03,33617,108173,2087,163,90,30,16,9,3,17354826,Enterprise High-Value,Retail & CPG,North America,Healthcare & Life Sciences Digital Labs,Digital Inbound,Strategic Account Penetration,5784942,66
TCS-CMP-00543,GenAI Catalyst - Cognitive,Industry Display & Media,2026-04-19,2026-04,29896,150781,1198,46,20,6,2,1,0,0,Nurture / Mid-Market,Retail & CPG,India & Middle East,Cognitive AI & Enterprise Automation,Digital Inbound,Brand Authority & MQLs,2118574,92
TCS-CMP-00544,GenAI Catalyst - Cloud,Google Search,2026-04-05,2026-04,51988,83808,3417,219,115,57,28,21,8,12925560,Emerging Tier / High-CAC,Healthcare & Life Sciences,Nordics & Benelux,Cloud & Infrastructure Transformation,Digital Inbound,Pipeline Generation,1615695,59
TCS-CMP-00545,OmniCommerce Edge - Cognitive,Executive Events & Roundtables,2025-11-05,2025-11,65697,70398,1169,130,101,33,15,8,3,51904236,Enterprise High-Value,Telecom & Media,Nordics & Benelux,Cognitive AI & Enterprise Automation,Experiential,Pipeline Generation,17301412,67
TCS-CMP-00546,Cognitive Ops 2.0 - Healthcare,Tech Analyst Webinars,2026-06-26,2026-06,20652,29483,531,37,19,8,4,2,1,7250338,Enterprise High-Value,Retail & CPG,India & Middle East,Healthcare & Life Sciences Digital Labs,Digital Inbound,Pipeline Generation,7250338,202
TCS-CMP-00547,OmniCommerce Edge - Healthcare,Google Search,2026-05-11,2026-05,25350,48616,2245,143,68,28,15,11,4,25553196,Enterprise High-Value,Retail & CPG,North America,Healthcare & Life Sciences Digital Labs,Digital Inbound,Brand Authority & MQLs,6388299,200
TCS-CMP-00548,SAP S/4 Hana Accelerated - Healthcare,LinkedIn Enterprise,2026-04-14,2026-04,61176,145598,3032,246,186,102,54,41,19,126982377,Strategic Growth Accounts,Banking & Capital Markets,Nordics & Benelux,Healthcare & Life Sciences Digital Labs,Digital Inbound,Pipeline Generation,6683283,101
TCS-CMP-00549,SAP S/4 Hana Accelerated - Cyber,Tech Analyst Webinars,2026-06-05,2026-06,17857,35487,767,48,29,11,6,4,1,4186609,Strategic Growth Accounts,Energy & Utilities,India & Middle East,Cyber Defense & Risk Governance,Digital Inbound,Strategic Account Penetration,4186609,81
TCS-CMP-00550,Zero Trust Enterprise - BFSI,LinkedIn Enterprise,2026-02-22,2026-02,46463,83625,2332,189,147,68,47,33,14,60324572,Nurture / Mid-Market,Manufacturing & Auto,Europe & UK,BFSI Core Modernization,Digital Inbound,Strategic Account Penetration,4308898,127
TCS-CMP-00551,Life Sciences DataHub - Retail,Industry Display & Media,2026-05-02,2026-05,20614,96936,885,37,13,4,1,1,0,0,Strategic Growth Accounts,Retail & CPG,APAC & Australia,Retail Omnichannel & Supply Chain,Digital Inbound,Pipeline Generation,3119029,111
TCS-CMP-00552,Cognitive Ops 2.0 - Healthcare,Industry Display & Media,2026-01-06,2026-01,27850,158030,1631,56,23,8,3,2,1,2724128,Strategic Growth Accounts,Healthcare & Life Sciences,India & Middle East,Healthcare & Life Sciences Digital Labs,Digital Inbound,Strategic Account Penetration,2724128,118
TCS-CMP-00553,Life Sciences DataHub - Cyber,Account-Based Email,2026-05-05,2026-05,19341,45676,1972,187,111,66,48,32,11,115341336,Enterprise High-Value,Retail & CPG,Nordics & Benelux,Cyber Defense & Risk Governance,Outbound ABM,Brand Authority & MQLs,10485576,111
TCS-CMP-00554,Global Horizon - Cognitive,Executive Events & Roundtables,2025-12-21,2025-12,93620,59965,854,114,83,32,13,8,2,7076868,Emerging Tier / High-CAC,Retail & CPG,Nordics & Benelux,Cognitive AI & Enterprise Automation,Experiential,Executive Engagement,3538434,133
TCS-CMP-00555,SAP S/4 Hana Accelerated - Healthcare,Executive Events & Roundtables,2026-04-07,2026-04,89820,72687,1021,109,62,19,7,4,1,9762965,Strategic Growth Accounts,Banking & Capital Markets,Nordics & Benelux,Healthcare & Life Sciences Digital Labs,Experiential,Strategic Account Penetration,9762965,84
TCS-CMP-00556,Zero Trust Enterprise - Cyber,Industry Display & Media,2025-12-07,2025-12,18377,75822,742,32,14,3,1,1,0,0,Emerging Tier / High-CAC,Banking & Capital Markets,North America,Cyber Defense & Risk Governance,Digital Inbound,Strategic Account Penetration,951365,56
TCS-CMP-00557,BFSI Resiliency - Cyber,Executive Events & Roundtables,2026-01-12,2026-01,99293,62691,1051,142,98,31,15,9,3,42240081,Enterprise High-Value,Manufacturing & Auto,India & Middle East,Cyber Defense & Risk Governance,Experiential,Strategic Account Penetration,14080027,207
TCS-CMP-00558,NextGen CX - Cognitive,Account-Based Email,2026-09-01,2026-09,13135,26388,1006,97,79,50,31,21,8,37748552,Strategic Growth Accounts,Banking & Capital Markets,Europe & UK,Cognitive AI & Enterprise Automation,Outbound ABM,Executive Engagement,4718569,79
TCS-CMP-00559,NextGen CX - Cyber,LinkedIn Enterprise,2026-04-28,2026-04,39037,93732,2520,283,149,84,56,44,18,65886714,Nurture / Mid-Market,Telecom & Media,APAC & Australia,Cyber Defense & Risk Governance,Digital Inbound,Brand Authority & MQLs,3660373,47
TCS-CMP-00560,Life Sciences DataHub - Cognitive,Executive Events & Roundtables,2025-11-10,2025-11,114915,122255,1979,210,136,39,18,11,2,12977888,Nurture / Mid-Market,Banking & Capital Markets,India & Middle East,Cognitive AI & Enterprise Automation,Experiential,Executive Engagement,6488944,47
TCS-CMP-00561,Zero Trust Enterprise - Cyber,Tech Analyst Webinars,2026-03-14,2026-03,28352,37476,886,69,42,17,9,6,2,4123364,Nurture / Mid-Market,Telecom & Media,Nordics & Benelux,Cyber Defense & Risk Governance,Digital Inbound,Pipeline Generation,2061682,137
TCS-CMP-00562,Cognitive Ops 2.0 - Retail,Account-Based Email,2026-08-04,2026-08,19790,69510,3464,328,192,125,71,53,27,57759588,Emerging Tier / High-CAC,Retail & CPG,Nordics & Benelux,Retail Omnichannel & Supply Chain,Outbound ABM,Strategic Account Penetration,2139244,84
TCS-CMP-00563,CyberShield 360 - Cloud,Account-Based Email,2026-05-14,2026-05,17662,26786,1174,119,72,46,33,22,10,34126740,Nurture / Mid-Market,Retail & CPG,India & Middle East,Cloud & Infrastructure Transformation,Outbound ABM,Executive Engagement,3412674,70
TCS-CMP-00564,Cognitive Ops 2.0 - Retail,Executive Events & Roundtables,2026-07-06,2026-07,73567,59391,837,93,60,17,8,4,1,3624753,Emerging Tier / High-CAC,Telecom & Media,APAC & Australia,Retail Omnichannel & Supply Chain,Experiential,Executive Engagement,3624753,71
TCS-CMP-00565,Q1 Cloud Scale - Cognitive,Executive Events & Roundtables,2026-08-13,2026-08,89103,53645,647,69,45,17,9,6,2,21986890,Strategic Growth Accounts,Healthcare & Life Sciences,APAC & Australia,Cognitive AI & Enterprise Automation,Experiential,Strategic Account Penetration,10993445,106
TCS-CMP-00566,Q1 Cloud Scale - Retail,LinkedIn Enterprise,2026-03-16,2026-03,32773,60990,1873,208,158,67,45,35,17,115851260,Strategic Growth Accounts,Energy & Utilities,India & Middle East,Retail Omnichannel & Supply Chain,Digital Inbound,Strategic Account Penetration,6814780,85
TCS-CMP-00567,Global Horizon - Cyber,LinkedIn Enterprise,2026-06-24,2026-06,19476,35301,848,73,46,27,15,12,4,47684472,Enterprise High-Value,Retail & CPG,Nordics & Benelux,Cyber Defense & Risk Governance,Digital Inbound,Executive Engagement,11921118,87
TCS-CMP-00568,SAP S/4 Hana Accelerated - BFSI,Google Search,2025-11-23,2025-11,73581,191317,7436,591,296,140,68,43,16,59457040,Strategic Growth Accounts,Manufacturing & Auto,Nordics & Benelux,BFSI Core Modernization,Digital Inbound,Executive Engagement,3716065,122
TCS-CMP-00569,Cognitive Ops 2.0 - Cyber,Google Search,2025-12-03,2025-12,74016,166981,7258,667,386,183,91,59,16,22966640,Emerging Tier / High-CAC,Retail & CPG,APAC & Australia,Cyber Defense & Risk Governance,Digital Inbound,Executive Engagement,1435415,48
TCS-CMP-00570,OmniCommerce Edge - Cyber,Account-Based Email,2026-01-24,2026-01,11388,15958,668,61,38,17,10,6,2,11819332,Strategic Growth Accounts,Energy & Utilities,India & Middle East,Cyber Defense & Risk Governance,Outbound ABM,Brand Authority & MQLs,5909666,139
TCS-CMP-00571,BFSI Resiliency - Cognitive,Tech Analyst Webinars,2026-04-22,2026-04,39671,87758,2370,185,85,29,17,10,2,7253068,Strategic Growth Accounts,Manufacturing & Auto,India & Middle East,Cognitive AI & Enterprise Automation,Digital Inbound,Executive Engagement,3626534,55
TCS-CMP-00572,Zero Trust Enterprise - Cyber,LinkedIn Enterprise,2026-03-26,2026-03,64548,91920,2738,215,158,98,63,40,17,202051154,Enterprise High-Value,Banking & Capital Markets,Europe & UK,Cyber Defense & Risk Governance,Digital Inbound,Executive Engagement,11885362,112
TCS-CMP-00573,CyberShield 360 - Healthcare,Executive Events & Roundtables,2026-07-11,2026-07,84573,68526,1119,103,75,27,10,5,2,35441576,Enterprise High-Value,Manufacturing & Auto,India & Middle East,Healthcare & Life Sciences Digital Labs,Experiential,Strategic Account Penetration,17720788,124
TCS-CMP-00574,Global Horizon - Cloud,Google Search,2026-06-23,2026-06,49436,169644,6148,435,268,131,67,44,14,66217592,Strategic Growth Accounts,Retail & CPG,India & Middle East,Cloud & Infrastructure Transformation,Digital Inbound,Brand Authority & MQLs,4729828,59
TCS-CMP-00575,GenAI Catalyst - Cloud,Account-Based Email,2026-02-07,2026-02,9087,21476,738,76,52,25,18,12,5,18659390,Nurture / Mid-Market,Telecom & Media,North America,Cloud & Infrastructure Transformation,Outbound ABM,Pipeline Generation,3731878,48
TCS-CMP-00576,OmniCommerce Edge - BFSI,Account-Based Email,2026-03-04,2026-03,9022,23856,1156,86,56,28,19,17,7,57438633,Enterprise High-Value,Banking & Capital Markets,India & Middle East,BFSI Core Modernization,Outbound ABM,Executive Engagement,8205519,101
TCS-CMP-00577,BFSI Resiliency - Cloud,Account-Based Email,2026-09-22,2026-09,26530,40458,1790,144,106,70,49,38,20,34560220,Emerging Tier / High-CAC,Retail & CPG,APAC & Australia,Cloud & Infrastructure Transformation,Outbound ABM,Executive Engagement,1728011,138
TCS-CMP-00578,GenAI Catalyst - Cognitive,Google Search,2026-06-07,2026-06,53970,134462,4556,366,184,69,35,26,8,22670104,Nurture / Mid-Market,Manufacturing & Auto,Nordics & Benelux,Cognitive AI & Enterprise Automation,Digital Inbound,Brand Authority & MQLs,2833763,100
TCS-CMP-00579,BFSI Resiliency - Cloud,Google Search,2025-11-21,2025-11,70370,144673,6473,485,305,139,92,59,16,44607808,Nurture / Mid-Market,Telecom & Media,North America,Cloud & Infrastructure Transformation,Digital Inbound,Pipeline Generation,2787988,109
TCS-CMP-00580,BFSI Resiliency - Cyber,Tech Analyst Webinars,2025-12-16,2025-12,18966,26662,483,29,17,6,3,2,0,0,Nurture / Mid-Market,Manufacturing & Auto,North America,Cyber Defense & Risk Governance,Digital Inbound,Strategic Account Penetration,2730731,46
TCS-CMP-00581,Q1 Cloud Scale - Retail,Industry Display & Media,2025-10-18,2025-10,28272,131879,1427,41,17,6,3,2,0,0,Emerging Tier / High-CAC,Healthcare & Life Sciences,APAC & Australia,Retail Omnichannel & Supply Chain,Digital Inbound,Executive Engagement,1083734,138
TCS-CMP-00582,OmniCommerce Edge - Cognitive,Account-Based Email,2026-03-22,2026-03,12419,16552,724,64,36,18,14,10,4,7583896,Emerging Tier / High-CAC,Energy & Utilities,Nordics & Benelux,Cognitive AI & Enterprise Automation,Outbound ABM,Pipeline Generation,1895974,80
TCS-CMP-00583,NextGen CX - BFSI,Industry Display & Media,2026-01-05,2026-01,35522,214711,2088,75,37,12,4,2,0,0,Strategic Growth Accounts,Healthcare & Life Sciences,Europe & UK,BFSI Core Modernization,Digital Inbound,Brand Authority & MQLs,2882510,94
TCS-CMP-00584,Zero Trust Enterprise - Retail,Tech Analyst Webinars,2025-10-13,2025-10,15021,22517,410,27,12,5,3,2,1,6297060,Enterprise High-Value,Healthcare & Life Sciences,Nordics & Benelux,Retail Omnichannel & Supply Chain,Digital Inbound,Brand Authority & MQLs,6297060,204
TCS-CMP-00585,OmniCommerce Edge - Cognitive,LinkedIn Enterprise,2026-07-22,2026-07,35378,56637,1523,151,107,55,37,27,9,67254354,Strategic Growth Accounts,Banking & Capital Markets,North America,Cognitive AI & Enterprise Automation,Digital Inbound,Brand Authority & MQLs,7472706,80
TCS-CMP-00586,CyberShield 360 - Retail,Google Search,2026-04-10,2026-04,35292,82934,2805,227,128,68,32,22,7,11448262,Emerging Tier / High-CAC,Healthcare & Life Sciences,North America,Retail Omnichannel & Supply Chain,Digital Inbound,Executive Engagement,1635466,142
TCS-CMP-00587,Q1 Cloud Scale - Cyber,Google Search,2026-05-21,2026-05,41689,65209,2680,159,84,38,22,17,4,11847472,Nurture / Mid-Market,Telecom & Media,Nordics & Benelux,Cyber Defense & Risk Governance,Digital Inbound,Executive Engagement,2961868,88
TCS-CMP-00588,NextGen CX - Cyber,Google Search,2026-01-13,2026-01,45586,70375,3239,299,197,75,40,29,7,50121603,Enterprise High-Value,Manufacturing & Auto,APAC & Australia,Cyber Defense & Risk Governance,Digital Inbound,Brand Authority & MQLs,7160229,69
TCS-CMP-00589,Sustainable Tech Suite - Healthcare,Industry Display & Media,2026-08-18,2026-08,19131,98645,785,22,8,2,1,0,0,0,Emerging Tier / High-CAC,Retail & CPG,Nordics & Benelux,Healthcare & Life Sciences Digital Labs,Digital Inbound,Brand Authority & MQLs,1036559,98
TCS-CMP-00590,BFSI Resiliency - Cyber,Tech Analyst Webinars,2026-03-28,2026-03,19412,30794,594,38,23,8,3,2,1,3984973,Strategic Growth Accounts,Healthcare & Life Sciences,North America,Cyber Defense & Risk Governance,Digital Inbound,Brand Authority & MQLs,3984973,60
TCS-CMP-00591,BFSI Resiliency - Retail,Executive Events & Roundtables,2026-01-11,2026-01,86812,86597,1424,201,146,61,28,16,4,59517388,Enterprise High-Value,Banking & Capital Markets,Europe & UK,Retail Omnichannel & Supply Chain,Experiential,Brand Authority & MQLs,14879347,77
TCS-CMP-00592,GenAI Catalyst - Healthcare,Tech Analyst Webinars,2026-09-09,2026-09,20111,31339,819,62,39,13,6,3,1,3724502,Strategic Growth Accounts,Energy & Utilities,APAC & Australia,Healthcare & Life Sciences Digital Labs,Digital Inbound,Pipeline Generation,3724502,87
TCS-CMP-00593,GenAI Catalyst - Cyber,LinkedIn Enterprise,2026-09-14,2026-09,56100,76099,2079,164,104,52,33,21,8,82340808,Enterprise High-Value,Manufacturing & Auto,APAC & Australia,Cyber Defense & Risk Governance,Digital Inbound,Pipeline Generation,10292601,70
TCS-CMP-00594,Cognitive Ops 2.0 - Cloud,Industry Display & Media,2026-08-21,2026-08,43022,183100,1340,54,22,7,3,2,0,0,Nurture / Mid-Market,Banking & Capital Markets,India & Middle East,Cloud & Infrastructure Transformation,Digital Inbound,Brand Authority & MQLs,2260581,132
TCS-CMP-00595,OmniCommerce Edge - BFSI,Industry Display & Media,2026-01-02,2026-01,34822,229697,2380,85,42,11,4,2,0,0,Emerging Tier / High-CAC,Banking & Capital Markets,Europe & UK,BFSI Core Modernization,Digital Inbound,Pipeline Generation,1241166,61
TCS-CMP-00596,Global Horizon - BFSI,Executive Events & Roundtables,2026-01-21,2026-01,80806,72048,873,88,63,25,12,6,1,16643140,Enterprise High-Value,Healthcare & Life Sciences,North America,BFSI Core Modernization,Experiential,Strategic Account Penetration,16643140,111
TCS-CMP-00597,CyberShield 360 - Healthcare,Tech Analyst Webinars,2025-12-08,2025-12,29819,39961,881,51,24,11,6,3,1,1522905,Emerging Tier / High-CAC,Manufacturing & Auto,APAC & Australia,Healthcare & Life Sciences Digital Labs,Digital Inbound,Brand Authority & MQLs,1522905,108
TCS-CMP-00598,CyberShield 360 - BFSI,Account-Based Email,2025-10-05,2025-10,17561,22914,1067,101,74,45,35,23,13,76546717,Strategic Growth Accounts,Telecom & Media,APAC & Australia,BFSI Core Modernization,Outbound ABM,Strategic Account Penetration,5888209,103
TCS-CMP-00599,BFSI Resiliency - Cyber,Google Search,2026-05-09,2026-05,58533,158701,7021,493,252,104,57,42,13,20689331,Emerging Tier / High-CAC,Manufacturing & Auto,India & Middle East,Cyber Defense & Risk Governance,Digital Inbound,Pipeline Generation,1591487,82
TCS-CMP-00600,Global Horizon - Cognitive,Google Search,2025-12-10,2025-12,30185,43631,1338,96,60,30,14,10,3,17552520,Enterprise High-Value,Manufacturing & Auto,North America,Cognitive AI & Enterprise Automation,Digital Inbound,Strategic Account Penetration,5850840,87
TCS-CMP-00601,BFSI Resiliency - Retail,Industry Display & Media,2026-08-16,2026-08,35564,153981,1427,61,22,7,3,2,0,0,Emerging Tier / High-CAC,Banking & Capital Markets,Nordics & Benelux,Retail Omnichannel & Supply Chain,Digital Inbound,Strategic Account Penetration,1090326,80
TCS-CMP-00602,OmniCommerce Edge - Cyber,Tech Analyst Webinars,2025-10-06,2025-10,14238,45373,1046,82,51,21,10,6,1,5434032,Enterprise High-Value,Telecom & Media,APAC & Australia,Cyber Defense & Risk Governance,Digital Inbound,Pipeline Generation,5434032,86
TCS-CMP-00603,Life Sciences DataHub - Cloud,Executive Events & Roundtables,2025-11-12,2025-11,64197,49641,711,83,60,19,8,5,1,11291626,Strategic Growth Accounts,Manufacturing & Auto,North America,Cloud & Infrastructure Transformation,Experiential,Executive Engagement,11291626,105
TCS-CMP-00604,Zero Trust Enterprise - Cloud,Google Search,2026-03-02,2026-03,44590,56932,2244,206,122,64,40,24,8,47222576,Enterprise High-Value,Manufacturing & Auto,India & Middle East,Cloud & Infrastructure Transformation,Digital Inbound,Executive Engagement,5902822,139
TCS-CMP-00605,Global Horizon - Healthcare,Industry Display & Media,2026-06-13,2026-06,22081,153321,1339,56,26,7,3,1,0,0,Enterprise High-Value,Banking & Capital Markets,North America,Healthcare & Life Sciences Digital Labs,Digital Inbound,Strategic Account Penetration,5124815,88
TCS-CMP-00606,Sustainable Tech Suite - BFSI,LinkedIn Enterprise,2026-02-08,2026-02,32145,52091,1432,127,79,45,25,19,6,35610108,Strategic Growth Accounts,Manufacturing & Auto,Europe & UK,BFSI Core Modernization,Digital Inbound,Strategic Account Penetration,5935018,75
TCS-CMP-00607,Sustainable Tech Suite - BFSI,Account-Based Email,2026-01-20,2026-01,24572,37253,1617,113,81,37,21,17,8,13899808,Emerging Tier / High-CAC,Energy & Utilities,Europe & UK,BFSI Core Modernization,Outbound ABM,Pipeline Generation,1737476,69
TCS-CMP-00608,Zero Trust Enterprise - Healthcare,Tech Analyst Webinars,2025-10-28,2025-10,25824,58380,1441,89,40,18,10,6,2,3085080,Emerging Tier / High-CAC,Telecom & Media,India & Middle East,Healthcare & Life Sciences Digital Labs,Digital Inbound,Strategic Account Penetration,1542540,76
TCS-CMP-00609,Sustainable Tech Suite - Cloud,Tech Analyst Webinars,2026-08-27,2026-08,23937,52447,1337,95,59,27,14,7,3,4238010,Emerging Tier / High-CAC,Banking & Capital Markets,Nordics & Benelux,Cloud & Infrastructure Transformation,Digital Inbound,Pipeline Generation,1412670,80
TCS-CMP-00610,Life Sciences DataHub - Cyber,LinkedIn Enterprise,2026-06-24,2026-06,22826,64336,1358,95,56,28,15,11,4,22782696,Strategic Growth Accounts,Banking & Capital Markets,APAC & Australia,Cyber Defense & Risk Governance,Digital Inbound,Executive Engagement,5695674,66
TCS-CMP-00611,Life Sciences DataHub - Healthcare,Account-Based Email,2026-06-26,2026-06,8575,13827,554,40,31,19,11,7,3,25620120,Enterprise High-Value,Manufacturing & Auto,North America,Healthcare & Life Sciences Digital Labs,Outbound ABM,Executive Engagement,8540040,129
TCS-CMP-00612,NextGen CX - Cyber,Account-Based Email,2026-08-05,2026-08,21582,60510,2594,176,143,67,48,36,14,51122414,Nurture / Mid-Market,Manufacturing & Auto,Europe & UK,Cyber Defense & Risk Governance,Outbound ABM,Pipeline Generation,3651601,117
TCS-CMP-00613,Cognitive Ops 2.0 - Retail,LinkedIn Enterprise,2025-11-02,2025-11,36444,91541,2351,188,139,81,53,36,10,41776010,Nurture / Mid-Market,Manufacturing & Auto,India & Middle East,Retail Omnichannel & Supply Chain,Digital Inbound,Pipeline Generation,4177601,130
TCS-CMP-00614,NextGen CX - Cloud,Executive Events & Roundtables,2026-01-21,2026-01,121329,80660,1268,115,79,26,13,7,2,7944130,Emerging Tier / High-CAC,Retail & CPG,North America,Cloud & Infrastructure Transformation,Experiential,Brand Authority & MQLs,3972065,116
TCS-CMP-00615,OmniCommerce Edge - Cyber,LinkedIn Enterprise,2026-08-20,2026-08,27211,42684,913,68,45,24,15,10,4,36932396,Enterprise High-Value,Retail & CPG,Nordics & Benelux,Cyber Defense & Risk Governance,Digital Inbound,Pipeline Generation,9233099,189
TCS-CMP-00616,Sustainable Tech Suite - Healthcare,Google Search,2026-06-10,2026-06,46743,66709,2635,176,102,42,21,15,3,8540346,Nurture / Mid-Market,Energy & Utilities,Europe & UK,Healthcare & Life Sciences Digital Labs,Digital Inbound,Brand Authority & MQLs,2846782,103
TCS-CMP-00617,SAP S/4 Hana Accelerated - Cyber,Tech Analyst Webinars,2025-11-20,2025-11,12291,18551,415,25,13,5,3,2,1,1480912,Emerging Tier / High-CAC,Healthcare & Life Sciences,India & Middle East,Cyber Defense & Risk Governance,Digital Inbound,Pipeline Generation,1480912,47
TCS-CMP-00618,Life Sciences DataHub - Cyber,Google Search,2026-01-16,2026-01,25991,47592,2000,180,105,49,32,23,8,22054400,Nurture / Mid-Market,Telecom & Media,Nordics & Benelux,Cyber Defense & Risk Governance,Digital Inbound,Strategic Account Penetration,2756800,76
TCS-CMP-00619,SAP S/4 Hana Accelerated - Healthcare,Executive Events & Roundtables,2025-12-13,2025-12,53025,49352,726,97,55,17,6,3,1,14834827,Enterprise High-Value,Energy & Utilities,North America,Healthcare & Life Sciences Digital Labs,Experiential,Brand Authority & MQLs,14834827,83
TCS-CMP-00620,Global Horizon - BFSI,Account-Based Email,2026-02-25,2026-02,13854,26183,1111,110,72,44,24,17,6,47126148,Enterprise High-Value,Telecom & Media,Europe & UK,BFSI Core Modernization,Outbound ABM,Brand Authority & MQLs,7854358,170
TCS-CMP-00621,Global Horizon - Cyber,Tech Analyst Webinars,2026-06-11,2026-06,14362,43918,1091,65,27,11,6,4,2,3125640,Emerging Tier / High-CAC,Manufacturing & Auto,India & Middle East,Cyber Defense & Risk Governance,Digital Inbound,Pipeline Generation,1562820,68
TCS-CMP-00622,Zero Trust Enterprise - Cloud,Account-Based Email,2025-11-24,2025-11,17528,41679,1946,199,128,82,56,39,18,94510584,Strategic Growth Accounts,Banking & Capital Markets,India & Middle East,Cloud & Infrastructure Transformation,Outbound ABM,Executive Engagement,5250588,64
TCS-CMP-00623,Life Sciences DataHub - Cognitive,Google Search,2026-05-10,2026-05,47486,117060,4638,373,181,79,42,29,12,16821984,Emerging Tier / High-CAC,Retail & CPG,Europe & UK,Cognitive AI & Enterprise Automation,Digital Inbound,Pipeline Generation,1401832,86
TCS-CMP-00624,Zero Trust Enterprise - BFSI,Industry Display & Media,2026-08-22,2026-08,18943,103194,818,25,8,2,1,1,0,0,Nurture / Mid-Market,Retail & CPG,India & Middle East,BFSI Core Modernization,Digital Inbound,Pipeline Generation,2116155,80
TCS-CMP-00625,SAP S/4 Hana Accelerated - Cloud,LinkedIn Enterprise,2026-02-02,2026-02,24223,88819,2489,172,95,53,34,21,7,38370129,Strategic Growth Accounts,Energy & Utilities,APAC & Australia,Cloud & Infrastructure Transformation,Digital Inbound,Strategic Account Penetration,5481447,126
TCS-CMP-00626,Zero Trust Enterprise - Retail,LinkedIn Enterprise,2026-03-08,2026-03,37186,99114,2853,294,203,89,55,45,16,188881184,Enterprise High-Value,Manufacturing & Auto,Nordics & Benelux,Retail Omnichannel & Supply Chain,Digital Inbound,Pipeline Generation,11805074,189
TCS-CMP-00627,Life Sciences DataHub - Cloud,Tech Analyst Webinars,2026-01-10,2026-01,33501,88829,1827,140,87,35,19,10,3,10214676,Strategic Growth Accounts,Manufacturing & Auto,Europe & UK,Cloud & Infrastructure Transformation,Digital Inbound,Strategic Account Penetration,3404892,72
TCS-CMP-00628,Sustainable Tech Suite - Retail,Executive Events & Roundtables,2025-11-13,2025-11,133092,107385,1359,176,137,49,21,12,4,28414860,Nurture / Mid-Market,Retail & CPG,Europe & UK,Retail Omnichannel & Supply Chain,Experiential,Pipeline Generation,7103715,88
TCS-CMP-00629,OmniCommerce Edge - Cyber,Google Search,2026-04-13,2026-04,51835,162032,5301,306,190,98,59,32,12,78812052,Enterprise High-Value,Manufacturing & Auto,Nordics & Benelux,Cyber Defense & Risk Governance,Digital Inbound,Executive Engagement,6567671,189
TCS-CMP-00630,OmniCommerce Edge - BFSI,LinkedIn Enterprise,2026-04-16,2026-04,35132,69485,1585,139,95,43,28,21,6,12621612,Emerging Tier / High-CAC,Banking & Capital Markets,Europe & UK,BFSI Core Modernization,Digital Inbound,Executive Engagement,2103602,133
TCS-CMP-00631,Cognitive Ops 2.0 - Cloud,Account-Based Email,2025-10-11,2025-10,8981,16009,833,63,50,27,18,13,6,34823346,Strategic Growth Accounts,Banking & Capital Markets,APAC & Australia,Cloud & Infrastructure Transformation,Outbound ABM,Pipeline Generation,5803891,104
TCS-CMP-00632,Cognitive Ops 2.0 - Cyber,Google Search,2026-06-07,2026-06,71580,266551,12413,794,479,222,136,89,31,69006372,Nurture / Mid-Market,Banking & Capital Markets,Nordics & Benelux,Cyber Defense & Risk Governance,Digital Inbound,Strategic Account Penetration,2226012,74
TCS-CMP-00633,SAP S/4 Hana Accelerated - Healthcare,Tech Analyst Webinars,2026-03-14,2026-03,37804,81626,1931,143,69,32,18,9,3,8047950,Nurture / Mid-Market,Healthcare & Life Sciences,APAC & Australia,Healthcare & Life Sciences Digital Labs,Digital Inbound,Brand Authority & MQLs,2682650,109
TCS-CMP-00634,Zero Trust Enterprise - Retail,LinkedIn Enterprise,2026-06-12,2026-06,52287,110385,2858,265,183,99,67,45,20,137462260,Strategic Growth Accounts,Energy & Utilities,Nordics & Benelux,Retail Omnichannel & Supply Chain,Digital Inbound,Brand Authority & MQLs,6873113,73
TCS-CMP-00635,Q1 Cloud Scale - BFSI,Executive Events & Roundtables,2026-09-18,2026-09,84593,60074,759,73,51,21,9,5,1,3841009,Emerging Tier / High-CAC,Telecom & Media,APAC & Australia,BFSI Core Modernization,Experiential,Strategic Account Penetration,3841009,56
TCS-CMP-00636,CyberShield 360 - BFSI,Google Search,2026-02-11,2026-02,70974,132981,5367,378,181,91,59,39,11,26261334,Nurture / Mid-Market,Retail & CPG,Europe & UK,BFSI Core Modernization,Digital Inbound,Brand Authority & MQLs,2387394,84
TCS-CMP-00637,Life Sciences DataHub - BFSI,LinkedIn Enterprise,2025-11-04,2025-11,19741,36384,999,82,48,21,13,10,3,34377954,Enterprise High-Value,Healthcare & Life Sciences,North America,BFSI Core Modernization,Digital Inbound,Brand Authority & MQLs,11459318,90
TCS-CMP-00638,Zero Trust Enterprise - Cognitive,Tech Analyst Webinars,2026-01-25,2026-01,17835,38077,1020,70,42,20,11,7,2,4478528,Nurture / Mid-Market,Banking & Capital Markets,Nordics & Benelux,Cognitive AI & Enterprise Automation,Digital Inbound,Strategic Account Penetration,2239264,81
TCS-CMP-00639,SAP S/4 Hana Accelerated - BFSI,Industry Display & Media,2025-12-25,2025-12,34145,270611,2539,111,44,15,5,3,1,1924122,Nurture / Mid-Market,Retail & CPG,Nordics & Benelux,BFSI Core Modernization,Digital Inbound,Pipeline Generation,1924122,69
TCS-CMP-00640,NextGen CX - Retail,Executive Events & Roundtables,2026-03-21,2026-03,101029,122813,2171,299,190,54,24,11,3,19776987,Nurture / Mid-Market,Healthcare & Life Sciences,North America,Retail Omnichannel & Supply Chain,Experiential,Pipeline Generation,6592329,79
TCS-CMP-00641,Zero Trust Enterprise - Cyber,LinkedIn Enterprise,2026-02-06,2026-02,55801,152241,3953,443,281,131,76,49,17,56289108,Nurture / Mid-Market,Retail & CPG,Nordics & Benelux,Cyber Defense & Risk Governance,Digital Inbound,Pipeline Generation,3311124,132
TCS-CMP-00642,SAP S/4 Hana Accelerated - Healthcare,Industry Display & Media,2026-04-14,2026-04,17697,107720,1156,49,19,5,2,1,0,0,Emerging Tier / High-CAC,Manufacturing & Auto,APAC & Australia,Healthcare & Life Sciences Digital Labs,Digital Inbound,Executive Engagement,1110156,143
TCS-CMP-00643,Global Horizon - BFSI,Google Search,2026-07-09,2026-07,53898,154535,7242,518,259,126,67,37,8,63840504,Enterprise High-Value,Energy & Utilities,North America,BFSI Core Modernization,Digital Inbound,Brand Authority & MQLs,7980063,126
TCS-CMP-00644,OmniCommerce Edge - Cognitive,Account-Based Email,2026-05-06,2026-05,8078,14379,668,65,39,24,18,15,8,28612184,Nurture / Mid-Market,Manufacturing & Auto,North America,Cognitive AI & Enterprise Automation,Outbound ABM,Brand Authority & MQLs,3576523,96
TCS-CMP-00645,Life Sciences DataHub - Cognitive,LinkedIn Enterprise,2026-08-14,2026-08,59306,120608,3111,227,154,85,56,46,18,105201828,Strategic Growth Accounts,Manufacturing & Auto,Nordics & Benelux,Cognitive AI & Enterprise Automation,Digital Inbound,Strategic Account Penetration,5844546,144
TCS-CMP-00646,BFSI Resiliency - Cognitive,Executive Events & Roundtables,2026-08-02,2026-08,139404,95390,1448,190,111,37,17,9,3,55031805,Enterprise High-Value,Retail & CPG,Nordics & Benelux,Cognitive AI & Enterprise Automation,Experiential,Pipeline Generation,18343935,161
TCS-CMP-00647,Life Sciences DataHub - Healthcare,Executive Events & Roundtables,2025-12-26,2025-12,88261,95802,1512,178,123,42,20,11,3,25659915,Strategic Growth Accounts,Retail & CPG,Nordics & Benelux,Healthcare & Life Sciences Digital Labs,Experiential,Pipeline Generation,8553305,141
TCS-CMP-00648,BFSI Resiliency - BFSI,LinkedIn Enterprise,2026-08-21,2026-08,29685,79231,1678,136,103,53,32,20,6,34083444,Strategic Growth Accounts,Manufacturing & Auto,Nordics & Benelux,BFSI Core Modernization,Digital Inbound,Strategic Account Penetration,5680574,114
TCS-CMP-00649,SAP S/4 Hana Accelerated - Cognitive,Tech Analyst Webinars,2026-07-01,2026-07,37165,71638,1936,145,83,35,20,11,4,4684476,Emerging Tier / High-CAC,Manufacturing & Auto,APAC & Australia,Cognitive AI & Enterprise Automation,Digital Inbound,Brand Authority & MQLs,1171119,80
TCS-CMP-00650,Zero Trust Enterprise - Cognitive,Google Search,2026-01-12,2026-01,34754,60584,2492,169,89,38,25,17,7,9131591,Emerging Tier / High-CAC,Banking & Capital Markets,Europe & UK,Cognitive AI & Enterprise Automation,Digital Inbound,Brand Authority & MQLs,1304513,88
TCS-CMP-00651,OmniCommerce Edge - Healthcare,Tech Analyst Webinars,2026-08-24,2026-08,15806,24090,644,39,22,9,4,2,1,1310143,Emerging Tier / High-CAC,Healthcare & Life Sciences,India & Middle East,Healthcare & Life Sciences Digital Labs,Digital Inbound,Brand Authority & MQLs,1310143,105
TCS-CMP-00652,GenAI Catalyst - Retail,Industry Display & Media,2026-07-24,2026-07,22452,101453,771,31,11,3,1,0,0,0,Strategic Growth Accounts,Energy & Utilities,India & Middle East,Retail Omnichannel & Supply Chain,Digital Inbound,Executive Engagement,3202370,84
TCS-CMP-00653,Zero Trust Enterprise - BFSI,Google Search,2026-03-05,2026-03,69853,114970,5368,375,237,111,68,43,18,123032898,Enterprise High-Value,Energy & Utilities,APAC & Australia,BFSI Core Modernization,Digital Inbound,Brand Authority & MQLs,6835161,202
TCS-CMP-00654,Life Sciences DataHub - Cyber,Executive Events & Roundtables,2026-09-28,2026-09,50460,34865,502,67,40,14,7,5,2,7899452,Emerging Tier / High-CAC,Banking & Capital Markets,India & Middle East,Cyber Defense & Risk Governance,Experiential,Pipeline Generation,3949726,64
TCS-CMP-00655,SAP S/4 Hana Accelerated - BFSI,LinkedIn Enterprise,2026-03-09,2026-03,46037,129603,3304,356,235,100,64,43,16,38101008,Emerging Tier / High-CAC,Manufacturing & Auto,India & Middle East,BFSI Core Modernization,Digital Inbound,Brand Authority & MQLs,2381313,48
TCS-CMP-00656,Cognitive Ops 2.0 - BFSI,Tech Analyst Webinars,2025-12-22,2025-12,17606,43769,1016,65,33,11,7,4,1,5419334,Enterprise High-Value,Healthcare & Life Sciences,Nordics & Benelux,BFSI Core Modernization,Digital Inbound,Executive Engagement,5419334,102
TCS-CMP-00657,Q1 Cloud Scale - Cloud,Google Search,2026-08-28,2026-08,24397,43586,1538,99,59,29,19,12,5,12099690,Nurture / Mid-Market,Energy & Utilities,North America,Cloud & Infrastructure Transformation,Digital Inbound,Strategic Account Penetration,2419938,79
TCS-CMP-00658,Q1 Cloud Scale - Cloud,Tech Analyst Webinars,2025-10-20,2025-10,23634,33783,924,61,31,11,6,3,1,2085311,Nurture / Mid-Market,Manufacturing & Auto,APAC & Australia,Cloud & Infrastructure Transformation,Digital Inbound,Brand Authority & MQLs,2085311,87
TCS-CMP-00659,Cognitive Ops 2.0 - Retail,Account-Based Email,2026-06-19,2026-06,21964,40466,2031,198,146,81,60,51,15,72984345,Strategic Growth Accounts,Healthcare & Life Sciences,Europe & UK,Retail Omnichannel & Supply Chain,Outbound ABM,Executive Engagement,4865623,89
TCS-CMP-00660,GenAI Catalyst - Cyber,Account-Based Email,2025-11-13,2025-11,15371,27450,1441,116,77,40,24,17,7,42809298,Strategic Growth Accounts,Healthcare & Life Sciences,Europe & UK,Cyber Defense & Risk Governance,Outbound ABM,Pipeline Generation,6115614,68
TCS-CMP-00661,Zero Trust Enterprise - Retail,Industry Display & Media,2026-05-05,2026-05,35592,273926,2677,113,51,15,6,3,1,5468011,Enterprise High-Value,Telecom & Media,Nordics & Benelux,Retail Omnichannel & Supply Chain,Digital Inbound,Brand Authority & MQLs,5468011,126
TCS-CMP-00662,OmniCommerce Edge - Cyber,Industry Display & Media,2026-03-01,2026-03,17815,116914,1222,40,17,4,2,1,0,0,Strategic Growth Accounts,Energy & Utilities,Nordics & Benelux,Cyber Defense & Risk Governance,Digital Inbound,Executive Engagement,3458739,134
TCS-CMP-00663,Sustainable Tech Suite - Cloud,Google Search,2026-09-21,2026-09,70277,212366,9208,639,299,141,92,65,18,45849762,Nurture / Mid-Market,Energy & Utilities,North America,Cloud & Infrastructure Transformation,Digital Inbound,Executive Engagement,2547209,81
TCS-CMP-00664,Global Horizon - Cognitive,Google Search,2026-03-26,2026-03,66177,162982,6539,570,300,106,52,37,9,65786823,Enterprise High-Value,Healthcare & Life Sciences,Nordics & Benelux,Cognitive AI & Enterprise Automation,Digital Inbound,Brand Authority & MQLs,7309647,153
TCS-CMP-00665,Life Sciences DataHub - Healthcare,Industry Display & Media,2026-01-17,2026-01,35819,286273,3016,113,44,12,4,2,0,0,Emerging Tier / High-CAC,Healthcare & Life Sciences,India & Middle East,Healthcare & Life Sciences Digital Labs,Digital Inbound,Brand Authority & MQLs,962828,58
TCS-CMP-00666,BFSI Resiliency - Cloud,Industry Display & Media,2026-08-03,2026-08,27192,151477,1231,47,21,6,2,1,0,0,Enterprise High-Value,Telecom & Media,North America,Cloud & Infrastructure Transformation,Digital Inbound,Strategic Account Penetration,4349577,202
TCS-CMP-00667,NextGen CX - BFSI,Industry Display & Media,2026-07-20,2026-07,23198,112498,926,40,14,4,2,1,0,0,Strategic Growth Accounts,Manufacturing & Auto,APAC & Australia,BFSI Core Modernization,Digital Inbound,Strategic Account Penetration,3714420,63
TCS-CMP-00668,Sustainable Tech Suite - Healthcare,Industry Display & Media,2026-01-26,2026-01,32974,237710,2351,100,45,13,5,2,0,0,Enterprise High-Value,Retail & CPG,Europe & UK,Healthcare & Life Sciences Digital Labs,Digital Inbound,Strategic Account Penetration,4880165,109
TCS-CMP-00669,OmniCommerce Edge - BFSI,Industry Display & Media,2025-12-01,2025-12,37388,144570,1239,37,13,3,1,0,0,0,Enterprise High-Value,Telecom & Media,India & Middle East,BFSI Core Modernization,Digital Inbound,Executive Engagement,4552088,67
TCS-CMP-00670,Global Horizon - Healthcare,Account-Based Email,2026-09-10,2026-09,24581,78841,2914,237,165,102,59,38,14,107504964,Enterprise High-Value,Healthcare & Life Sciences,Europe & UK,Healthcare & Life Sciences Digital Labs,Outbound ABM,Brand Authority & MQLs,7678926,171
TCS-CMP-00671,Sustainable Tech Suite - Cyber,Industry Display & Media,2026-09-20,2026-09,21309,173489,1841,60,24,8,3,1,0,0,Emerging Tier / High-CAC,Healthcare & Life Sciences,North America,Cyber Defense & Risk Governance,Digital Inbound,Pipeline Generation,1100760,130
TCS-CMP-00672,Global Horizon - Healthcare,Account-Based Email,2026-08-20,2026-08,18273,29847,1132,114,68,32,21,17,8,24015864,Nurture / Mid-Market,Healthcare & Life Sciences,India & Middle East,Healthcare & Life Sciences Digital Labs,Outbound ABM,Executive Engagement,3001983,69
TCS-CMP-00673,Cognitive Ops 2.0 - Cognitive,Google Search,2025-12-22,2025-12,34474,74637,3062,266,140,51,29,21,6,22678710,Strategic Growth Accounts,Telecom & Media,North America,Cognitive AI & Enterprise Automation,Digital Inbound,Strategic Account Penetration,3779785,84
TCS-CMP-00674,BFSI Resiliency - Cyber,Industry Display & Media,2026-01-09,2026-01,39187,191946,1619,58,24,8,3,2,1,1113075,Emerging Tier / High-CAC,Healthcare & Life Sciences,Nordics & Benelux,Cyber Defense & Risk Governance,Digital Inbound,Executive Engagement,1113075,68
TCS-CMP-00675,GenAI Catalyst - BFSI,Google Search,2026-09-27,2026-09,45288,77969,2805,193,96,40,25,15,6,16678002,Nurture / Mid-Market,Healthcare & Life Sciences,North America,BFSI Core Modernization,Digital Inbound,Strategic Account Penetration,2779667,116
TCS-CMP-00676,SAP S/4 Hana Accelerated - Cloud,Account-Based Email,2026-04-01,2026-04,16594,43075,1743,172,135,71,55,36,17,165350585,Enterprise High-Value,Manufacturing & Auto,APAC & Australia,Cloud & Infrastructure Transformation,Outbound ABM,Strategic Account Penetration,9726505,72
TCS-CMP-00677,Life Sciences DataHub - Cognitive,Account-Based Email,2026-09-24,2026-09,8056,24856,854,68,54,27,18,13,5,26933175,Strategic Growth Accounts,Healthcare & Life Sciences,India & Middle East,Cognitive AI & Enterprise Automation,Outbound ABM,Executive Engagement,5386635,83
TCS-CMP-00678,NextGen CX - Cyber,Google Search,2026-05-03,2026-05,73431,107484,4711,269,132,64,36,25,8,30316696,Strategic Growth Accounts,Manufacturing & Auto,Nordics & Benelux,Cyber Defense & Risk Governance,Digital Inbound,Pipeline Generation,3789587,56
TCS-CMP-00679,SAP S/4 Hana Accelerated - Cloud,Executive Events & Roundtables,2026-07-09,2026-07,73532,58841,1101,157,112,44,20,13,4,12149276,Emerging Tier / High-CAC,Healthcare & Life Sciences,Europe & UK,Cloud & Infrastructure Transformation,Experiential,Brand Authority & MQLs,3037319,55
TCS-CMP-00680,CyberShield 360 - Retail,Tech Analyst Webinars,2026-05-27,2026-05,37041,99110,2063,157,91,40,21,14,3,18441036,Enterprise High-Value,Energy & Utilities,North America,Retail Omnichannel & Supply Chain,Digital Inbound,Strategic Account Penetration,6147012,95
TCS-CMP-00681,NextGen CX - Cloud,Tech Analyst Webinars,2026-09-21,2026-09,25265,42633,964,60,34,15,9,6,1,1524671,Emerging Tier / High-CAC,Manufacturing & Auto,Nordics & Benelux,Cloud & Infrastructure Transformation,Digital Inbound,Brand Authority & MQLs,1524671,127
TCS-CMP-00682,Q1 Cloud Scale - Cognitive,Google Search,2025-10-07,2025-10,58793,197859,8334,625,345,148,91,67,28,138863088,Strategic Growth Accounts,Retail & CPG,APAC & Australia,Cognitive AI & Enterprise Automation,Digital Inbound,Pipeline Generation,4959396,86
TCS-CMP-00683,SAP S/4 Hana Accelerated - Cloud,Account-Based Email,2026-01-01,2026-01,11812,39749,1651,141,93,61,35,25,8,51930096,Strategic Growth Accounts,Retail & CPG,India & Middle East,Cloud & Infrastructure Transformation,Outbound ABM,Brand Authority & MQLs,6491262,96
TCS-CMP-00684,OmniCommerce Edge - BFSI,Account-Based Email,2025-10-26,2025-10,12013,28386,1053,82,53,33,23,20,10,61530400,Strategic Growth Accounts,Healthcare & Life Sciences,North America,BFSI Core Modernization,Outbound ABM,Executive Engagement,6153040,127
TCS-CMP-00685,BFSI Resiliency - BFSI,Executive Events & Roundtables,2026-03-02,2026-03,61993,61040,872,89,62,25,11,7,2,23234272,Strategic Growth Accounts,Manufacturing & Auto,Nordics & Benelux,BFSI Core Modernization,Experiential,Pipeline Generation,11617136,65
TCS-CMP-00686,GenAI Catalyst - Cloud,LinkedIn Enterprise,2026-03-26,2026-03,27503,53662,1601,138,73,32,18,12,4,9740588,Emerging Tier / High-CAC,Manufacturing & Auto,India & Middle East,Cloud & Infrastructure Transformation,Digital Inbound,Executive Engagement,2435147,125
TCS-CMP-00687,OmniCommerce Edge - Cloud,Industry Display & Media,2026-07-01,2026-07,32679,283016,2104,62,22,7,3,1,0,0,Nurture / Mid-Market,Healthcare & Life Sciences,Nordics & Benelux,Cloud & Infrastructure Transformation,Digital Inbound,Executive Engagement,1827919,72
TCS-CMP-00688,SAP S/4 Hana Accelerated - Retail,Tech Analyst Webinars,2026-06-28,2026-06,37385,85843,1839,132,67,21,10,7,2,11299764,Enterprise High-Value,Telecom & Media,India & Middle East,Retail Omnichannel & Supply Chain,Digital Inbound,Brand Authority & MQLs,5649882,69
TCS-CMP-00689,Life Sciences DataHub - Healthcare,LinkedIn Enterprise,2026-06-21,2026-06,23511,53649,1552,145,82,50,33,27,11,73625607,Strategic Growth Accounts,Energy & Utilities,Europe & UK,Healthcare & Life Sciences Digital Labs,Digital Inbound,Brand Authority & MQLs,6693237,137
TCS-CMP-00690,Life Sciences DataHub - Cloud,Google Search,2026-07-20,2026-07,41712,125050,4676,409,205,89,45,35,10,26458410,Nurture / Mid-Market,Energy & Utilities,APAC & Australia,Cloud & Infrastructure Transformation,Digital Inbound,Pipeline Generation,2645841,84
TCS-CMP-00691,Cognitive Ops 2.0 - Cloud,Industry Display & Media,2026-04-20,2026-04,34666,153341,1487,46,20,7,2,1,0,0,Emerging Tier / High-CAC,Retail & CPG,Europe & UK,Cloud & Infrastructure Transformation,Digital Inbound,Pipeline Generation,1205739,143
TCS-CMP-00692,GenAI Catalyst - Cognitive,LinkedIn Enterprise,2026-03-26,2026-03,53078,116173,2968,207,147,64,35,27,10,57902880,Strategic Growth Accounts,Healthcare & Life Sciences,Nordics & Benelux,Cognitive AI & Enterprise Automation,Digital Inbound,Executive Engagement,5790288,103
TCS-CMP-00693,OmniCommerce Edge - Cognitive,Industry Display & Media,2026-06-03,2026-06,22064,127795,1415,49,17,6,3,2,0,0,Nurture / Mid-Market,Healthcare & Life Sciences,Nordics & Benelux,Cognitive AI & Enterprise Automation,Digital Inbound,Strategic Account Penetration,2232294,62
TCS-CMP-00694,Cognitive Ops 2.0 - Cloud,LinkedIn Enterprise,2026-01-04,2026-01,25010,60741,1624,121,92,51,31,21,8,76897960,Enterprise High-Value,Energy & Utilities,Europe & UK,Cloud & Infrastructure Transformation,Digital Inbound,Executive Engagement,9612245,178
TCS-CMP-00695,SAP S/4 Hana Accelerated - BFSI,Google Search,2025-12-01,2025-12,57969,76593,2395,175,104,44,29,19,5,7663290,Emerging Tier / High-CAC,Manufacturing & Auto,North America,BFSI Core Modernization,Digital Inbound,Pipeline Generation,1532658,61
TCS-CMP-00696,Q1 Cloud Scale - Cyber,Executive Events & Roundtables,2025-10-17,2025-10,53141,48717,705,104,59,25,13,7,2,7856674,Emerging Tier / High-CAC,Retail & CPG,North America,Cyber Defense & Risk Governance,Experiential,Executive Engagement,3928337,109
TCS-CMP-00697,Zero Trust Enterprise - Cognitive,Executive Events & Roundtables,2026-01-18,2026-01,114109,69249,1173,120,81,25,12,7,2,19350820,Strategic Growth Accounts,Retail & CPG,Nordics & Benelux,Cognitive AI & Enterprise Automation,Experiential,Brand Authority & MQLs,9675410,125
TCS-CMP-00698,Sustainable Tech Suite - BFSI,Tech Analyst Webinars,2025-11-12,2025-11,20739,52552,1281,84,44,15,7,4,1,6970363,Enterprise High-Value,Healthcare & Life Sciences,APAC & Australia,BFSI Core Modernization,Digital Inbound,Brand Authority & MQLs,6970363,87
TCS-CMP-00699,BFSI Resiliency - Cyber,Account-Based Email,2026-06-22,2026-06,12333,25595,931,64,47,22,16,13,5,9998720,Emerging Tier / High-CAC,Energy & Utilities,APAC & Australia,Cyber Defense & Risk Governance,Outbound ABM,Strategic Account Penetration,1999744,140
TCS-CMP-00700,Life Sciences DataHub - Cloud,Google Search,2026-02-26,2026-02,50738,98910,3583,220,127,52,34,21,8,20350224,Nurture / Mid-Market,Healthcare & Life Sciences,North America,Cloud & Infrastructure Transformation,Digital Inbound,Pipeline Generation,2543778,137
TCS-CMP-00701,GenAI Catalyst - Cyber,Industry Display & Media,2026-04-18,2026-04,47668,331281,2465,90,45,13,6,2,0,0,Enterprise High-Value,Healthcare & Life Sciences,Nordics & Benelux,Cyber Defense & Risk Governance,Digital Inbound,Pipeline Generation,5679375,112
TCS-CMP-00702,GenAI Catalyst - BFSI,LinkedIn Enterprise,2025-12-26,2025-12,58987,157105,4022,445,335,171,104,80,27,310569498,Enterprise High-Value,Healthcare & Life Sciences,India & Middle East,BFSI Core Modernization,Digital Inbound,Pipeline Generation,11502574,184
TCS-CMP-00703,Global Horizon - Cyber,Tech Analyst Webinars,2025-12-25,2025-12,21208,37172,881,67,40,17,7,4,2,8729480,Strategic Growth Accounts,Retail & CPG,APAC & Australia,Cyber Defense & Risk Governance,Digital Inbound,Pipeline Generation,4364740,85
TCS-CMP-00704,Global Horizon - Retail,Tech Analyst Webinars,2025-12-03,2025-12,21777,61713,1607,102,63,22,11,8,3,11980935,Strategic Growth Accounts,Manufacturing & Auto,India & Middle East,Retail Omnichannel & Supply Chain,Digital Inbound,Executive Engagement,3993645,81
TCS-CMP-00705,Zero Trust Enterprise - Cyber,Industry Display & Media,2026-06-10,2026-06,38513,169971,1609,49,22,7,3,1,0,0,Enterprise High-Value,Energy & Utilities,Nordics & Benelux,Cyber Defense & Risk Governance,Digital Inbound,Brand Authority & MQLs,4825743,180
TCS-CMP-00706,CyberShield 360 - Cyber,Account-Based Email,2026-06-06,2026-06,22673,57908,2380,242,162,105,70,46,20,38697460,Emerging Tier / High-CAC,Healthcare & Life Sciences,India & Middle East,Cyber Defense & Risk Governance,Outbound ABM,Pipeline Generation,1934873,45
TCS-CMP-00707,SAP S/4 Hana Accelerated - Healthcare,Industry Display & Media,2025-10-12,2025-10,35758,199498,1587,48,16,4,2,1,0,0,Emerging Tier / High-CAC,Manufacturing & Auto,APAC & Australia,Healthcare & Life Sciences Digital Labs,Digital Inbound,Brand Authority & MQLs,1032379,89
TCS-CMP-00708,OmniCommerce Edge - Cyber,Industry Display & Media,2025-10-11,2025-10,31785,150212,1562,63,24,5,2,1,0,0,Emerging Tier / High-CAC,Healthcare & Life Sciences,APAC & Australia,Cyber Defense & Risk Governance,Digital Inbound,Pipeline Generation,931103,81
TCS-CMP-00709,Zero Trust Enterprise - Healthcare,Executive Events & Roundtables,2026-05-21,2026-05,119336,163607,2200,229,170,61,24,11,4,64066784,Enterprise High-Value,Telecom & Media,India & Middle East,Healthcare & Life Sciences Digital Labs,Experiential,Pipeline Generation,16016696,80
TCS-CMP-00710,Q1 Cloud Scale - Healthcare,Executive Events & Roundtables,2026-03-20,2026-03,47007,41927,627,78,55,19,7,4,1,16085155,Enterprise High-Value,Healthcare & Life Sciences,Europe & UK,Healthcare & Life Sciences Digital Labs,Experiential,Brand Authority & MQLs,16085155,109
TCS-CMP-00711,Q1 Cloud Scale - Cyber,LinkedIn Enterprise,2026-04-23,2026-04,32339,111299,2766,273,145,66,41,33,9,33704091,Nurture / Mid-Market,Telecom & Media,Nordics & Benelux,Cyber Defense & Risk Governance,Digital Inbound,Strategic Account Penetration,3744899,57
TCS-CMP-00712,Global Horizon - Retail,Executive Events & Roundtables,2026-06-05,2026-06,55560,55488,1007,148,117,37,19,12,3,46663398,Enterprise High-Value,Telecom & Media,North America,Retail Omnichannel & Supply Chain,Experiential,Strategic Account Penetration,15554466,106
TCS-CMP-00713,OmniCommerce Edge - Cyber,Google Search,2026-02-18,2026-02,54236,77920,3538,309,154,56,27,20,8,22424360,Nurture / Mid-Market,Banking & Capital Markets,India & Middle East,Cyber Defense & Risk Governance,Digital Inbound,Strategic Account Penetration,2803045,108
TCS-CMP-00714,Q1 Cloud Scale - Cyber,Account-Based Email,2026-07-12,2026-07,9617,23634,1191,88,59,28,20,17,6,10411614,Emerging Tier / High-CAC,Telecom & Media,Nordics & Benelux,Cyber Defense & Risk Governance,Outbound ABM,Executive Engagement,1735269,105
TCS-CMP-00715,Sustainable Tech Suite - Retail,Executive Events & Roundtables,2026-04-23,2026-04,54717,39091,591,66,52,16,7,4,1,5194998,Nurture / Mid-Market,Retail & CPG,India & Middle East,Retail Omnichannel & Supply Chain,Experiential,Pipeline Generation,5194998,120
TCS-CMP-00716,Sustainable Tech Suite - Cognitive,Executive Events & Roundtables,2025-12-24,2025-12,55010,67534,990,127,72,28,10,6,1,3640117,Emerging Tier / High-CAC,Banking & Capital Markets,Nordics & Benelux,Cognitive AI & Enterprise Automation,Experiential,Executive Engagement,3640117,99
TCS-CMP-00717,NextGen CX - Cloud,Account-Based Email,2025-10-15,2025-10,15126,42347,1738,177,133,80,59,52,26,49471708,Emerging Tier / High-CAC,Telecom & Media,APAC & Australia,Cloud & Infrastructure Transformation,Outbound ABM,Brand Authority & MQLs,1902758,141
TCS-CMP-00718,Sustainable Tech Suite - Retail,Tech Analyst Webinars,2025-12-02,2025-12,15654,25855,602,35,16,7,4,3,1,2593261,Nurture / Mid-Market,Manufacturing & Auto,North America,Retail Omnichannel & Supply Chain,Digital Inbound,Executive Engagement,2593261,48
TCS-CMP-00719,Zero Trust Enterprise - Cognitive,Industry Display & Media,2026-01-01,2026-01,18050,98211,724,22,11,3,1,0,0,0,Emerging Tier / High-CAC,Healthcare & Life Sciences,Nordics & Benelux,Cognitive AI & Enterprise Automation,Digital Inbound,Executive Engagement,1262559,88
TCS-CMP-00720,Global Horizon - BFSI,Google Search,2025-10-02,2025-10,58400,173211,6419,562,337,175,83,57,16,100662512,Enterprise High-Value,Energy & Utilities,North America,BFSI Core Modernization,Digital Inbound,Brand Authority & MQLs,6291407,198
TCS-CMP-00721,SAP S/4 Hana Accelerated - Retail,LinkedIn Enterprise,2026-06-06,2026-06,30719,90536,1982,215,149,79,53,33,9,29502909,Nurture / Mid-Market,Telecom & Media,Europe & UK,Retail Omnichannel & Supply Chain,Digital Inbound,Strategic Account Penetration,3278101,45
TCS-CMP-00722,CyberShield 360 - BFSI,Executive Events & Roundtables,2026-06-16,2026-06,106482,83081,1318,155,106,39,18,12,4,74770568,Enterprise High-Value,Banking & Capital Markets,India & Middle East,BFSI Core Modernization,Experiential,Strategic Account Penetration,18692642,83
TCS-CMP-00723,CyberShield 360 - BFSI,LinkedIn Enterprise,2026-04-19,2026-04,61020,127305,3887,388,232,99,60,38,14,29776250,Emerging Tier / High-CAC,Banking & Capital Markets,North America,BFSI Core Modernization,Digital Inbound,Pipeline Generation,2126875,101
TCS-CMP-00724,Sustainable Tech Suite - Cloud,Industry Display & Media,2026-06-15,2026-06,20143,150213,1345,38,17,5,2,1,0,0,Strategic Growth Accounts,Telecom & Media,Nordics & Benelux,Cloud & Infrastructure Transformation,Digital Inbound,Brand Authority & MQLs,3529252,81
TCS-CMP-00725,Q1 Cloud Scale - Cognitive,Account-Based Email,2026-09-25,2026-09,15647,32769,1122,72,40,18,13,9,3,10349388,Nurture / Mid-Market,Energy & Utilities,Europe & UK,Cognitive AI & Enterprise Automation,Outbound ABM,Executive Engagement,3449796,140
TCS-CMP-00726,OmniCommerce Edge - Cognitive,Industry Display & Media,2026-09-27,2026-09,39051,155694,1267,47,20,6,3,1,0,0,Nurture / Mid-Market,Healthcare & Life Sciences,APAC & Australia,Cognitive AI & Enterprise Automation,Digital Inbound,Pipeline Generation,1952627,85
TCS-CMP-00727,Zero Trust Enterprise - Retail,Executive Events & Roundtables,2026-05-24,2026-05,130971,120170,1807,183,127,37,18,9,3,28704861,Strategic Growth Accounts,Healthcare & Life Sciences,North America,Retail Omnichannel & Supply Chain,Experiential,Pipeline Generation,9568287,101
TCS-CMP-00728,BFSI Resiliency - Cognitive,Tech Analyst Webinars,2026-09-04,2026-09,14555,36874,1011,79,35,14,6,4,1,3782431,Strategic Growth Accounts,Energy & Utilities,APAC & Australia,Cognitive AI & Enterprise Automation,Digital Inbound,Strategic Account Penetration,3782431,103
TCS-CMP-00729,Zero Trust Enterprise - Cognitive,Executive Events & Roundtables,2026-07-15,2026-07,92834,61253,1046,104,61,20,9,6,1,3901469,Emerging Tier / High-CAC,Telecom & Media,APAC & Australia,Cognitive AI & Enterprise Automation,Experiential,Brand Authority & MQLs,3901469,112
TCS-CMP-00730,Q1 Cloud Scale - Retail,Tech Analyst Webinars,2026-08-27,2026-08,24256,35678,884,61,35,11,7,4,1,1407497,Emerging Tier / High-CAC,Banking & Capital Markets,Europe & UK,Retail Omnichannel & Supply Chain,Digital Inbound,Strategic Account Penetration,1407497,53
TCS-CMP-00731,OmniCommerce Edge - Cognitive,Google Search,2025-10-10,2025-10,72033,196934,8875,604,344,170,87,67,28,64683136,Nurture / Mid-Market,Energy & Utilities,North America,Cognitive AI & Enterprise Automation,Digital Inbound,Strategic Account Penetration,2310112,136
TCS-CMP-00732,BFSI Resiliency - Healthcare,Google Search,2026-06-17,2026-06,42110,90052,3178,190,115,59,36,28,12,18466500,Emerging Tier / High-CAC,Retail & CPG,India & Middle East,Healthcare & Life Sciences Digital Labs,Digital Inbound,Brand Authority & MQLs,1538875,142
TCS-CMP-00733,Global Horizon - Cyber,LinkedIn Enterprise,2026-08-16,2026-08,46981,117646,3122,323,193,118,83,62,25,136386550,Strategic Growth Accounts,Banking & Capital Markets,Europe & UK,Cyber Defense & Risk Governance,Digital Inbound,Pipeline Generation,5455462,135
TCS-CMP-00734,BFSI Resiliency - Cognitive,Industry Display & Media,2026-06-13,2026-06,17158,89719,658,21,10,2,1,0,0,0,Emerging Tier / High-CAC,Manufacturing & Auto,Europe & UK,Cognitive AI & Enterprise Automation,Digital Inbound,Strategic Account Penetration,939060,72
TCS-CMP-00735,CyberShield 360 - Cloud,Industry Display & Media,2026-06-07,2026-06,26119,171507,1699,57,21,6,2,1,0,0,Strategic Growth Accounts,Retail & CPG,North America,Cloud & Infrastructure Transformation,Digital Inbound,Brand Authority & MQLs,3580121,105
TCS-CMP-00736,Life Sciences DataHub - Cyber,Google Search,2026-08-04,2026-08,61246,88362,2860,238,119,61,28,17,6,35457558,Enterprise High-Value,Healthcare & Life Sciences,Europe & UK,Cyber Defense & Risk Governance,Digital Inbound,Pipeline Generation,5909593,107
TCS-CMP-00737,BFSI Resiliency - Cloud,Tech Analyst Webinars,2026-07-14,2026-07,36435,103705,2590,190,113,47,26,18,5,26578765,Enterprise High-Value,Manufacturing & Auto,Nordics & Benelux,Cloud & Infrastructure Transformation,Digital Inbound,Brand Authority & MQLs,5315753,100
TCS-CMP-00738,Sustainable Tech Suite - Healthcare,Google Search,2025-12-07,2025-12,53608,81055,2488,170,111,44,26,18,5,21321405,Strategic Growth Accounts,Retail & CPG,APAC & Australia,Healthcare & Life Sciences Digital Labs,Digital Inbound,Strategic Account Penetration,4264281,126
TCS-CMP-00739,Life Sciences DataHub - Retail,Google Search,2026-01-03,2026-01,35463,68749,2946,174,96,44,28,22,6,10254654,Emerging Tier / High-CAC,Retail & CPG,APAC & Australia,Retail Omnichannel & Supply Chain,Digital Inbound,Brand Authority & MQLs,1709109,135
TCS-CMP-00740,BFSI Resiliency - Cloud,Executive Events & Roundtables,2026-04-18,2026-04,74631,73540,1263,157,103,37,18,11,3,50549601,Enterprise High-Value,Telecom & Media,India & Middle East,Cloud & Infrastructure Transformation,Experiential,Strategic Account Penetration,16849867,132
TCS-CMP-00741,Cognitive Ops 2.0 - Healthcare,Account-Based Email,2025-12-25,2025-12,12975,32031,1413,132,100,63,35,23,11,70561381,Strategic Growth Accounts,Energy & Utilities,Europe & UK,Healthcare & Life Sciences Digital Labs,Outbound ABM,Executive Engagement,6414671,56
TCS-CMP-00742,Sustainable Tech Suite - Cyber,Tech Analyst Webinars,2026-09-01,2026-09,36341,84259,1885,147,74,32,14,8,2,7093816,Strategic Growth Accounts,Energy & Utilities,APAC & Australia,Cyber Defense & Risk Governance,Digital Inbound,Strategic Account Penetration,3546908,143
TCS-CMP-00743,NextGen CX - Cyber,Industry Display & Media,2026-04-26,2026-04,45232,212226,1895,66,32,10,4,2,1,1128021,Emerging Tier / High-CAC,Energy & Utilities,North America,Cyber Defense & Risk Governance,Digital Inbound,Brand Authority & MQLs,1128021,127
TCS-CMP-00744,Cognitive Ops 2.0 - Cyber,Google Search,2026-09-01,2026-09,59690,107163,4699,429,291,103,48,28,11,16247055,Emerging Tier / High-CAC,Manufacturing & Auto,APAC & Australia,Cyber Defense & Risk Governance,Digital Inbound,Executive Engagement,1477005,141
TCS-CMP-00745,Zero Trust Enterprise - Cloud,Tech Analyst Webinars,2026-03-01,2026-03,17356,39896,842,59,36,13,7,4,1,2015034,Nurture / Mid-Market,Retail & CPG,India & Middle East,Cloud & Infrastructure Transformation,Digital Inbound,Brand Authority & MQLs,2015034,135
TCS-CMP-00746,NextGen CX - Retail,Industry Display & Media,2026-06-21,2026-06,38104,225439,1712,59,25,7,3,1,0,0,Strategic Growth Accounts,Telecom & Media,Nordics & Benelux,Retail Omnichannel & Supply Chain,Digital Inbound,Strategic Account Penetration,2757752,136
TCS-CMP-00747,OmniCommerce Edge - Cloud,LinkedIn Enterprise,2026-08-14,2026-08,46518,134718,3420,306,178,93,56,47,13,30300556,Emerging Tier / High-CAC,Telecom & Media,Nordics & Benelux,Cloud & Infrastructure Transformation,Digital Inbound,Brand Authority & MQLs,2330812,60
TCS-CMP-00748,Sustainable Tech Suite - Cloud,Industry Display & Media,2025-10-28,2025-10,43439,234197,1757,50,24,8,3,2,0,0,Nurture / Mid-Market,Banking & Capital Markets,Europe & UK,Cloud & Infrastructure Transformation,Digital Inbound,Pipeline Generation,1671031,49
TCS-CMP-00749,Q1 Cloud Scale - Cloud,Executive Events & Roundtables,2025-12-05,2025-12,122170,96178,1800,235,132,53,23,11,3,11772108,Emerging Tier / High-CAC,Healthcare & Life Sciences,APAC & Australia,Cloud & Infrastructure Transformation,Experiential,Executive Engagement,3924036,128
TCS-CMP-00750,OmniCommerce Edge - BFSI,Google Search,2026-06-27,2026-06,24507,47450,1453,106,52,22,13,7,2,3346200,Emerging Tier / High-CAC,Telecom & Media,India & Middle East,BFSI Core Modernization,Digital Inbound,Pipeline Generation,1673100,50
TCS-CMP-00751,SAP S/4 Hana Accelerated - Healthcare,Google Search,2026-02-15,2026-02,54585,122996,5217,356,213,78,47,32,11,17315683,Emerging Tier / High-CAC,Manufacturing & Auto,APAC & Australia,Healthcare & Life Sciences Digital Labs,Digital Inbound,Brand Authority & MQLs,1574153,129
TCS-CMP-00752,SAP S/4 Hana Accelerated - Retail,Industry Display & Media,2026-06-05,2026-06,46045,411169,4593,142,56,14,5,2,1,2166934,Nurture / Mid-Market,Retail & CPG,India & Middle East,Retail Omnichannel & Supply Chain,Digital Inbound,Brand Authority & MQLs,2166934,46
TCS-CMP-00753,NextGen CX - Healthcare,Account-Based Email,2025-11-08,2025-11,19813,64255,2513,179,123,61,38,30,9,46221345,Strategic Growth Accounts,Energy & Utilities,APAC & Australia,Healthcare & Life Sciences Digital Labs,Outbound ABM,Strategic Account Penetration,5135705,112
TCS-CMP-00754,Global Horizon - BFSI,Tech Analyst Webinars,2025-12-15,2025-12,34710,53086,1105,58,32,15,8,5,2,2847572,Emerging Tier / High-CAC,Energy & Utilities,APAC & Australia,BFSI Core Modernization,Digital Inbound,Strategic Account Penetration,1423786,91
TCS-CMP-00755,GenAI Catalyst - Cloud,Account-Based Email,2026-05-24,2026-05,25370,67971,2843,202,116,76,46,40,14,28866866,Emerging Tier / High-CAC,Retail & CPG,North America,Cloud & Infrastructure Transformation,Outbound ABM,Executive Engagement,2061919,114
TCS-CMP-00756,BFSI Resiliency - Cloud,Industry Display & Media,2026-09-14,2026-09,43304,252153,2066,69,27,7,2,1,0,0,Emerging Tier / High-CAC,Energy & Utilities,India & Middle East,Cloud & Infrastructure Transformation,Digital Inbound,Brand Authority & MQLs,1139132,77
TCS-CMP-00757,Life Sciences DataHub - Cognitive,Account-Based Email,2026-05-09,2026-05,24819,38024,1735,137,109,51,39,34,11,51263102,Strategic Growth Accounts,Banking & Capital Markets,India & Middle East,Cognitive AI & Enterprise Automation,Outbound ABM,Pipeline Generation,4660282,54
TCS-CMP-00758,Sustainable Tech Suite - BFSI,Industry Display & Media,2026-04-18,2026-04,37136,300125,2435,83,42,11,4,2,0,0,Nurture / Mid-Market,Manufacturing & Auto,India & Middle East,BFSI Core Modernization,Digital Inbound,Pipeline Generation,1978728,85
TCS-CMP-00759,Global Horizon - BFSI,LinkedIn Enterprise,2026-06-19,2026-06,24346,33741,1046,71,52,25,16,11,3,7489851,Emerging Tier / High-CAC,Retail & CPG,North America,BFSI Core Modernization,Digital Inbound,Executive Engagement,2496617,70
TCS-CMP-00760,NextGen CX - Cyber,LinkedIn Enterprise,2026-09-23,2026-09,35575,50268,1165,128,84,35,20,17,8,16403088,Emerging Tier / High-CAC,Telecom & Media,APAC & Australia,Cyber Defense & Risk Governance,Digital Inbound,Executive Engagement,2050386,72
TCS-CMP-00761,BFSI Resiliency - Healthcare,Account-Based Email,2026-05-12,2026-05,22048,41721,1591,125,70,38,27,19,6,53734920,Enterprise High-Value,Banking & Capital Markets,APAC & Australia,Healthcare & Life Sciences Digital Labs,Outbound ABM,Brand Authority & MQLs,8955820,191
TCS-CMP-00762,Sustainable Tech Suite - Cyber,Google Search,2026-04-26,2026-04,55621,156868,7382,599,341,136,87,51,18,47040714,Nurture / Mid-Market,Energy & Utilities,North America,Cyber Defense & Risk Governance,Digital Inbound,Strategic Account Penetration,2613373,104
TCS-CMP-00763,CyberShield 360 - BFSI,Google Search,2026-09-26,2026-09,69872,119546,3776,244,120,59,28,16,5,12572245,Nurture / Mid-Market,Energy & Utilities,North America,BFSI Core Modernization,Digital Inbound,Strategic Account Penetration,2514449,73
TCS-CMP-00764,Life Sciences DataHub - BFSI,LinkedIn Enterprise,2026-05-05,2026-05,31429,49784,1514,161,92,51,29,19,8,15621776,Emerging Tier / High-CAC,Manufacturing & Auto,Nordics & Benelux,BFSI Core Modernization,Digital Inbound,Strategic Account Penetration,1952722,76
TCS-CMP-00765,GenAI Catalyst - Healthcare,Account-Based Email,2025-10-27,2025-10,15778,27402,1268,115,86,49,33,25,12,38030556,Nurture / Mid-Market,Healthcare & Life Sciences,APAC & Australia,Healthcare & Life Sciences Digital Labs,Outbound ABM,Strategic Account Penetration,3169213,61
TCS-CMP-00766,Q1 Cloud Scale - BFSI,Industry Display & Media,2025-11-06,2025-11,20385,142167,1279,35,13,4,2,1,0,0,Strategic Growth Accounts,Telecom & Media,India & Middle East,BFSI Core Modernization,Digital Inbound,Brand Authority & MQLs,3220120,64
TCS-CMP-00767,SAP S/4 Hana Accelerated - Cognitive,Account-Based Email,2026-02-11,2026-02,8031,14427,726,60,42,23,17,11,4,12973452,Nurture / Mid-Market,Banking & Capital Markets,North America,Cognitive AI & Enterprise Automation,Outbound ABM,Pipeline Generation,3243363,91
TCS-CMP-00768,Sustainable Tech Suite - Cyber,Tech Analyst Webinars,2026-07-22,2026-07,31831,101589,2737,148,88,40,19,11,4,13006988,Strategic Growth Accounts,Healthcare & Life Sciences,North America,Cyber Defense & Risk Governance,Digital Inbound,Executive Engagement,3251747,111
TCS-CMP-00769,GenAI Catalyst - Healthcare,Executive Events & Roundtables,2026-01-19,2026-01,114231,85461,1152,106,76,26,11,5,1,6054772,Nurture / Mid-Market,Retail & CPG,Nordics & Benelux,Healthcare & Life Sciences Digital Labs,Experiential,Brand Authority & MQLs,6054772,110
TCS-CMP-00770,SAP S/4 Hana Accelerated - Healthcare,Google Search,2025-11-12,2025-11,72201,227049,7532,479,281,116,55,38,9,34806537,Strategic Growth Accounts,Banking & Capital Markets,India & Middle East,Healthcare & Life Sciences Digital Labs,Digital Inbound,Executive Engagement,3867393,87
TCS-CMP-00771,Life Sciences DataHub - Cyber,Tech Analyst Webinars,2025-11-03,2025-11,19632,30056,762,59,26,11,6,4,1,2010805,Nurture / Mid-Market,Banking & Capital Markets,India & Middle East,Cyber Defense & Risk Governance,Digital Inbound,Brand Authority & MQLs,2010805,73
TCS-CMP-00772,Q1 Cloud Scale - BFSI,Executive Events & Roundtables,2025-10-13,2025-10,109878,75891,1080,141,107,38,19,10,3,18434529,Nurture / Mid-Market,Telecom & Media,Europe & UK,BFSI Core Modernization,Experiential,Executive Engagement,6144843,89
TCS-CMP-00773,Global Horizon - Cloud,Tech Analyst Webinars,2026-09-06,2026-09,16358,40455,997,71,38,15,8,4,1,1493930,Emerging Tier / High-CAC,Retail & CPG,Nordics & Benelux,Cloud & Infrastructure Transformation,Digital Inbound,Brand Authority & MQLs,1493930,46
TCS-CMP-00774,OmniCommerce Edge - Retail,Account-Based Email,2025-10-03,2025-10,20642,41829,1458,114,71,47,32,21,9,51014043,Strategic Growth Accounts,Energy & Utilities,Europe & UK,Retail Omnichannel & Supply Chain,Outbound ABM,Executive Engagement,5668227,99
TCS-CMP-00775,Life Sciences DataHub - BFSI,LinkedIn Enterprise,2026-02-08,2026-02,51377,88560,2581,196,132,78,56,37,12,63789372,Strategic Growth Accounts,Manufacturing & Auto,India & Middle East,BFSI Core Modernization,Digital Inbound,Executive Engagement,5315781,59
TCS-CMP-00776,NextGen CX - Cognitive,Executive Events & Roundtables,2026-03-09,2026-03,132961,137826,2242,327,253,95,43,22,4,70345832,Enterprise High-Value,Healthcare & Life Sciences,Europe & UK,Cognitive AI & Enterprise Automation,Experiential,Executive Engagement,17586458,197
TCS-CMP-00777,SAP S/4 Hana Accelerated - Cyber,Industry Display & Media,2026-02-20,2026-02,20730,97243,786,32,14,3,1,0,0,0,Nurture / Mid-Market,Energy & Utilities,APAC & Australia,Cyber Defense & Risk Governance,Digital Inbound,Brand Authority & MQLs,1666630,77
TCS-CMP-00778,Q1 Cloud Scale - BFSI,Account-Based Email,2026-02-15,2026-02,23472,40162,1357,135,93,43,24,16,8,17617704,Emerging Tier / High-CAC,Retail & CPG,India & Middle East,BFSI Core Modernization,Outbound ABM,Pipeline Generation,2202213,85
TCS-CMP-00779,BFSI Resiliency - Cognitive,Account-Based Email,2026-06-23,2026-06,16366,25726,998,66,38,18,12,8,3,6433239,Emerging Tier / High-CAC,Manufacturing & Auto,North America,Cognitive AI & Enterprise Automation,Outbound ABM,Pipeline Generation,2144413,98
TCS-CMP-00780,Q1 Cloud Scale - Cognitive,Tech Analyst Webinars,2026-07-02,2026-07,33978,50826,922,57,27,11,5,3,1,6281905,Enterprise High-Value,Banking & Capital Markets,North America,Cognitive AI & Enterprise Automation,Digital Inbound,Pipeline Generation,6281905,82
TCS-CMP-00781,SAP S/4 Hana Accelerated - Cyber,Executive Events & Roundtables,2025-12-25,2025-12,73908,54567,662,74,58,18,9,5,1,13592671,Enterprise High-Value,Manufacturing & Auto,India & Middle East,Cyber Defense & Risk Governance,Experiential,Strategic Account Penetration,13592671,141
TCS-CMP-00782,Cognitive Ops 2.0 - Retail,Tech Analyst Webinars,2025-11-20,2025-11,12648,21676,564,42,19,7,4,2,1,3335073,Strategic Growth Accounts,Banking & Capital Markets,APAC & Australia,Retail Omnichannel & Supply Chain,Digital Inbound,Strategic Account Penetration,3335073,55
TCS-CMP-00783,Cognitive Ops 2.0 - BFSI,Industry Display & Media,2026-07-23,2026-07,20186,110976,1231,52,25,6,2,1,0,0,Emerging Tier / High-CAC,Telecom & Media,Nordics & Benelux,BFSI Core Modernization,Digital Inbound,Strategic Account Penetration,955138,59
TCS-CMP-00784,Q1 Cloud Scale - Healthcare,Google Search,2026-01-28,2026-01,70373,189809,8957,789,388,173,107,70,19,119530995,Enterprise High-Value,Manufacturing & Auto,Nordics & Benelux,Healthcare & Life Sciences Digital Labs,Digital Inbound,Pipeline Generation,6291105,136
TCS-CMP-00785,Sustainable Tech Suite - Retail,Executive Events & Roundtables,2025-11-07,2025-11,120427,80219,1051,151,100,41,15,9,2,17463982,Strategic Growth Accounts,Energy & Utilities,North America,Retail Omnichannel & Supply Chain,Experiential,Pipeline Generation,8731991,72
TCS-CMP-00786,BFSI Resiliency - BFSI,Google Search,2026-02-04,2026-02,35591,100468,4742,436,271,99,47,35,13,89704095,Enterprise High-Value,Telecom & Media,Europe & UK,BFSI Core Modernization,Digital Inbound,Executive Engagement,6900315,201
TCS-CMP-00787,Sustainable Tech Suite - Cyber,Industry Display & Media,2026-08-03,2026-08,37959,226607,2466,91,39,11,5,3,1,5328588,Enterprise High-Value,Telecom & Media,Nordics & Benelux,Cyber Defense & Risk Governance,Digital Inbound,Pipeline Generation,5328588,189
TCS-CMP-00788,Global Horizon - BFSI,Industry Display & Media,2026-02-08,2026-02,42974,231530,2025,58,25,7,3,1,0,0,Nurture / Mid-Market,Energy & Utilities,India & Middle East,BFSI Core Modernization,Digital Inbound,Strategic Account Penetration,1990588,122
TCS-CMP-00789,Global Horizon - BFSI,Account-Based Email,2026-01-18,2026-01,22147,44576,1763,170,125,73,49,38,19,200979378,Enterprise High-Value,Banking & Capital Markets,APAC & Australia,BFSI Core Modernization,Outbound ABM,Brand Authority & MQLs,10577862,189
TCS-CMP-00790,BFSI Resiliency - Healthcare,LinkedIn Enterprise,2026-06-12,2026-06,39314,83834,2235,152,102,59,34,22,8,68601504,Enterprise High-Value,Manufacturing & Auto,India & Middle East,Healthcare & Life Sciences Digital Labs,Digital Inbound,Strategic Account Penetration,8575188,73
TCS-CMP-00791,GenAI Catalyst - Cognitive,LinkedIn Enterprise,2026-07-26,2026-07,18024,40358,862,87,59,25,14,10,5,55955215,Enterprise High-Value,Healthcare & Life Sciences,North America,Cognitive AI & Enterprise Automation,Digital Inbound,Strategic Account Penetration,11191043,128
TCS-CMP-00792,OmniCommerce Edge - Retail,Tech Analyst Webinars,2026-03-09,2026-03,29247,40952,790,51,26,12,6,3,1,1179151,Emerging Tier / High-CAC,Retail & CPG,North America,Retail Omnichannel & Supply Chain,Digital Inbound,Executive Engagement,1179151,104
TCS-CMP-00793,NextGen CX - Cloud,Tech Analyst Webinars,2026-05-01,2026-05,23721,51389,1413,100,61,25,11,6,2,2788096,Emerging Tier / High-CAC,Manufacturing & Auto,Nordics & Benelux,Cloud & Infrastructure Transformation,Digital Inbound,Pipeline Generation,1394048,125
TCS-CMP-00794,Sustainable Tech Suite - BFSI,LinkedIn Enterprise,2025-11-26,2025-11,20585,41937,1184,95,58,32,18,13,4,8000528,Emerging Tier / High-CAC,Retail & CPG,APAC & Australia,BFSI Core Modernization,Digital Inbound,Strategic Account Penetration,2000132,93
TCS-CMP-00795,GenAI Catalyst - Retail,Executive Events & Roundtables,2025-11-02,2025-11,64114,70308,897,102,81,31,16,8,2,18875750,Strategic Growth Accounts,Energy & Utilities,Nordics & Benelux,Retail Omnichannel & Supply Chain,Experiential,Executive Engagement,9437875,104
TCS-CMP-00796,GenAI Catalyst - Cognitive,Google Search,2026-05-16,2026-05,65542,125777,5630,442,213,84,53,35,11,40572026,Strategic Growth Accounts,Manufacturing & Auto,India & Middle East,Cognitive AI & Enterprise Automation,Digital Inbound,Strategic Account Penetration,3688366,49
TCS-CMP-00797,Zero Trust Enterprise - Cloud,Account-Based Email,2026-04-21,2026-04,14298,26174,887,70,51,25,19,16,6,10295580,Emerging Tier / High-CAC,Banking & Capital Markets,India & Middle East,Cloud & Infrastructure Transformation,Outbound ABM,Strategic Account Penetration,1715930,124
TCS-CMP-00798,Zero Trust Enterprise - Cyber,LinkedIn Enterprise,2026-02-01,2026-02,37893,68666,2175,239,152,71,47,38,18,171592920,Enterprise High-Value,Banking & Capital Markets,Nordics & Benelux,Cyber Defense & Risk Governance,Digital Inbound,Executive Engagement,9532940,143
TCS-CMP-00799,Life Sciences DataHub - BFSI,Industry Display & Media,2026-01-06,2026-01,15443,72015,781,22,10,3,1,1,0,0,Enterprise High-Value,Energy & Utilities,North America,BFSI Core Modernization,Digital Inbound,Pipeline Generation,4774282,207
TCS-CMP-00800,CyberShield 360 - Cyber,LinkedIn Enterprise,2026-03-18,2026-03,38478,72903,1772,122,76,43,26,20,8,59727888,Strategic Growth Accounts,Healthcare & Life Sciences,Nordics & Benelux,Cyber Defense & Risk Governance,Digital Inbound,Strategic Account Penetration,7465986,103
TCS-CMP-00801,Q1 Cloud Scale - Healthcare,Executive Events & Roundtables,2026-09-13,2026-09,86812,119247,1985,269,221,62,24,13,5,27020360,Nurture / Mid-Market,Healthcare & Life Sciences,India & Middle East,Healthcare & Life Sciences Digital Labs,Experiential,Strategic Account Penetration,5404072,53
TCS-CMP-00802,Life Sciences DataHub - Cloud,Tech Analyst Webinars,2026-09-18,2026-09,27557,50013,886,53,32,13,6,3,1,6436666,Enterprise High-Value,Manufacturing & Auto,Nordics & Benelux,Cloud & Infrastructure Transformation,Digital Inbound,Strategic Account Penetration,6436666,144
TCS-CMP-00803,Cognitive Ops 2.0 - Cyber,Industry Display & Media,2026-01-05,2026-01,17981,89427,715,24,11,3,1,0,0,0,Nurture / Mid-Market,Telecom & Media,India & Middle East,Cyber Defense & Risk Governance,Digital Inbound,Brand Authority & MQLs,1659826,107
TCS-CMP-00804,Zero Trust Enterprise - BFSI,Google Search,2026-01-21,2026-01,49140,105281,3671,329,166,77,41,31,7,41888721,Enterprise High-Value,Banking & Capital Markets,APAC & Australia,BFSI Core Modernization,Digital Inbound,Brand Authority & MQLs,5984103,168
TCS-CMP-00805,BFSI Resiliency - Cyber,LinkedIn Enterprise,2025-10-25,2025-10,37620,103727,2176,186,100,47,24,20,7,14468972,Emerging Tier / High-CAC,Retail & CPG,APAC & Australia,Cyber Defense & Risk Governance,Digital Inbound,Brand Authority & MQLs,2066996,144
TCS-CMP-00806,BFSI Resiliency - Cognitive,Tech Analyst Webinars,2026-07-06,2026-07,29800,44267,1063,75,38,15,7,4,1,5519304,Enterprise High-Value,Healthcare & Life Sciences,North America,Cognitive AI & Enterprise Automation,Digital Inbound,Brand Authority & MQLs,5519304,96
TCS-CMP-00807,OmniCommerce Edge - BFSI,Google Search,2026-06-21,2026-06,72734,131875,5149,325,208,77,51,37,14,102364990,Enterprise High-Value,Telecom & Media,India & Middle East,BFSI Core Modernization,Digital Inbound,Executive Engagement,7311785,196
TCS-CMP-00808,Global Horizon - Cloud,LinkedIn Enterprise,2026-09-15,2026-09,21666,46025,1000,94,64,37,26,17,7,71671236,Enterprise High-Value,Manufacturing & Auto,Nordics & Benelux,Cloud & Infrastructure Transformation,Digital Inbound,Pipeline Generation,10238748,142
TCS-CMP-00809,Zero Trust Enterprise - Cyber,Tech Analyst Webinars,2025-10-17,2025-10,25543,45456,1192,68,41,19,8,4,1,6675999,Enterprise High-Value,Retail & CPG,Europe & UK,Cyber Defense & Risk Governance,Digital Inbound,Executive Engagement,6675999,89
TCS-CMP-00810,Global Horizon - Cognitive,Industry Display & Media,2026-09-17,2026-09,49649,284045,2517,93,43,11,4,2,1,1138775,Emerging Tier / High-CAC,Banking & Capital Markets,North America,Cognitive AI & Enterprise Automation,Digital Inbound,Strategic Account Penetration,1138775,114
TCS-CMP-00811,SAP S/4 Hana Accelerated - Healthcare,Tech Analyst Webinars,2025-12-12,2025-12,34392,92721,2360,174,81,32,18,11,3,4639614,Emerging Tier / High-CAC,Manufacturing & Auto,APAC & Australia,Healthcare & Life Sciences Digital Labs,Digital Inbound,Executive Engagement,1546538,98
TCS-CMP-00812,BFSI Resiliency - Retail,Google Search,2026-02-12,2026-02,60694,125535,5756,485,314,163,83,56,15,56390775,Strategic Growth Accounts,Banking & Capital Markets,APAC & Australia,Retail Omnichannel & Supply Chain,Digital Inbound,Brand Authority & MQLs,3759385,140
TCS-CMP-00813,Life Sciences DataHub - Cognitive,Executive Events & Roundtables,2026-07-02,2026-07,69034,61208,797,96,67,24,12,7,1,8381246,Strategic Growth Accounts,Energy & Utilities,India & Middle East,Cognitive AI & Enterprise Automation,Experiential,Brand Authority & MQLs,8381246,84
TCS-CMP-00814,Zero Trust Enterprise - Cyber,Industry Display & Media,2026-01-01,2026-01,20278,87956,644,28,11,3,1,0,0,0,Nurture / Mid-Market,Retail & CPG,Europe & UK,Cyber Defense & Risk Governance,Digital Inbound,Pipeline Generation,1818301,96
TCS-CMP-00815,OmniCommerce Edge - Retail,LinkedIn Enterprise,2025-12-17,2025-12,43139,108442,3073,264,178,86,59,49,19,116441937,Strategic Growth Accounts,Retail & CPG,Nordics & Benelux,Retail Omnichannel & Supply Chain,Digital Inbound,Strategic Account Penetration,6128523,114
TCS-CMP-00816,CyberShield 360 - Cognitive,Tech Analyst Webinars,2026-08-08,2026-08,19570,43372,1059,57,32,14,7,4,1,1350985,Emerging Tier / High-CAC,Banking & Capital Markets,APAC & Australia,Cognitive AI & Enterprise Automation,Digital Inbound,Brand Authority & MQLs,1350985,116
TCS-CMP-00817,Global Horizon - Cognitive,Industry Display & Media,2025-12-23,2025-12,38665,167872,1496,45,21,7,3,1,0,0,Nurture / Mid-Market,Telecom & Media,North America,Cognitive AI & Enterprise Automation,Digital Inbound,Brand Authority & MQLs,1840273,72
TCS-CMP-00818,NextGen CX - Cyber,LinkedIn Enterprise,2026-01-21,2026-01,34935,99203,2396,170,90,40,22,18,6,11447040,Emerging Tier / High-CAC,Banking & Capital Markets,North America,Cyber Defense & Risk Governance,Digital Inbound,Executive Engagement,1907840,69
TCS-CMP-00819,Sustainable Tech Suite - Cognitive,LinkedIn Enterprise,2026-08-17,2026-08,55619,184051,4658,419,222,128,70,49,16,92824912,Strategic Growth Accounts,Banking & Capital Markets,India & Middle East,Cognitive AI & Enterprise Automation,Digital Inbound,Pipeline Generation,5801557,80
TCS-CMP-00820,GenAI Catalyst - BFSI,Account-Based Email,2025-10-25,2025-10,13381,22033,1007,65,45,26,18,16,6,11437464,Emerging Tier / High-CAC,Healthcare & Life Sciences,APAC & Australia,BFSI Core Modernization,Outbound ABM,Brand Authority & MQLs,1906244,48
TCS-CMP-00821,OmniCommerce Edge - Cognitive,Tech Analyst Webinars,2026-06-13,2026-06,36087,83293,1481,82,49,21,12,7,2,4641590,Nurture / Mid-Market,Manufacturing & Auto,APAC & Australia,Cognitive AI & Enterprise Automation,Digital Inbound,Strategic Account Penetration,2320795,120
TCS-CMP-00822,GenAI Catalyst - BFSI,Industry Display & Media,2025-10-18,2025-10,24332,116530,1193,34,14,5,2,1,0,0,Emerging Tier / High-CAC,Banking & Capital Markets,Europe & UK,BFSI Core Modernization,Digital Inbound,Pipeline Generation,1037868,78
TCS-CMP-00823,Sustainable Tech Suite - Cyber,Executive Events & Roundtables,2026-01-10,2026-01,124371,119043,1505,141,113,47,22,13,4,36853296,Strategic Growth Accounts,Telecom & Media,Europe & UK,Cyber Defense & Risk Governance,Experiential,Brand Authority & MQLs,9213324,94
TCS-CMP-00824,Q1 Cloud Scale - BFSI,Account-Based Email,2025-10-09,2025-10,17167,29177,1109,114,92,42,32,21,8,46153032,Strategic Growth Accounts,Telecom & Media,APAC & Australia,BFSI Core Modernization,Outbound ABM,Brand Authority & MQLs,5769129,88
TCS-CMP-00825,SAP S/4 Hana Accelerated - BFSI,Google Search,2026-09-24,2026-09,57889,111455,4158,361,235,112,68,42,12,58317528,Strategic Growth Accounts,Manufacturing & Auto,India & Middle East,BFSI Core Modernization,Digital Inbound,Strategic Account Penetration,4859794,84
TCS-CMP-00826,Zero Trust Enterprise - Retail,Tech Analyst Webinars,2026-06-13,2026-06,26507,34123,739,52,25,10,6,4,1,2674997,Nurture / Mid-Market,Telecom & Media,Nordics & Benelux,Retail Omnichannel & Supply Chain,Digital Inbound,Executive Engagement,2674997,76
TCS-CMP-00827,Q1 Cloud Scale - Cloud,Google Search,2026-09-15,2026-09,57687,141761,5661,337,175,84,44,30,8,46837136,Enterprise High-Value,Retail & CPG,India & Middle East,Cloud & Infrastructure Transformation,Digital Inbound,Executive Engagement,5854642,195
TCS-CMP-00828,Life Sciences DataHub - BFSI,Google Search,2026-09-09,2026-09,62829,124860,4695,398,214,88,45,34,8,17463696,Nurture / Mid-Market,Energy & Utilities,North America,BFSI Core Modernization,Digital Inbound,Executive Engagement,2182962,118
TCS-CMP-00829,BFSI Resiliency - Cloud,Executive Events & Roundtables,2025-12-15,2025-12,139491,132932,2147,195,161,53,25,14,4,67612436,Enterprise High-Value,Healthcare & Life Sciences,Europe & UK,Cloud & Infrastructure Transformation,Experiential,Pipeline Generation,16903109,208
TCS-CMP-00830,Life Sciences DataHub - Healthcare,Account-Based Email,2026-06-03,2026-06,19262,48328,2048,139,76,50,33,24,9,91105938,Enterprise High-Value,Telecom & Media,Europe & UK,Healthcare & Life Sciences Digital Labs,Outbound ABM,Strategic Account Penetration,10122882,149
TCS-CMP-00831,BFSI Resiliency - Cloud,Tech Analyst Webinars,2026-08-16,2026-08,34412,52716,1244,64,32,12,6,4,1,2406707,Nurture / Mid-Market,Telecom & Media,India & Middle East,Cloud & Infrastructure Transformation,Digital Inbound,Executive Engagement,2406707,143
TCS-CMP-00832,NextGen CX - Cloud,Industry Display & Media,2026-03-28,2026-03,19092,135405,1122,41,15,4,1,0,0,0,Strategic Growth Accounts,Banking & Capital Markets,APAC & Australia,Cloud & Infrastructure Transformation,Digital Inbound,Brand Authority & MQLs,2732180,117
TCS-CMP-00833,Zero Trust Enterprise - Cognitive,Account-Based Email,2026-01-27,2026-01,15660,40304,1504,120,70,38,23,19,9,26483544,Nurture / Mid-Market,Telecom & Media,Nordics & Benelux,Cognitive AI & Enterprise Automation,Outbound ABM,Executive Engagement,2942616,110
TCS-CMP-00834,Q1 Cloud Scale - BFSI,Executive Events & Roundtables,2026-05-01,2026-05,112002,70612,954,141,80,25,9,5,1,5881013,Nurture / Mid-Market,Retail & CPG,Nordics & Benelux,BFSI Core Modernization,Experiential,Brand Authority & MQLs,5881013,57
TCS-CMP-00835,OmniCommerce Edge - Cognitive,Executive Events & Roundtables,2026-03-19,2026-03,53282,33464,430,64,42,15,7,3,1,3956382,Emerging Tier / High-CAC,Healthcare & Life Sciences,North America,Cognitive AI & Enterprise Automation,Experiential,Strategic Account Penetration,3956382,112
TCS-CMP-00836,NextGen CX - BFSI,Account-Based Email,2026-06-08,2026-06,24937,36078,1438,120,80,52,40,25,11,107793312,Enterprise High-Value,Retail & CPG,Europe & UK,BFSI Core Modernization,Outbound ABM,Pipeline Generation,9799392,126
TCS-CMP-00837,SAP S/4 Hana Accelerated - Retail,Account-Based Email,2026-08-16,2026-08,11387,14883,744,65,41,25,16,12,4,34221140,Enterprise High-Value,Banking & Capital Markets,North America,Retail Omnichannel & Supply Chain,Outbound ABM,Strategic Account Penetration,8555285,132
TCS-CMP-00838,Zero Trust Enterprise - Healthcare,Google Search,2026-09-09,2026-09,49672,103448,4218,351,200,93,61,41,10,71962290,Enterprise High-Value,Energy & Utilities,APAC & Australia,Healthcare & Life Sciences Digital Labs,Digital Inbound,Strategic Account Penetration,7196229,159
TCS-CMP-00839,Zero Trust Enterprise - Healthcare,Executive Events & Roundtables,2026-01-15,2026-01,96223,74923,1178,150,103,32,14,9,2,6902658,Emerging Tier / High-CAC,Energy & Utilities,India & Middle East,Healthcare & Life Sciences Digital Labs,Experiential,Executive Engagement,3451329,94
TCS-CMP-00840,GenAI Catalyst - Cognitive,Industry Display & Media,2026-02-06,2026-02,31774,233572,1816,69,29,9,4,2,0,0,Strategic Growth Accounts,Banking & Capital Markets,North America,Cognitive AI & Enterprise Automation,Digital Inbound,Strategic Account Penetration,3457331,70
TCS-CMP-00841,Cognitive Ops 2.0 - BFSI,Executive Events & Roundtables,2026-01-22,2026-01,57515,37095,565,61,51,19,9,4,1,3072672,Emerging Tier / High-CAC,Banking & Capital Markets,North America,BFSI Core Modernization,Experiential,Brand Authority & MQLs,3072672,103
TCS-CMP-00842,NextGen CX - Retail,Executive Events & Roundtables,2025-11-05,2025-11,47782,38803,590,85,70,29,13,8,2,20632528,Strategic Growth Accounts,Manufacturing & Auto,North America,Retail Omnichannel & Supply Chain,Experiential,Strategic Account Penetration,10316264,110
TCS-CMP-00843,OmniCommerce Edge - BFSI,LinkedIn Enterprise,2026-01-08,2026-01,36062,76179,1689,164,96,51,38,25,12,44991528,Nurture / Mid-Market,Energy & Utilities,APAC & Australia,BFSI Core Modernization,Digital Inbound,Brand Authority & MQLs,3749294,120
TCS-CMP-00844,Life Sciences DataHub - BFSI,LinkedIn Enterprise,2026-03-12,2026-03,22391,36637,907,64,50,23,14,9,4,25071148,Strategic Growth Accounts,Retail & CPG,North America,BFSI Core Modernization,Digital Inbound,Brand Authority & MQLs,6267787,62
TCS-CMP-00845,OmniCommerce Edge - Cognitive,Industry Display & Media,2026-01-12,2026-01,31910,295723,2848,102,34,10,3,1,0,0,Emerging Tier / High-CAC,Energy & Utilities,Europe & UK,Cognitive AI & Enterprise Automation,Digital Inbound,Strategic Account Penetration,1291412,46
TCS-CMP-00846,OmniCommerce Edge - Cloud,Tech Analyst Webinars,2025-10-16,2025-10,34955,113583,2728,145,86,28,15,8,2,7084962,Strategic Growth Accounts,Telecom & Media,Europe & UK,Cloud & Infrastructure Transformation,Digital Inbound,Brand Authority & MQLs,3542481,49
TCS-CMP-00847,Life Sciences DataHub - Cognitive,Account-Based Email,2026-05-13,2026-05,11860,29979,1503,138,99,57,39,31,17,127828032,Enterprise High-Value,Retail & CPG,North America,Cognitive AI & Enterprise Automation,Outbound ABM,Executive Engagement,7519296,69
TCS-CMP-00848,Global Horizon - Cloud,LinkedIn Enterprise,2026-09-10,2026-09,34639,54619,1241,96,63,35,23,16,7,25449711,Nurture / Mid-Market,Telecom & Media,India & Middle East,Cloud & Infrastructure Transformation,Digital Inbound,Executive Engagement,3635673,80
TCS-CMP-00849,Global Horizon - BFSI,Executive Events & Roundtables,2026-01-25,2026-01,134715,155098,2203,289,185,54,27,14,4,67358524,Enterprise High-Value,Manufacturing & Auto,North America,BFSI Core Modernization,Experiential,Pipeline Generation,16839631,131
TCS-CMP-00850,NextGen CX - BFSI,Account-Based Email,2026-04-03,2026-04,14141,18283,691,48,38,17,12,11,4,15621664,Nurture / Mid-Market,Retail & CPG,APAC & Australia,BFSI Core Modernization,Outbound ABM,Pipeline Generation,3905416,84
TCS-CMP-00851,BFSI Resiliency - Cyber,LinkedIn Enterprise,2026-09-24,2026-09,37004,94654,2972,224,148,69,40,32,11,36517624,Nurture / Mid-Market,Telecom & Media,Nordics & Benelux,Cyber Defense & Risk Governance,Digital Inbound,Executive Engagement,3319784,87
TCS-CMP-00852,OmniCommerce Edge - Cyber,Executive Events & Roundtables,2026-07-17,2026-07,63962,63036,1127,138,83,31,12,6,2,6687654,Emerging Tier / High-CAC,Manufacturing & Auto,APAC & Australia,Cyber Defense & Risk Governance,Experiential,Executive Engagement,3343827,133
TCS-CMP-00853,NextGen CX - Retail,Account-Based Email,2026-04-28,2026-04,10771,18865,751,72,42,26,17,11,5,10717450,Emerging Tier / High-CAC,Healthcare & Life Sciences,Nordics & Benelux,Retail Omnichannel & Supply Chain,Outbound ABM,Executive Engagement,2143490,48
TCS-CMP-00854,Zero Trust Enterprise - Healthcare,LinkedIn Enterprise,2026-09-19,2026-09,49487,116848,2624,242,179,96,57,38,12,85040808,Strategic Growth Accounts,Healthcare & Life Sciences,North America,Healthcare & Life Sciences Digital Labs,Digital Inbound,Executive Engagement,7086734,56
TCS-CMP-00855,Zero Trust Enterprise - BFSI,Tech Analyst Webinars,2026-07-13,2026-07,18591,34250,652,42,21,9,5,3,1,1200363,Emerging Tier / High-CAC,Healthcare & Life Sciences,Nordics & Benelux,BFSI Core Modernization,Digital Inbound,Strategic Account Penetration,1200363,93
TCS-CMP-00856,CyberShield 360 - Cloud,Executive Events & Roundtables,2026-06-09,2026-06,118278,97337,1319,131,109,37,19,11,3,11526393,Emerging Tier / High-CAC,Manufacturing & Auto,North America,Cloud & Infrastructure Transformation,Experiential,Executive Engagement,3842131,108
TCS-CMP-00857,Sustainable Tech Suite - Cognitive,Google Search,2026-01-23,2026-01,42260,128953,5707,409,239,92,49,37,9,64580310,Enterprise High-Value,Healthcare & Life Sciences,North America,Cognitive AI & Enterprise Automation,Digital Inbound,Strategic Account Penetration,7175590,193
TCS-CMP-00858,OmniCommerce Edge - Cloud,Industry Display & Media,2026-04-25,2026-04,22507,93077,1013,30,13,4,2,1,0,0,Emerging Tier / High-CAC,Banking & Capital Markets,Europe & UK,Cloud & Infrastructure Transformation,Digital Inbound,Brand Authority & MQLs,1064552,80
TCS-CMP-00859,CyberShield 360 - Retail,LinkedIn Enterprise,2025-11-05,2025-11,60548,130913,3103,251,136,72,45,33,9,79822683,Enterprise High-Value,Banking & Capital Markets,Nordics & Benelux,Retail Omnichannel & Supply Chain,Digital Inbound,Strategic Account Penetration,8869187,96
TCS-CMP-00860,CyberShield 360 - Cognitive,Tech Analyst Webinars,2026-03-05,2026-03,18067,27800,655,36,17,6,4,3,1,3897739,Strategic Growth Accounts,Retail & CPG,APAC & Australia,Cognitive AI & Enterprise Automation,Digital Inbound,Strategic Account Penetration,3897739,86
TCS-CMP-00861,Global Horizon - Cyber,Account-Based Email,2025-11-26,2025-11,9477,16781,877,65,38,22,14,9,4,12439792,Nurture / Mid-Market,Healthcare & Life Sciences,Nordics & Benelux,Cyber Defense & Risk Governance,Outbound ABM,Brand Authority & MQLs,3109948,108
TCS-CMP-00862,SAP S/4 Hana Accelerated - Cognitive,Google Search,2026-08-01,2026-08,29645,57996,2078,122,64,31,15,10,2,3190984,Emerging Tier / High-CAC,Healthcare & Life Sciences,APAC & Australia,Cognitive AI & Enterprise Automation,Digital Inbound,Pipeline Generation,1595492,80
TCS-CMP-00863,GenAI Catalyst - Cyber,Google Search,2026-03-11,2026-03,50126,83450,2645,227,136,58,29,17,5,7931300,Emerging Tier / High-CAC,Energy & Utilities,Europe & UK,Cyber Defense & Risk Governance,Digital Inbound,Executive Engagement,1586260,122
TCS-CMP-00864,OmniCommerce Edge - Healthcare,Google Search,2025-12-08,2025-12,24698,36003,1242,81,45,18,9,6,2,5232428,Nurture / Mid-Market,Energy & Utilities,Europe & UK,Healthcare & Life Sciences Digital Labs,Digital Inbound,Brand Authority & MQLs,2616214,125
TCS-CMP-00865,OmniCommerce Edge - Retail,Industry Display & Media,2026-06-03,2026-06,24885,166210,1209,38,14,4,2,1,0,0,Strategic Growth Accounts,Banking & Capital Markets,APAC & Australia,Retail Omnichannel & Supply Chain,Digital Inbound,Strategic Account Penetration,3728787,91
TCS-CMP-00866,Global Horizon - BFSI,Google Search,2026-07-11,2026-07,50662,119048,4712,368,189,78,49,29,11,33202400,Nurture / Mid-Market,Energy & Utilities,APAC & Australia,BFSI Core Modernization,Digital Inbound,Executive Engagement,3018400,133
TCS-CMP-00867,OmniCommerce Edge - Retail,Executive Events & Roundtables,2025-10-17,2025-10,57515,80158,1269,156,105,41,15,9,2,7489044,Emerging Tier / High-CAC,Telecom & Media,Nordics & Benelux,Retail Omnichannel & Supply Chain,Experiential,Brand Authority & MQLs,3744522,87
TCS-CMP-00868,OmniCommerce Edge - Healthcare,Google Search,2026-05-20,2026-05,64406,118960,4697,394,265,103,57,34,8,23067608,Nurture / Mid-Market,Energy & Utilities,Nordics & Benelux,Healthcare & Life Sciences Digital Labs,Digital Inbound,Executive Engagement,2883451,76
TCS-CMP-00869,Sustainable Tech Suite - Cognitive,Account-Based Email,2026-02-19,2026-02,20751,31204,1604,127,88,44,33,22,10,78423250,Enterprise High-Value,Telecom & Media,APAC & Australia,Cognitive AI & Enterprise Automation,Outbound ABM,Executive Engagement,7842325,159
TCS-CMP-00870,OmniCommerce Edge - Cyber,Industry Display & Media,2025-12-11,2025-12,37108,190293,1562,58,28,8,3,2,1,5399067,Enterprise High-Value,Manufacturing & Auto,Europe & UK,Cyber Defense & Risk Governance,Digital Inbound,Executive Engagement,5399067,172
TCS-CMP-00871,Zero Trust Enterprise - Retail,LinkedIn Enterprise,2025-10-06,2025-10,42111,57026,1601,138,77,32,22,14,5,54735140,Enterprise High-Value,Healthcare & Life Sciences,Europe & UK,Retail Omnichannel & Supply Chain,Digital Inbound,Pipeline Generation,10947028,95
TCS-CMP-00872,Q1 Cloud Scale - BFSI,Tech Analyst Webinars,2026-08-19,2026-08,27910,48532,925,73,32,13,7,4,1,4294438,Strategic Growth Accounts,Retail & CPG,India & Middle East,BFSI Core Modernization,Digital Inbound,Pipeline Generation,4294438,91
TCS-CMP-00873,Q1 Cloud Scale - BFSI,Tech Analyst Webinars,2026-07-10,2026-07,12649,19368,356,20,9,4,2,1,0,0,Strategic Growth Accounts,Energy & Utilities,India & Middle East,BFSI Core Modernization,Digital Inbound,Strategic Account Penetration,3960832,45
TCS-CMP-00874,BFSI Resiliency - BFSI,Account-Based Email,2026-03-19,2026-03,21083,57536,2579,189,104,54,35,28,13,102642761,Enterprise High-Value,Retail & CPG,APAC & Australia,BFSI Core Modernization,Outbound ABM,Brand Authority & MQLs,7895597,126
TCS-CMP-00875,Q1 Cloud Scale - Cyber,Industry Display & Media,2025-10-11,2025-10,39142,162297,1178,32,12,3,1,0,0,0,Nurture / Mid-Market,Energy & Utilities,APAC & Australia,Cyber Defense & Risk Governance,Digital Inbound,Brand Authority & MQLs,2022705,54
TCS-CMP-00876,SAP S/4 Hana Accelerated - Cyber,Tech Analyst Webinars,2026-04-20,2026-04,20962,49940,985,58,26,10,5,3,1,6216261,Enterprise High-Value,Retail & CPG,APAC & Australia,Cyber Defense & Risk Governance,Digital Inbound,Brand Authority & MQLs,6216261,75
TCS-CMP-00877,Cognitive Ops 2.0 - Cloud,Tech Analyst Webinars,2026-06-06,2026-06,36104,49916,1207,82,49,22,10,5,1,5922982,Enterprise High-Value,Telecom & Media,North America,Cloud & Infrastructure Transformation,Digital Inbound,Pipeline Generation,5922982,108
TCS-CMP-00878,Cognitive Ops 2.0 - Cloud,Executive Events & Roundtables,2025-11-09,2025-11,77987,85434,1525,227,145,50,20,9,3,47226720,Enterprise High-Value,Telecom & Media,India & Middle East,Cloud & Infrastructure Transformation,Experiential,Pipeline Generation,15742240,200
TCS-CMP-00879,SAP S/4 Hana Accelerated - BFSI,Account-Based Email,2026-01-15,2026-01,25462,45093,1522,156,102,51,34,28,13,26360763,Emerging Tier / High-CAC,Healthcare & Life Sciences,Nordics & Benelux,BFSI Core Modernization,Outbound ABM,Executive Engagement,2027751,136
TCS-CMP-00880,CyberShield 360 - Retail,Industry Display & Media,2025-11-19,2025-11,25222,214200,2014,78,29,10,4,2,1,1037257,Emerging Tier / High-CAC,Manufacturing & Auto,North America,Retail Omnichannel & Supply Chain,Digital Inbound,Executive Engagement,1037257,46
TCS-CMP-00881,CyberShield 360 - Cloud,Tech Analyst Webinars,2025-12-06,2025-12,20110,30718,653,45,25,8,4,2,1,4464299,Strategic Growth Accounts,Manufacturing & Auto,APAC & Australia,Cloud & Infrastructure Transformation,Digital Inbound,Executive Engagement,4464299,82
TCS-CMP-00882,Life Sciences DataHub - BFSI,LinkedIn Enterprise,2025-11-25,2025-11,42355,107436,2548,257,159,74,46,39,19,80033795,Nurture / Mid-Market,Banking & Capital Markets,North America,BFSI Core Modernization,Digital Inbound,Brand Authority & MQLs,4212305,72
TCS-CMP-00883,SAP S/4 Hana Accelerated - Cyber,Google Search,2025-11-21,2025-11,32196,52223,1598,117,69,35,22,17,4,19896236,Strategic Growth Accounts,Retail & CPG,APAC & Australia,Cyber Defense & Risk Governance,Digital Inbound,Executive Engagement,4974059,77
TCS-CMP-00884,Zero Trust Enterprise - BFSI,Account-Based Email,2026-07-13,2026-07,9888,22326,992,103,79,35,23,15,5,9008095,Emerging Tier / High-CAC,Retail & CPG,Nordics & Benelux,BFSI Core Modernization,Outbound ABM,Pipeline Generation,1801619,65
TCS-CMP-00885,Q1 Cloud Scale - Cyber,Tech Analyst Webinars,2026-09-27,2026-09,23332,53347,1111,82,35,15,7,5,1,1124317,Emerging Tier / High-CAC,Energy & Utilities,North America,Cyber Defense & Risk Governance,Digital Inbound,Brand Authority & MQLs,1124317,49
TCS-CMP-00886,Sustainable Tech Suite - Cloud,Account-Based Email,2026-05-08,2026-05,17766,45214,1682,164,131,72,41,32,11,21052042,Emerging Tier / High-CAC,Energy & Utilities,Europe & UK,Cloud & Infrastructure Transformation,Outbound ABM,Brand Authority & MQLs,1913822,98
TCS-CMP-00887,Q1 Cloud Scale - Cyber,Google Search,2026-04-20,2026-04,61207,95299,3385,307,213,96,63,36,14,31391892,Nurture / Mid-Market,Telecom & Media,North America,Cyber Defense & Risk Governance,Digital Inbound,Brand Authority & MQLs,2242278,138
TCS-CMP-00888,Zero Trust Enterprise - BFSI,Google Search,2026-09-04,2026-09,25804,46292,1617,126,76,37,22,14,5,30554780,Enterprise High-Value,Banking & Capital Markets,India & Middle East,BFSI Core Modernization,Digital Inbound,Strategic Account Penetration,6110956,181
TCS-CMP-00889,GenAI Catalyst - Healthcare,Executive Events & Roundtables,2025-11-10,2025-11,89356,73692,961,131,99,34,14,9,2,34597500,Enterprise High-Value,Energy & Utilities,Nordics & Benelux,Healthcare & Life Sciences Digital Labs,Experiential,Strategic Account Penetration,17298750,102
TCS-CMP-00890,Zero Trust Enterprise - Retail,Executive Events & Roundtables,2025-11-24,2025-11,76482,58979,1044,95,70,26,12,6,1,3486544,Emerging Tier / High-CAC,Energy & Utilities,APAC & Australia,Retail Omnichannel & Supply Chain,Experiential,Executive Engagement,3486544,111
TCS-CMP-00891,BFSI Resiliency - Cognitive,Industry Display & Media,2026-05-04,2026-05,47066,260683,2663,81,36,11,4,2,1,4421536,Enterprise High-Value,Manufacturing & Auto,North America,Cognitive AI & Enterprise Automation,Digital Inbound,Strategic Account Penetration,4421536,106
TCS-CMP-00892,BFSI Resiliency - Healthcare,LinkedIn Enterprise,2025-12-23,2025-12,63819,108559,3232,362,202,86,62,46,22,101262128,Nurture / Mid-Market,Energy & Utilities,APAC & Australia,Healthcare & Life Sciences Digital Labs,Digital Inbound,Executive Engagement,4602824,104
TCS-CMP-00893,NextGen CX - Cognitive,Account-Based Email,2026-07-10,2026-07,15278,44642,2154,190,104,48,27,17,8,60939568,Enterprise High-Value,Healthcare & Life Sciences,Europe & UK,Cognitive AI & Enterprise Automation,Outbound ABM,Pipeline Generation,7617446,116
TCS-CMP-00894,GenAI Catalyst - BFSI,Google Search,2026-05-27,2026-05,68314,160751,7016,634,365,189,111,74,26,67772380,Nurture / Mid-Market,Retail & CPG,Nordics & Benelux,BFSI Core Modernization,Digital Inbound,Brand Authority & MQLs,2606630,45
TCS-CMP-00895,Sustainable Tech Suite - Cognitive,Industry Display & Media,2026-06-08,2026-06,20475,121090,981,30,13,4,2,1,0,0,Strategic Growth Accounts,Telecom & Media,India & Middle East,Cognitive AI & Enterprise Automation,Digital Inbound,Pipeline Generation,2957211,76
TCS-CMP-00896,Sustainable Tech Suite - Healthcare,Tech Analyst Webinars,2026-04-15,2026-04,31618,75740,1882,129,54,23,10,6,2,7011428,Strategic Growth Accounts,Manufacturing & Auto,Nordics & Benelux,Healthcare & Life Sciences Digital Labs,Digital Inbound,Executive Engagement,3505714,46
TCS-CMP-00897,NextGen CX - BFSI,Google Search,2026-05-12,2026-05,29603,49210,1742,112,53,22,14,10,3,20292129,Enterprise High-Value,Retail & CPG,Europe & UK,BFSI Core Modernization,Digital Inbound,Pipeline Generation,6764043,143
TCS-CMP-00898,CyberShield 360 - Retail,Executive Events & Roundtables,2026-09-16,2026-09,135128,112148,1660,207,152,62,31,16,6,35535894,Nurture / Mid-Market,Banking & Capital Markets,North America,Retail Omnichannel & Supply Chain,Experiential,Executive Engagement,5922649,142
TCS-CMP-00899,Life Sciences DataHub - BFSI,Industry Display & Media,2026-02-13,2026-02,37293,209607,2308,78,34,8,3,1,0,0,Enterprise High-Value,Energy & Utilities,India & Middle East,BFSI Core Modernization,Digital Inbound,Executive Engagement,4825598,78
TCS-CMP-00900,GenAI Catalyst - Cloud,Tech Analyst Webinars,2026-02-15,2026-02,20390,42873,916,74,39,18,9,6,1,2515822,Nurture / Mid-Market,Banking & Capital Markets,Europe & UK,Cloud & Infrastructure Transformation,Digital Inbound,Strategic Account Penetration,2515822,61
TCS-CMP-00901,CyberShield 360 - Retail,Google Search,2026-03-24,2026-03,46259,73668,3221,243,159,65,31,18,5,21151525,Strategic Growth Accounts,Retail & CPG,APAC & Australia,Retail Omnichannel & Supply Chain,Digital Inbound,Brand Authority & MQLs,4230305,109
TCS-CMP-00902,Cognitive Ops 2.0 - Cloud,LinkedIn Enterprise,2026-05-17,2026-05,46298,108171,3311,280,195,90,53,33,11,21398355,Emerging Tier / High-CAC,Energy & Utilities,India & Middle East,Cloud & Infrastructure Transformation,Digital Inbound,Executive Engagement,1945305,118
TCS-CMP-00903,CyberShield 360 - BFSI,Google Search,2025-10-19,2025-10,27577,39769,1597,98,53,25,16,10,3,4592475,Emerging Tier / High-CAC,Telecom & Media,Nordics & Benelux,BFSI Core Modernization,Digital Inbound,Brand Authority & MQLs,1530825,104
TCS-CMP-00904,Cognitive Ops 2.0 - Cloud,Google Search,2025-10-25,2025-10,34030,59198,2170,132,77,34,20,12,5,11310205,Nurture / Mid-Market,Telecom & Media,India & Middle East,Cloud & Infrastructure Transformation,Digital Inbound,Brand Authority & MQLs,2262041,74
TCS-CMP-00905,CyberShield 360 - Cognitive,Google Search,2025-12-18,2025-12,51968,182967,7570,483,306,114,75,50,14,66079636,Strategic Growth Accounts,Manufacturing & Auto,Europe & UK,Cognitive AI & Enterprise Automation,Digital Inbound,Strategic Account Penetration,4719974,138
TCS-CMP-00906,CyberShield 360 - Cyber,Executive Events & Roundtables,2026-04-13,2026-04,55699,41706,683,80,46,17,9,4,1,5948656,Nurture / Mid-Market,Retail & CPG,North America,Cyber Defense & Risk Governance,Experiential,Executive Engagement,5948656,105
TCS-CMP-00907,OmniCommerce Edge - Cloud,Executive Events & Roundtables,2026-05-12,2026-05,128961,97654,1820,221,152,47,18,10,2,34699374,Enterprise High-Value,Healthcare & Life Sciences,India & Middle East,Cloud & Infrastructure Transformation,Experiential,Strategic Account Penetration,17349687,138
TCS-CMP-00908,Cognitive Ops 2.0 - BFSI,Google Search,2026-03-20,2026-03,41173,70840,2678,249,169,84,40,28,6,9140928,Emerging Tier / High-CAC,Retail & CPG,India & Middle East,BFSI Core Modernization,Digital Inbound,Brand Authority & MQLs,1523488,140
TCS-CMP-00909,OmniCommerce Edge - Cyber,Executive Events & Roundtables,2025-10-09,2025-10,138585,112073,1365,164,130,44,17,8,2,36649416,Enterprise High-Value,Healthcare & Life Sciences,Nordics & Benelux,Cyber Defense & Risk Governance,Experiential,Strategic Account Penetration,18324708,164
TCS-CMP-00910,SAP S/4 Hana Accelerated - Retail,Executive Events & Roundtables,2026-05-08,2026-05,94236,80827,985,147,86,34,17,8,2,8039234,Emerging Tier / High-CAC,Retail & CPG,APAC & Australia,Retail Omnichannel & Supply Chain,Experiential,Strategic Account Penetration,4019617,72
TCS-CMP-00911,Life Sciences DataHub - Cloud,Executive Events & Roundtables,2026-04-25,2026-04,87553,62562,814,87,62,19,8,4,1,14459314,Enterprise High-Value,Healthcare & Life Sciences,North America,Cloud & Infrastructure Transformation,Experiential,Executive Engagement,14459314,154
TCS-CMP-00912,SAP S/4 Hana Accelerated - Healthcare,Executive Events & Roundtables,2026-04-04,2026-04,131551,154004,2592,336,201,57,26,13,3,11616174,Emerging Tier / High-CAC,Telecom & Media,North America,Healthcare & Life Sciences Digital Labs,Experiential,Executive Engagement,3872058,104
TCS-CMP-00913,CyberShield 360 - Cyber,Tech Analyst Webinars,2026-06-12,2026-06,14135,25441,523,35,19,6,3,2,1,2199160,Nurture / Mid-Market,Healthcare & Life Sciences,Europe & UK,Cyber Defense & Risk Governance,Digital Inbound,Strategic Account Penetration,2199160,140
TCS-CMP-00914,Life Sciences DataHub - Cloud,Google Search,2026-04-03,2026-04,41592,76428,2423,162,97,48,30,17,5,35438070,Enterprise High-Value,Manufacturing & Auto,APAC & Australia,Cloud & Infrastructure Transformation,Digital Inbound,Brand Authority & MQLs,7087614,92
TCS-CMP-00915,Life Sciences DataHub - Cognitive,LinkedIn Enterprise,2026-03-09,2026-03,32005,98102,2444,261,203,101,71,46,21,219869580,Enterprise High-Value,Manufacturing & Auto,Europe & UK,Cognitive AI & Enterprise Automation,Digital Inbound,Executive Engagement,10469980,171
TCS-CMP-00916,Cognitive Ops 2.0 - BFSI,Tech Analyst Webinars,2025-11-01,2025-11,13363,22214,543,27,13,5,3,2,1,2238501,Nurture / Mid-Market,Retail & CPG,Nordics & Benelux,BFSI Core Modernization,Digital Inbound,Executive Engagement,2238501,101
TCS-CMP-00917,Sustainable Tech Suite - Retail,Account-Based Email,2025-11-16,2025-11,10605,19484,784,78,57,37,23,19,7,58443329,Enterprise High-Value,Telecom & Media,APAC & Australia,Retail Omnichannel & Supply Chain,Outbound ABM,Executive Engagement,8349047,169
TCS-CMP-00918,BFSI Resiliency - Retail,LinkedIn Enterprise,2026-01-14,2026-01,21463,41266,976,90,51,27,17,11,3,28740771,Enterprise High-Value,Energy & Utilities,APAC & Australia,Retail Omnichannel & Supply Chain,Digital Inbound,Executive Engagement,9580257,152
TCS-CMP-00919,CyberShield 360 - Cognitive,LinkedIn Enterprise,2025-12-17,2025-12,49483,117210,3562,384,296,131,91,78,34,63865770,Emerging Tier / High-CAC,Energy & Utilities,North America,Cognitive AI & Enterprise Automation,Digital Inbound,Pipeline Generation,1878405,76
TCS-CMP-00920,Zero Trust Enterprise - Healthcare,LinkedIn Enterprise,2025-11-16,2025-11,26589,39929,1275,96,71,40,25,19,5,27108970,Strategic Growth Accounts,Banking & Capital Markets,Europe & UK,Healthcare & Life Sciences Digital Labs,Digital Inbound,Pipeline Generation,5421794,76
TCS-CMP-00921,NextGen CX - Cloud,Executive Events & Roundtables,2025-11-06,2025-11,57410,75047,1117,158,123,44,22,13,3,45726222,Enterprise High-Value,Healthcare & Life Sciences,Europe & UK,Cloud & Infrastructure Transformation,Experiential,Strategic Account Penetration,15242074,99
TCS-CMP-00922,CyberShield 360 - Cognitive,Tech Analyst Webinars,2025-12-05,2025-12,37762,69260,1668,133,67,27,16,10,4,22201560,Enterprise High-Value,Telecom & Media,North America,Cognitive AI & Enterprise Automation,Digital Inbound,Executive Engagement,5550390,120
TCS-CMP-00923,CyberShield 360 - Retail,Executive Events & Roundtables,2026-07-14,2026-07,119676,75719,1182,120,75,22,11,7,2,5758832,Emerging Tier / High-CAC,Telecom & Media,APAC & Australia,Retail Omnichannel & Supply Chain,Experiential,Executive Engagement,2879416,105
TCS-CMP-00924,NextGen CX - BFSI,Google Search,2025-12-01,2025-12,50587,98238,4210,246,138,65,42,32,8,63151096,Enterprise High-Value,Manufacturing & Auto,Europe & UK,BFSI Core Modernization,Digital Inbound,Brand Authority & MQLs,7893887,73
TCS-CMP-00925,OmniCommerce Edge - Cyber,LinkedIn Enterprise,2026-04-13,2026-04,64213,124485,3526,392,230,107,79,60,27,171882027,Strategic Growth Accounts,Energy & Utilities,India & Middle East,Cyber Defense & Risk Governance,Digital Inbound,Pipeline Generation,6366001,71
TCS-CMP-00926,Cognitive Ops 2.0 - Healthcare,Executive Events & Roundtables,2026-05-12,2026-05,65013,57597,1017,123,79,25,12,8,2,31460886,Enterprise High-Value,Banking & Capital Markets,Nordics & Benelux,Healthcare & Life Sciences Digital Labs,Experiential,Executive Engagement,15730443,182
TCS-CMP-00927,Global Horizon - Retail,Executive Events & Roundtables,2026-01-17,2026-01,56228,69827,1007,96,68,22,8,4,1,18257978,Enterprise High-Value,Retail & CPG,Europe & UK,Retail Omnichannel & Supply Chain,Experiential,Strategic Account Penetration,18257978,77
TCS-CMP-00928,BFSI Resiliency - Cognitive,Executive Events & Roundtables,2026-01-02,2026-01,68423,52395,817,95,65,26,12,6,2,12320004,Nurture / Mid-Market,Retail & CPG,APAC & Australia,Cognitive AI & Enterprise Automation,Experiential,Strategic Account Penetration,6160002,47
TCS-CMP-00929,NextGen CX - Cognitive,LinkedIn Enterprise,2026-01-18,2026-01,31182,52384,1217,112,76,36,23,16,6,60948762,Enterprise High-Value,Manufacturing & Auto,Europe & UK,Cognitive AI & Enterprise Automation,Digital Inbound,Strategic Account Penetration,10158127,138
TCS-CMP-00930,NextGen CX - Cognitive,Industry Display & Media,2026-06-24,2026-06,47318,250598,2057,77,33,9,4,2,1,3093264,Strategic Growth Accounts,Energy & Utilities,North America,Cognitive AI & Enterprise Automation,Digital Inbound,Strategic Account Penetration,3093264,94
TCS-CMP-00931,Q1 Cloud Scale - Cyber,Industry Display & Media,2026-06-13,2026-06,32339,158025,1173,40,15,3,1,1,0,0,Strategic Growth Accounts,Energy & Utilities,North America,Cyber Defense & Risk Governance,Digital Inbound,Executive Engagement,2894492,84
TCS-CMP-00932,CyberShield 360 - Cloud,Tech Analyst Webinars,2026-09-13,2026-09,32827,52295,1432,78,45,14,6,3,1,4488596,Strategic Growth Accounts,Healthcare & Life Sciences,North America,Cloud & Infrastructure Transformation,Digital Inbound,Pipeline Generation,4488596,98
TCS-CMP-00933,GenAI Catalyst - Cognitive,Google Search,2026-06-27,2026-06,59812,113630,5228,404,239,121,71,39,11,43311708,Strategic Growth Accounts,Telecom & Media,Europe & UK,Cognitive AI & Enterprise Automation,Digital Inbound,Brand Authority & MQLs,3937428,95
TCS-CMP-00934,GenAI Catalyst - Retail,Executive Events & Roundtables,2026-05-25,2026-05,66054,40438,713,67,41,17,8,5,2,7440888,Emerging Tier / High-CAC,Healthcare & Life Sciences,North America,Retail Omnichannel & Supply Chain,Experiential,Pipeline Generation,3720444,131
TCS-CMP-00935,Zero Trust Enterprise - Retail,LinkedIn Enterprise,2026-02-21,2026-02,40727,87510,2786,278,216,102,55,39,11,21938279,Emerging Tier / High-CAC,Energy & Utilities,India & Middle East,Retail Omnichannel & Supply Chain,Digital Inbound,Brand Authority & MQLs,1994389,133
TCS-CMP-00936,Cognitive Ops 2.0 - Retail,Google Search,2026-06-07,2026-06,40234,106183,4550,401,196,102,55,35,13,17919889,Emerging Tier / High-CAC,Telecom & Media,Europe & UK,Retail Omnichannel & Supply Chain,Digital Inbound,Strategic Account Penetration,1378453,117
TCS-CMP-00937,NextGen CX - Retail,Google Search,2026-09-01,2026-09,56862,165619,6235,483,305,132,66,46,17,123182544,Enterprise High-Value,Energy & Utilities,North America,Retail Omnichannel & Supply Chain,Digital Inbound,Pipeline Generation,7246032,197
TCS-CMP-00938,OmniCommerce Edge - Cloud,Industry Display & Media,2025-10-28,2025-10,36696,286032,2704,115,42,13,4,2,0,0,Strategic Growth Accounts,Healthcare & Life Sciences,North America,Cloud & Infrastructure Transformation,Digital Inbound,Strategic Account Penetration,3161276,116
TCS-CMP-00939,Q1 Cloud Scale - Cyber,Executive Events & Roundtables,2026-01-21,2026-01,102492,75486,1153,168,115,39,17,9,2,18336532,Strategic Growth Accounts,Retail & CPG,India & Middle East,Cyber Defense & Risk Governance,Experiential,Executive Engagement,9168266,58
TCS-CMP-00940,Zero Trust Enterprise - Cognitive,Google Search,2026-02-13,2026-02,51606,158766,4866,453,249,88,45,35,11,43295714,Strategic Growth Accounts,Manufacturing & Auto,Europe & UK,Cognitive AI & Enterprise Automation,Digital Inbound,Executive Engagement,3935974,65
TCS-CMP-00941,Global Horizon - Retail,Account-Based Email,2026-01-17,2026-01,12334,16943,808,81,59,31,23,20,8,50126960,Strategic Growth Accounts,Healthcare & Life Sciences,North America,Retail Omnichannel & Supply Chain,Outbound ABM,Executive Engagement,6265870,97
TCS-CMP-00942,Cognitive Ops 2.0 - Cloud,Tech Analyst Webinars,2026-07-24,2026-07,36313,69147,1360,86,42,17,10,6,2,3104716,Emerging Tier / High-CAC,Banking & Capital Markets,North America,Cloud & Infrastructure Transformation,Digital Inbound,Strategic Account Penetration,1552358,132
TCS-CMP-00943,Zero Trust Enterprise - Cognitive,Tech Analyst Webinars,2026-04-03,2026-04,36440,51242,922,65,35,16,8,6,2,11869288,Enterprise High-Value,Energy & Utilities,APAC & Australia,Cognitive AI & Enterprise Automation,Digital Inbound,Executive Engagement,5934644,135
TCS-CMP-00944,Q1 Cloud Scale - Cognitive,Account-Based Email,2026-03-09,2026-03,19258,29698,1497,112,65,35,24,18,10,96227920,Enterprise High-Value,Retail & CPG,Nordics & Benelux,Cognitive AI & Enterprise Automation,Outbound ABM,Pipeline Generation,9622792,136
TCS-CMP-00945,SAP S/4 Hana Accelerated - Healthcare,Executive Events & Roundtables,2026-03-05,2026-03,89746,71884,1164,146,90,35,15,9,3,16840275,Nurture / Mid-Market,Energy & Utilities,Nordics & Benelux,Healthcare & Life Sciences Digital Labs,Experiential,Executive Engagement,5613425,95
TCS-CMP-00946,Sustainable Tech Suite - Healthcare,Tech Analyst Webinars,2025-10-02,2025-10,27330,49155,1116,90,47,20,9,6,2,12748174,Enterprise High-Value,Banking & Capital Markets,APAC & Australia,Healthcare & Life Sciences Digital Labs,Digital Inbound,Pipeline Generation,6374087,85
TCS-CMP-00947,Cognitive Ops 2.0 - Retail,Google Search,2026-02-13,2026-02,49478,103760,4757,321,188,99,53,35,8,13472352,Emerging Tier / High-CAC,Manufacturing & Auto,North America,Retail Omnichannel & Supply Chain,Digital Inbound,Brand Authority & MQLs,1684044,135
TCS-CMP-00948,OmniCommerce Edge - Retail,LinkedIn Enterprise,2025-10-02,2025-10,43575,87284,2454,214,139,61,42,28,13,71913777,Strategic Growth Accounts,Energy & Utilities,APAC & Australia,Retail Omnichannel & Supply Chain,Digital Inbound,Brand Authority & MQLs,5531829,140
TCS-CMP-00949,OmniCommerce Edge - BFSI,Tech Analyst Webinars,2026-06-13,2026-06,14929,26331,597,43,26,10,4,2,1,3909832,Strategic Growth Accounts,Banking & Capital Markets,India & Middle East,BFSI Core Modernization,Digital Inbound,Pipeline Generation,3909832,80
TCS-CMP-00950,Cognitive Ops 2.0 - Retail,Google Search,2026-03-02,2026-03,50543,97273,3732,242,114,51,24,15,4,26699372,Enterprise High-Value,Manufacturing & Auto,APAC & Australia,Retail Omnichannel & Supply Chain,Digital Inbound,Strategic Account Penetration,6674843,157
TCS-CMP-00951,OmniCommerce Edge - Healthcare,Industry Display & Media,2026-05-09,2026-05,23291,115486,1261,34,15,4,2,1,0,0,Strategic Growth Accounts,Banking & Capital Markets,India & Middle East,Healthcare & Life Sciences Digital Labs,Digital Inbound,Strategic Account Penetration,2790167,136
TCS-CMP-00952,CyberShield 360 - Healthcare,Account-Based Email,2026-08-13,2026-08,20555,62257,2264,178,124,82,56,37,12,91566768,Enterprise High-Value,Manufacturing & Auto,APAC & Australia,Healthcare & Life Sciences Digital Labs,Outbound ABM,Strategic Account Penetration,7630564,160
TCS-CMP-00953,Zero Trust Enterprise - Healthcare,LinkedIn Enterprise,2026-06-02,2026-06,63531,142582,3052,334,224,121,79,67,23,157464463,Strategic Growth Accounts,Manufacturing & Auto,APAC & Australia,Healthcare & Life Sciences Digital Labs,Digital Inbound,Strategic Account Penetration,6846281,53
TCS-CMP-00954,NextGen CX - Cognitive,Google Search,2026-02-15,2026-02,57764,113302,4691,418,284,138,72,55,21,75737592,Strategic Growth Accounts,Manufacturing & Auto,Europe & UK,Cognitive AI & Enterprise Automation,Digital Inbound,Brand Authority & MQLs,3606552,82
TCS-CMP-00955,CyberShield 360 - Cloud,Industry Display & Media,2026-03-05,2026-03,18862,126187,1148,30,12,3,1,0,0,0,Enterprise High-Value,Retail & CPG,Nordics & Benelux,Cloud & Infrastructure Transformation,Digital Inbound,Strategic Account Penetration,5627338,88
TCS-CMP-00956,Cognitive Ops 2.0 - Cognitive,Account-Based Email,2026-04-01,2026-04,19684,48918,2458,208,133,74,51,37,13,26670540,Emerging Tier / High-CAC,Banking & Capital Markets,North America,Cognitive AI & Enterprise Automation,Outbound ABM,Brand Authority & MQLs,2051580,120
TCS-CMP-00957,CyberShield 360 - Cognitive,Industry Display & Media,2025-10-18,2025-10,22484,99405,1076,43,21,6,2,1,0,0,Strategic Growth Accounts,Energy & Utilities,India & Middle East,Cognitive AI & Enterprise Automation,Digital Inbound,Strategic Account Penetration,3645584,77
TCS-CMP-00958,Cognitive Ops 2.0 - BFSI,LinkedIn Enterprise,2025-11-13,2025-11,21544,65078,2026,204,131,66,35,24,11,70139564,Strategic Growth Accounts,Retail & CPG,North America,BFSI Core Modernization,Digital Inbound,Pipeline Generation,6376324,130
TCS-CMP-00959,Q1 Cloud Scale - Retail,Tech Analyst Webinars,2026-06-20,2026-06,31268,76211,1799,100,47,21,12,8,2,12092440,Enterprise High-Value,Telecom & Media,North America,Retail Omnichannel & Supply Chain,Digital Inbound,Strategic Account Penetration,6046220,202
TCS-CMP-00960,BFSI Resiliency - BFSI,LinkedIn Enterprise,2026-07-12,2026-07,52866,148335,3673,291,177,92,51,37,11,49367967,Nurture / Mid-Market,Healthcare & Life Sciences,APAC & Australia,BFSI Core Modernization,Digital Inbound,Executive Engagement,4487997,79
TCS-CMP-00961,Global Horizon - Cognitive,Industry Display & Media,2026-03-05,2026-03,49352,241081,2390,74,34,10,5,2,0,0,Emerging Tier / High-CAC,Retail & CPG,APAC & Australia,Cognitive AI & Enterprise Automation,Digital Inbound,Pipeline Generation,1159554,101
TCS-CMP-00962,Global Horizon - Cyber,Google Search,2026-08-04,2026-08,74325,195315,8949,676,346,179,100,67,26,110475820,Strategic Growth Accounts,Retail & CPG,Nordics & Benelux,Cyber Defense & Risk Governance,Digital Inbound,Brand Authority & MQLs,4249070,72
TCS-CMP-00963,Zero Trust Enterprise - Retail,Account-Based Email,2026-07-22,2026-07,8460,20971,1073,70,48,29,19,13,6,48242922,Enterprise High-Value,Telecom & Media,North America,Retail Omnichannel & Supply Chain,Outbound ABM,Brand Authority & MQLs,8040487,94
TCS-CMP-00964,OmniCommerce Edge - Retail,Google Search,2026-07-11,2026-07,61289,157900,5337,408,220,110,62,43,13,38880140,Nurture / Mid-Market,Energy & Utilities,India & Middle East,Retail Omnichannel & Supply Chain,Digital Inbound,Pipeline Generation,2990780,125
TCS-CMP-00965,Cognitive Ops 2.0 - Cyber,Google Search,2026-06-01,2026-06,56021,90693,2850,246,117,61,38,27,9,26527014,Nurture / Mid-Market,Manufacturing & Auto,Nordics & Benelux,Cyber Defense & Risk Governance,Digital Inbound,Executive Engagement,2947446,65
TCS-CMP-00966,Zero Trust Enterprise - Retail,Tech Analyst Webinars,2026-04-20,2026-04,36718,71871,1483,91,46,18,9,5,2,2521946,Emerging Tier / High-CAC,Energy & Utilities,Europe & UK,Retail Omnichannel & Supply Chain,Digital Inbound,Brand Authority & MQLs,1260973,65
TCS-CMP-00967,Sustainable Tech Suite - Cognitive,LinkedIn Enterprise,2026-05-16,2026-05,63277,87825,1960,148,87,41,23,14,7,17161144,Emerging Tier / High-CAC,Telecom & Media,India & Middle East,Cognitive AI & Enterprise Automation,Digital Inbound,Pipeline Generation,2451592,112
TCS-CMP-00968,Sustainable Tech Suite - BFSI,Industry Display & Media,2026-03-05,2026-03,42916,252613,2677,117,57,14,6,2,0,0,Emerging Tier / High-CAC,Retail & CPG,Europe & UK,BFSI Core Modernization,Digital Inbound,Pipeline Generation,966248,142
TCS-CMP-00969,Life Sciences DataHub - Cloud,Google Search,2026-04-19,2026-04,28721,64512,2891,235,134,52,27,21,7,43510579,Enterprise High-Value,Energy & Utilities,APAC & Australia,Cloud & Infrastructure Transformation,Digital Inbound,Executive Engagement,6215797,78
TCS-CMP-00970,GenAI Catalyst - Healthcare,Account-Based Email,2025-12-23,2025-12,13658,29767,1054,79,59,38,28,24,7,23486624,Nurture / Mid-Market,Manufacturing & Auto,Europe & UK,Healthcare & Life Sciences Digital Labs,Outbound ABM,Pipeline Generation,3355232,97
TCS-CMP-00971,Cognitive Ops 2.0 - Cyber,Tech Analyst Webinars,2025-12-16,2025-12,17664,45935,1220,93,47,20,9,6,2,7578286,Strategic Growth Accounts,Banking & Capital Markets,APAC & Australia,Cyber Defense & Risk Governance,Digital Inbound,Pipeline Generation,3789143,126
TCS-CMP-00972,Q1 Cloud Scale - Cyber,Account-Based Email,2026-09-17,2026-09,9874,18380,760,74,57,28,16,13,6,10095294,Emerging Tier / High-CAC,Healthcare & Life Sciences,North America,Cyber Defense & Risk Governance,Outbound ABM,Executive Engagement,1682549,73
TCS-CMP-00973,GenAI Catalyst - Cyber,Industry Display & Media,2026-04-08,2026-04,23034,90365,876,24,12,3,1,0,0,0,Emerging Tier / High-CAC,Retail & CPG,Europe & UK,Cyber Defense & Risk Governance,Digital Inbound,Pipeline Generation,1283160,140
TCS-CMP-00974,Life Sciences DataHub - Retail,Tech Analyst Webinars,2026-07-17,2026-07,25744,68673,1511,76,41,18,9,5,2,4812862,Nurture / Mid-Market,Telecom & Media,North America,Retail Omnichannel & Supply Chain,Digital Inbound,Pipeline Generation,2406431,48
TCS-CMP-00975,Life Sciences DataHub - Cyber,Tech Analyst Webinars,2026-05-20,2026-05,35837,84285,1645,124,73,26,13,8,2,11133844,Enterprise High-Value,Healthcare & Life Sciences,Europe & UK,Cyber Defense & Risk Governance,Digital Inbound,Brand Authority & MQLs,5566922,123
TCS-CMP-00976,CyberShield 360 - Cyber,Account-Based Email,2026-03-13,2026-03,13314,41645,2156,143,94,56,32,24,11,54155508,Strategic Growth Accounts,Banking & Capital Markets,Europe & UK,Cyber Defense & Risk Governance,Outbound ABM,Strategic Account Penetration,4923228,122
TCS-CMP-00977,Zero Trust Enterprise - Healthcare,Google Search,2026-06-09,2026-06,33331,77025,3091,206,105,43,27,19,7,44612575,Enterprise High-Value,Banking & Capital Markets,North America,Healthcare & Life Sciences Digital Labs,Digital Inbound,Executive Engagement,6373225,97
TCS-CMP-00978,BFSI Resiliency - Retail,Google Search,2026-04-07,2026-04,38280,66303,2828,218,151,68,34,26,6,26824560,Strategic Growth Accounts,Healthcare & Life Sciences,Nordics & Benelux,Retail Omnichannel & Supply Chain,Digital Inbound,Brand Authority & MQLs,4470760,86
TCS-CMP-00979,Global Horizon - Cognitive,Executive Events & Roundtables,2026-02-11,2026-02,70705,90247,1161,159,130,43,20,10,3,21091479,Nurture / Mid-Market,Energy & Utilities,India & Middle East,Cognitive AI & Enterprise Automation,Experiential,Strategic Account Penetration,7030493,117
TCS-CMP-00980,BFSI Resiliency - Cloud,Google Search,2026-05-02,2026-05,59522,165608,5771,506,346,145,85,49,16,25482528,Emerging Tier / High-CAC,Energy & Utilities,North America,Cloud & Infrastructure Transformation,Digital Inbound,Pipeline Generation,1592658,141
TCS-CMP-00981,Q1 Cloud Scale - Cognitive,LinkedIn Enterprise,2026-08-03,2026-08,27762,81214,2615,229,131,75,44,29,13,156322244,Enterprise High-Value,Manufacturing & Auto,North America,Cognitive AI & Enterprise Automation,Digital Inbound,Strategic Account Penetration,12024788,72
TCS-CMP-00982,BFSI Resiliency - Retail,LinkedIn Enterprise,2026-09-13,2026-09,61124,134616,2820,303,160,84,48,30,11,24070838,Emerging Tier / High-CAC,Energy & Utilities,India & Middle East,Retail Omnichannel & Supply Chain,Digital Inbound,Pipeline Generation,2188258,89
TCS-CMP-00983,OmniCommerce Edge - Cognitive,LinkedIn Enterprise,2025-10-12,2025-10,47149,87700,2101,212,143,63,37,29,11,37173026,Nurture / Mid-Market,Manufacturing & Auto,Nordics & Benelux,Cognitive AI & Enterprise Automation,Digital Inbound,Strategic Account Penetration,3379366,96
TCS-CMP-00984,BFSI Resiliency - Cognitive,LinkedIn Enterprise,2026-04-10,2026-04,24992,76360,1986,180,136,73,40,34,17,43441358,Emerging Tier / High-CAC,Retail & CPG,India & Middle East,Cognitive AI & Enterprise Automation,Digital Inbound,Brand Authority & MQLs,2555374,141
TCS-CMP-00985,CyberShield 360 - Cyber,Google Search,2026-05-22,2026-05,62425,156554,5456,349,235,94,60,38,11,15016881,Emerging Tier / High-CAC,Healthcare & Life Sciences,APAC & Australia,Cyber Defense & Risk Governance,Digital Inbound,Pipeline Generation,1365171,110
TCS-CMP-00986,Cognitive Ops 2.0 - Cognitive,Executive Events & Roundtables,2026-07-23,2026-07,75497,82466,1494,202,165,64,29,18,5,75740725,Enterprise High-Value,Healthcare & Life Sciences,Nordics & Benelux,Cognitive AI & Enterprise Automation,Experiential,Executive Engagement,15148145,190
TCS-CMP-00987,NextGen CX - Cognitive,Executive Events & Roundtables,2026-07-24,2026-07,77778,51418,714,74,48,17,8,4,1,8307675,Strategic Growth Accounts,Manufacturing & Auto,Europe & UK,Cognitive AI & Enterprise Automation,Experiential,Strategic Account Penetration,8307675,103
TCS-CMP-00988,BFSI Resiliency - Cognitive,Industry Display & Media,2025-12-18,2025-12,16854,116980,1032,28,13,4,2,1,0,0,Emerging Tier / High-CAC,Retail & CPG,India & Middle East,Cognitive AI & Enterprise Automation,Digital Inbound,Brand Authority & MQLs,1287800,72
TCS-CMP-00989,CyberShield 360 - Healthcare,Account-Based Email,2025-11-16,2025-11,19962,40580,1381,114,66,39,29,23,8,30954472,Nurture / Mid-Market,Retail & CPG,North America,Healthcare & Life Sciences Digital Labs,Outbound ABM,Strategic Account Penetration,3869309,123
TCS-CMP-00990,Cognitive Ops 2.0 - BFSI,Tech Analyst Webinars,2026-07-19,2026-07,39097,73772,1710,135,61,20,8,5,1,5736612,Enterprise High-Value,Healthcare & Life Sciences,India & Middle East,BFSI Core Modernization,Digital Inbound,Strategic Account Penetration,5736612,106
TCS-CMP-00991,NextGen CX - Healthcare,Google Search,2026-06-10,2026-06,22609,47643,2107,197,134,60,34,19,5,7981910,Emerging Tier / High-CAC,Healthcare & Life Sciences,Nordics & Benelux,Healthcare & Life Sciences Digital Labs,Digital Inbound,Executive Engagement,1596382,60
TCS-CMP-00992,BFSI Resiliency - BFSI,Account-Based Email,2026-01-06,2026-01,22286,36186,1826,131,106,67,47,42,22,109738662,Strategic Growth Accounts,Banking & Capital Markets,Nordics & Benelux,BFSI Core Modernization,Outbound ABM,Pipeline Generation,4988121,104
TCS-CMP-00993,Q1 Cloud Scale - Cognitive,Industry Display & Media,2025-12-12,2025-12,47469,221958,2422,101,38,9,4,2,1,4617171,Enterprise High-Value,Manufacturing & Auto,Europe & UK,Cognitive AI & Enterprise Automation,Digital Inbound,Executive Engagement,4617171,176
TCS-CMP-00994,Cognitive Ops 2.0 - Cloud,Account-Based Email,2026-09-03,2026-09,26897,74518,3558,312,185,95,58,51,26,99925436,Nurture / Mid-Market,Energy & Utilities,Nordics & Benelux,Cloud & Infrastructure Transformation,Outbound ABM,Pipeline Generation,3843286,123
TCS-CMP-00995,Cognitive Ops 2.0 - Cognitive,Tech Analyst Webinars,2026-09-17,2026-09,41715,85068,1997,160,89,37,17,9,2,7794228,Strategic Growth Accounts,Telecom & Media,Nordics & Benelux,Cognitive AI & Enterprise Automation,Digital Inbound,Pipeline Generation,3897114,113
TCS-CMP-00996,Global Horizon - Retail,Google Search,2026-06-24,2026-06,49008,86927,3333,276,185,72,34,20,5,11736650,Nurture / Mid-Market,Telecom & Media,North America,Retail Omnichannel & Supply Chain,Digital Inbound,Strategic Account Penetration,2347330,81
TCS-CMP-00997,BFSI Resiliency - Healthcare,Industry Display & Media,2026-01-22,2026-01,49000,443416,4507,194,83,25,11,5,1,1234219,Emerging Tier / High-CAC,Banking & Capital Markets,Europe & UK,Healthcare & Life Sciences Digital Labs,Digital Inbound,Pipeline Generation,1234219,56
TCS-CMP-00998,Cognitive Ops 2.0 - Cloud,Google Search,2026-01-10,2026-01,29237,50862,2307,168,103,37,20,15,4,9612508,Nurture / Mid-Market,Banking & Capital Markets,Nordics & Benelux,Cloud & Infrastructure Transformation,Digital Inbound,Executive Engagement,2403127,71
TCS-CMP-00999,CyberShield 360 - Healthcare,Executive Events & Roundtables,2025-10-12,2025-10,48410,40725,697,79,48,17,6,4,1,8816773,Strategic Growth Accounts,Energy & Utilities,Europe & UK,Healthcare & Life Sciences Digital Labs,Experiential,Strategic Account Penetration,8816773,79
TCS-CMP-01000,BFSI Resiliency - Retail,Industry Display & Media,2026-08-18,2026-08,41184,222745,1621,51,23,8,3,2,0,0,Nurture / Mid-Market,Telecom & Media,Nordics & Benelux,Retail Omnichannel & Supply Chain,Digital Inbound,Pipeline Generation,1899724,80
TCS-CMP-01001,Cognitive Ops 2.0 - Cyber,LinkedIn Enterprise,2025-12-14,2025-12,56683,127696,2803,251,148,80,54,37,10,55334700,Strategic Growth Accounts,Energy & Utilities,North America,Cyber Defense & Risk Governance,Digital Inbound,Pipeline Generation,5533470,133
TCS-CMP-01002,OmniCommerce Edge - Cognitive,Google Search,2026-09-14,2026-09,67678,167505,7781,546,379,173,100,64,21,32371689,Emerging Tier / High-CAC,Banking & Capital Markets,APAC & Australia,Cognitive AI & Enterprise Automation,Digital Inbound,Brand Authority & MQLs,1541509,56
TCS-CMP-01003,OmniCommerce Edge - Cloud,LinkedIn Enterprise,2026-03-15,2026-03,31168,51688,1566,139,100,55,38,28,12,107515152,Enterprise High-Value,Telecom & Media,APAC & Australia,Cloud & Infrastructure Transformation,Digital Inbound,Strategic Account Penetration,8959596,100
TCS-CMP-01004,GenAI Catalyst - Cloud,LinkedIn Enterprise,2026-04-17,2026-04,55735,112376,2618,231,166,72,50,39,16,40112288,Emerging Tier / High-CAC,Banking & Capital Markets,Europe & UK,Cloud & Infrastructure Transformation,Digital Inbound,Strategic Account Penetration,2507018,66
TCS-CMP-01005,Q1 Cloud Scale - Retail,Executive Events & Roundtables,2025-12-20,2025-12,129046,86744,1084,142,104,42,20,13,3,47533740,Enterprise High-Value,Telecom & Media,APAC & Australia,Retail Omnichannel & Supply Chain,Experiential,Pipeline Generation,15844580,155
TCS-CMP-01006,Zero Trust Enterprise - Cyber,Executive Events & Roundtables,2026-04-16,2026-04,135991,116088,2056,188,129,50,26,14,5,56458175,Strategic Growth Accounts,Manufacturing & Auto,North America,Cyber Defense & Risk Governance,Experiential,Pipeline Generation,11291635,133
TCS-CMP-01007,BFSI Resiliency - Healthcare,Industry Display & Media,2026-05-25,2026-05,42406,202504,2119,60,25,7,3,2,0,0,Nurture / Mid-Market,Healthcare & Life Sciences,Nordics & Benelux,Healthcare & Life Sciences Digital Labs,Digital Inbound,Brand Authority & MQLs,2039653,57
TCS-CMP-01008,OmniCommerce Edge - BFSI,Account-Based Email,2025-11-22,2025-11,11588,37237,1536,151,115,52,35,27,12,25405188,Emerging Tier / High-CAC,Energy & Utilities,Nordics & Benelux,BFSI Core Modernization,Outbound ABM,Brand Authority & MQLs,2117099,58
TCS-CMP-01009,NextGen CX - Healthcare,Industry Display & Media,2026-01-24,2026-01,34769,151389,1539,61,25,7,3,1,0,0,Enterprise High-Value,Manufacturing & Auto,North America,Healthcare & Life Sciences Digital Labs,Digital Inbound,Brand Authority & MQLs,5044049,191
TCS-CMP-01010,OmniCommerce Edge - BFSI,LinkedIn Enterprise,2026-05-17,2026-05,19437,51270,1520,161,87,51,38,23,11,27355141,Emerging Tier / High-CAC,Banking & Capital Markets,APAC & Australia,BFSI Core Modernization,Digital Inbound,Strategic Account Penetration,2486831,85
TCS-CMP-01011,Life Sciences DataHub - Retail,Account-Based Email,2026-08-01,2026-08,17110,29837,1033,106,79,51,36,30,11,43520268,Nurture / Mid-Market,Energy & Utilities,India & Middle East,Retail Omnichannel & Supply Chain,Outbound ABM,Strategic Account Penetration,3956388,131
TCS-CMP-01012,Sustainable Tech Suite - Healthcare,LinkedIn Enterprise,2025-10-24,2025-10,55040,156447,3814,391,284,124,68,52,20,202257420,Enterprise High-Value,Banking & Capital Markets,APAC & Australia,Healthcare & Life Sciences Digital Labs,Digital Inbound,Strategic Account Penetration,10112871,101
TCS-CMP-01013,Global Horizon - Retail,LinkedIn Enterprise,2026-04-05,2026-04,49479,89592,2480,250,195,81,46,39,14,101622010,Strategic Growth Accounts,Banking & Capital Markets,Nordics & Benelux,Retail Omnichannel & Supply Chain,Digital Inbound,Strategic Account Penetration,7258715,102
TCS-CMP-01014,CyberShield 360 - Healthcare,Industry Display & Media,2026-01-07,2026-01,32893,166101,1828,65,24,5,2,1,0,0,Nurture / Mid-Market,Energy & Utilities,India & Middle East,Healthcare & Life Sciences Digital Labs,Digital Inbound,Strategic Account Penetration,1747724,76
TCS-CMP-01015,Global Horizon - Cognitive,Tech Analyst Webinars,2026-09-20,2026-09,24962,46189,1134,69,33,14,7,4,1,1283718,Emerging Tier / High-CAC,Banking & Capital Markets,India & Middle East,Cognitive AI & Enterprise Automation,Digital Inbound,Brand Authority & MQLs,1283718,96
TCS-CMP-01016,Cognitive Ops 2.0 - Retail,Google Search,2026-09-07,2026-09,46123,81627,3802,294,181,69,40,26,10,57878740,Enterprise High-Value,Manufacturing & Auto,North America,Retail Omnichannel & Supply Chain,Digital Inbound,Brand Authority & MQLs,5787874,101
TCS-CMP-01017,CyberShield 360 - Healthcare,Google Search,2026-09-25,2026-09,23891,44430,1855,113,68,32,15,8,2,4400684,Nurture / Mid-Market,Telecom & Media,Nordics & Benelux,Healthcare & Life Sciences Digital Labs,Digital Inbound,Pipeline Generation,2200342,70
TCS-CMP-01018,CyberShield 360 - Healthcare,Account-Based Email,2026-08-07,2026-08,27583,54672,2537,191,150,73,41,36,14,28874608,Emerging Tier / High-CAC,Manufacturing & Auto,Europe & UK,Healthcare & Life Sciences Digital Labs,Outbound ABM,Strategic Account Penetration,2062472,46
TCS-CMP-01019,OmniCommerce Edge - Healthcare,Industry Display & Media,2025-12-08,2025-12,26065,168471,1877,51,22,6,2,1,0,0,Emerging Tier / High-CAC,Telecom & Media,APAC & Australia,Healthcare & Life Sciences Digital Labs,Digital Inbound,Strategic Account Penetration,1176908,50
TCS-CMP-01020,Cognitive Ops 2.0 - Cognitive,Industry Display & Media,2026-05-27,2026-05,25328,198436,1622,62,29,8,4,2,0,0,Enterprise High-Value,Healthcare & Life Sciences,North America,Cognitive AI & Enterprise Automation,Digital Inbound,Strategic Account Penetration,4492596,99
TCS-CMP-01021,OmniCommerce Edge - Cyber,Account-Based Email,2026-09-23,2026-09,21324,59910,2445,172,122,61,34,27,11,37585966,Nurture / Mid-Market,Banking & Capital Markets,India & Middle East,Cyber Defense & Risk Governance,Outbound ABM,Pipeline Generation,3416906,109
TCS-CMP-01022,BFSI Resiliency - Retail,LinkedIn Enterprise,2026-07-15,2026-07,21461,41881,987,90,51,22,13,9,4,42672904,Enterprise High-Value,Telecom & Media,North America,Retail Omnichannel & Supply Chain,Digital Inbound,Strategic Account Penetration,10668226,76
TCS-CMP-01023,Q1 Cloud Scale - Healthcare,Tech Analyst Webinars,2026-07-13,2026-07,36733,105760,1972,135,75,33,14,8,3,8005362,Nurture / Mid-Market,Energy & Utilities,North America,Healthcare & Life Sciences Digital Labs,Digital Inbound,Pipeline Generation,2668454,143
TCS-CMP-01024,NextGen CX - Healthcare,Industry Display & Media,2025-12-01,2025-12,25588,138691,1041,35,13,4,2,1,0,0,Enterprise High-Value,Retail & CPG,Nordics & Benelux,Healthcare & Life Sciences Digital Labs,Digital Inbound,Strategic Account Penetration,4879250,195
TCS-CMP-01025,Sustainable Tech Suite - BFSI,Tech Analyst Webinars,2026-04-03,2026-04,41238,99894,1859,128,55,23,13,7,2,2488710,Emerging Tier / High-CAC,Banking & Capital Markets,North America,BFSI Core Modernization,Digital Inbound,Brand Authority & MQLs,1244355,70
TCS-CMP-01026,CyberShield 360 - Cyber,Google Search,2026-05-18,2026-05,50713,116851,4966,366,188,99,50,33,11,25506910,Nurture / Mid-Market,Energy & Utilities,APAC & Australia,Cyber Defense & Risk Governance,Digital Inbound,Pipeline Generation,2318810,96
TCS-CMP-01027,Sustainable Tech Suite - Cyber,Executive Events & Roundtables,2026-04-09,2026-04,93985,100406,1824,188,136,51,22,11,3,43480098,Enterprise High-Value,Banking & Capital Markets,India & Middle East,Cyber Defense & Risk Governance,Experiential,Strategic Account Penetration,14493366,189
TCS-CMP-01028,Zero Trust Enterprise - BFSI,Executive Events & Roundtables,2026-07-12,2026-07,112222,82008,1259,114,83,33,14,7,2,13270460,Nurture / Mid-Market,Banking & Capital Markets,APAC & Australia,BFSI Core Modernization,Experiential,Executive Engagement,6635230,106
TCS-CMP-01029,Life Sciences DataHub - BFSI,LinkedIn Enterprise,2026-04-09,2026-04,61584,84551,2556,239,152,68,39,34,12,24824280,Emerging Tier / High-CAC,Manufacturing & Auto,Nordics & Benelux,BFSI Core Modernization,Digital Inbound,Executive Engagement,2068690,64
TCS-CMP-01030,OmniCommerce Edge - Cloud,Google Search,2026-01-19,2026-01,38468,60037,2806,212,111,49,28,21,8,12973400,Emerging Tier / High-CAC,Retail & CPG,APAC & Australia,Cloud & Infrastructure Transformation,Digital Inbound,Strategic Account Penetration,1621675,71
TCS-CMP-01031,Zero Trust Enterprise - Cognitive,Executive Events & Roundtables,2026-01-28,2026-01,73529,68565,946,124,85,34,16,8,2,13150534,Nurture / Mid-Market,Telecom & Media,India & Middle East,Cognitive AI & Enterprise Automation,Experiential,Strategic Account Penetration,6575267,58
TCS-CMP-01032,Cognitive Ops 2.0 - Retail,LinkedIn Enterprise,2026-06-07,2026-06,43001,108853,2297,255,153,88,64,50,18,72983466,Nurture / Mid-Market,Manufacturing & Auto,Europe & UK,Retail Omnichannel & Supply Chain,Digital Inbound,Pipeline Generation,4054637,119
TCS-CMP-01033,OmniCommerce Edge - Cloud,Google Search,2026-08-14,2026-08,47101,155415,6567,533,299,126,72,56,17,20921662,Emerging Tier / High-CAC,Banking & Capital Markets,North America,Cloud & Infrastructure Transformation,Digital Inbound,Strategic Account Penetration,1230686,140
TCS-CMP-01034,Cognitive Ops 2.0 - Cyber,Tech Analyst Webinars,2025-11-20,2025-11,31691,91290,2399,142,81,33,15,8,2,2505690,Emerging Tier / High-CAC,Retail & CPG,APAC & Australia,Cyber Defense & Risk Governance,Digital Inbound,Strategic Account Penetration,1252845,47
TCS-CMP-01035,Cognitive Ops 2.0 - Cloud,Account-Based Email,2026-03-06,2026-03,13856,23177,1159,79,51,29,21,17,7,44902620,Strategic Growth Accounts,Energy & Utilities,Europe & UK,Cloud & Infrastructure Transformation,Outbound ABM,Executive Engagement,6414660,90
TCS-CMP-01036,Sustainable Tech Suite - BFSI,Industry Display & Media,2026-09-12,2026-09,41673,253951,1882,76,28,7,3,1,0,0,Nurture / Mid-Market,Banking & Capital Markets,Europe & UK,BFSI Core Modernization,Digital Inbound,Brand Authority & MQLs,1697710,125
TCS-CMP-01037,Cognitive Ops 2.0 - Healthcare,Account-Based Email,2026-04-11,2026-04,10390,17850,822,63,42,21,15,10,5,30663000,Strategic Growth Accounts,Telecom & Media,India & Middle East,Healthcare & Life Sciences Digital Labs,Outbound ABM,Brand Authority & MQLs,6132600,138
TCS-CMP-01038,SAP S/4 Hana Accelerated - Cognitive,LinkedIn Enterprise,2026-06-25,2026-06,60581,87132,2382,267,206,113,64,54,15,35354040,Emerging Tier / High-CAC,Retail & CPG,North America,Cognitive AI & Enterprise Automation,Digital Inbound,Brand Authority & MQLs,2356936,119
TCS-CMP-01039,BFSI Resiliency - BFSI,Industry Display & Media,2026-07-09,2026-07,25374,114303,971,32,14,3,1,1,0,0,Nurture / Mid-Market,Energy & Utilities,Nordics & Benelux,BFSI Core Modernization,Digital Inbound,Pipeline Generation,2220361,68
TCS-CMP-01040,NextGen CX - Cognitive,Account-Based Email,2026-02-06,2026-02,17826,44469,1775,148,92,51,29,24,11,33296824,Nurture / Mid-Market,Healthcare & Life Sciences,APAC & Australia,Cognitive AI & Enterprise Automation,Outbound ABM,Pipeline Generation,3026984,46
TCS-CMP-01041,CyberShield 360 - Cyber,Executive Events & Roundtables,2026-04-18,2026-04,109592,67026,1251,132,106,42,18,9,3,28991298,Strategic Growth Accounts,Telecom & Media,India & Middle East,Cyber Defense & Risk Governance,Experiential,Strategic Account Penetration,9663766,104
TCS-CMP-01042,Q1 Cloud Scale - Cognitive,Tech Analyst Webinars,2026-05-18,2026-05,27629,56787,1148,61,33,13,7,4,1,2153409,Nurture / Mid-Market,Energy & Utilities,APAC & Australia,Cognitive AI & Enterprise Automation,Digital Inbound,Strategic Account Penetration,2153409,84
TCS-CMP-01043,Zero Trust Enterprise - Retail,Account-Based Email,2026-03-26,2026-03,16297,32684,1585,104,83,42,25,22,8,62281704,Enterprise High-Value,Energy & Utilities,APAC & Australia,Retail Omnichannel & Supply Chain,Outbound ABM,Brand Authority & MQLs,7785213,160
TCS-CMP-01044,Q1 Cloud Scale - Retail,Tech Analyst Webinars,2026-04-18,2026-04,17392,37058,1011,58,34,11,6,3,1,6661030,Enterprise High-Value,Healthcare & Life Sciences,Nordics & Benelux,Retail Omnichannel & Supply Chain,Digital Inbound,Pipeline Generation,6661030,118
TCS-CMP-01045,Global Horizon - Retail,Industry Display & Media,2025-11-16,2025-11,27048,127776,1307,40,17,5,2,1,0,0,Nurture / Mid-Market,Telecom & Media,Europe & UK,Retail Omnichannel & Supply Chain,Digital Inbound,Strategic Account Penetration,2247243,105
TCS-CMP-01046,Q1 Cloud Scale - Cognitive,Tech Analyst Webinars,2026-08-04,2026-08,39300,100161,2746,155,66,26,15,10,3,7444593,Nurture / Mid-Market,Energy & Utilities,North America,Cognitive AI & Enterprise Automation,Digital Inbound,Brand Authority & MQLs,2481531,131
TCS-CMP-01047,BFSI Resiliency - BFSI,Tech Analyst Webinars,2026-02-05,2026-02,23227,78390,1465,105,55,18,10,7,3,11725329,Strategic Growth Accounts,Healthcare & Life Sciences,Europe & UK,BFSI Core Modernization,Digital Inbound,Executive Engagement,3908443,113
TCS-CMP-01048,Q1 Cloud Scale - BFSI,Industry Display & Media,2026-03-10,2026-03,22936,153539,1677,72,25,7,3,1,0,0,Nurture / Mid-Market,Healthcare & Life Sciences,Nordics & Benelux,BFSI Core Modernization,Digital Inbound,Strategic Account Penetration,1801001,133
TCS-CMP-01049,Q1 Cloud Scale - Cognitive,Account-Based Email,2026-08-15,2026-08,19854,37325,1391,118,68,37,23,15,6,37972218,Strategic Growth Accounts,Healthcare & Life Sciences,APAC & Australia,Cognitive AI & Enterprise Automation,Outbound ABM,Brand Authority & MQLs,6328703,140
TCS-CMP-01050,Zero Trust Enterprise - Cloud,Tech Analyst Webinars,2026-09-08,2026-09,32449,55667,1223,66,36,17,9,5,2,4710502,Nurture / Mid-Market,Manufacturing & Auto,India & Middle East,Cloud & Infrastructure Transformation,Digital Inbound,Executive Engagement,2355251,57
TCS-CMP-01051,NextGen CX - Cloud,Executive Events & Roundtables,2026-03-02,2026-03,122589,87060,1410,200,159,55,21,10,2,12523302,Nurture / Mid-Market,Retail & CPG,APAC & Australia,Cloud & Infrastructure Transformation,Experiential,Brand Authority & MQLs,6261651,128
TCS-CMP-01052,Cognitive Ops 2.0 - Cyber,Tech Analyst Webinars,2026-09-21,2026-09,30748,69014,1880,92,39,17,10,7,2,2397342,Emerging Tier / High-CAC,Healthcare & Life Sciences,Europe & UK,Cyber Defense & Risk Governance,Digital Inbound,Pipeline Generation,1198671,132
TCS-CMP-01053,Zero Trust Enterprise - Cognitive,LinkedIn Enterprise,2025-12-13,2025-12,41635,116054,2857,243,155,66,49,35,11,24839540,Emerging Tier / High-CAC,Energy & Utilities,North America,Cognitive AI & Enterprise Automation,Digital Inbound,Brand Authority & MQLs,2258140,81
TCS-CMP-01054,BFSI Resiliency - BFSI,Industry Display & Media,2026-05-27,2026-05,44944,329379,2742,109,49,12,4,2,0,0,Enterprise High-Value,Manufacturing & Auto,India & Middle East,BFSI Core Modernization,Digital Inbound,Pipeline Generation,5025615,190
TCS-CMP-01055,OmniCommerce Edge - BFSI,Executive Events & Roundtables,2026-02-28,2026-02,78563,62360,981,88,57,19,8,4,1,9207886,Strategic Growth Accounts,Healthcare & Life Sciences,India & Middle East,BFSI Core Modernization,Experiential,Brand Authority & MQLs,9207886,113
TCS-CMP-01056,Life Sciences DataHub - Cognitive,Google Search,2025-12-14,2025-12,57255,137227,5913,353,168,84,47,34,9,13697595,Emerging Tier / High-CAC,Energy & Utilities,North America,Cognitive AI & Enterprise Automation,Digital Inbound,Executive Engagement,1521955,126
TCS-CMP-01057,GenAI Catalyst - Cloud,Industry Display & Media,2025-12-20,2025-12,17808,72333,535,22,8,3,1,0,0,0,Nurture / Mid-Market,Healthcare & Life Sciences,Europe & UK,Cloud & Infrastructure Transformation,Digital Inbound,Brand Authority & MQLs,1774663,91
TCS-CMP-01058,Global Horizon - BFSI,Account-Based Email,2026-05-26,2026-05,21932,38881,1660,133,73,39,27,24,10,36849200,Nurture / Mid-Market,Retail & CPG,Europe & UK,BFSI Core Modernization,Outbound ABM,Executive Engagement,3684920,109
TCS-CMP-01059,Cognitive Ops 2.0 - Cloud,Google Search,2026-01-21,2026-01,71283,103945,3212,216,102,50,32,24,7,17838884,Nurture / Mid-Market,Manufacturing & Auto,North America,Cloud & Infrastructure Transformation,Digital Inbound,Brand Authority & MQLs,2548412,130
TCS-CMP-01060,Global Horizon - Retail,Account-Based Email,2025-11-13,2025-11,19451,46044,1909,180,111,65,40,28,9,33186375,Nurture / Mid-Market,Retail & CPG,APAC & Australia,Retail Omnichannel & Supply Chain,Outbound ABM,Brand Authority & MQLs,3687375,94
TCS-CMP-01061,OmniCommerce Edge - Cyber,LinkedIn Enterprise,2026-09-20,2026-09,40337,82508,2498,227,155,66,49,34,16,57373360,Nurture / Mid-Market,Manufacturing & Auto,Europe & UK,Cyber Defense & Risk Governance,Digital Inbound,Strategic Account Penetration,3585835,53
TCS-CMP-01062,SAP S/4 Hana Accelerated - Cloud,Google Search,2025-12-18,2025-12,60425,92924,2930,171,102,49,24,15,5,31788115,Enterprise High-Value,Telecom & Media,India & Middle East,Cloud & Infrastructure Transformation,Digital Inbound,Strategic Account Penetration,6357623,160
TCS-CMP-01063,CyberShield 360 - Cognitive,Google Search,2025-11-02,2025-11,27802,42045,1749,164,85,32,16,10,2,4579648,Nurture / Mid-Market,Energy & Utilities,North America,Cognitive AI & Enterprise Automation,Digital Inbound,Pipeline Generation,2289824,131
TCS-CMP-01064,Sustainable Tech Suite - BFSI,Account-Based Email,2026-02-28,2026-02,9282,24187,861,82,63,41,28,25,12,64063452,Strategic Growth Accounts,Healthcare & Life Sciences,India & Middle East,BFSI Core Modernization,Outbound ABM,Strategic Account Penetration,5338621,92
TCS-CMP-01065,Cognitive Ops 2.0 - Cognitive,LinkedIn Enterprise,2026-07-21,2026-07,20443,44967,1154,84,57,31,21,17,8,90459632,Enterprise High-Value,Healthcare & Life Sciences,North America,Cognitive AI & Enterprise Automation,Digital Inbound,Brand Authority & MQLs,11307454,152
TCS-CMP-01066,GenAI Catalyst - Cloud,Industry Display & Media,2025-10-19,2025-10,31034,156239,1656,67,28,9,3,1,0,0,Enterprise High-Value,Retail & CPG,APAC & Australia,Cloud & Infrastructure Transformation,Digital Inbound,Executive Engagement,4614532,126
TCS-CMP-01067,SAP S/4 Hana Accelerated - Cloud,LinkedIn Enterprise,2026-04-19,2026-04,42983,90505,2621,211,143,75,51,35,11,21423160,Emerging Tier / High-CAC,Retail & CPG,Nordics & Benelux,Cloud & Infrastructure Transformation,Digital Inbound,Strategic Account Penetration,1947560,86
TCS-CMP-01068,Cognitive Ops 2.0 - Healthcare,Executive Events & Roundtables,2025-12-11,2025-12,71533,57949,1040,94,58,18,9,6,2,28496720,Enterprise High-Value,Healthcare & Life Sciences,Nordics & Benelux,Healthcare & Life Sciences Digital Labs,Experiential,Strategic Account Penetration,14248360,96
TCS-CMP-01069,BFSI Resiliency - Cognitive,Industry Display & Media,2026-06-03,2026-06,46316,178336,1323,44,18,4,1,1,0,0,Enterprise High-Value,Energy & Utilities,North America,Cognitive AI & Enterprise Automation,Digital Inbound,Brand Authority & MQLs,4770024,124
TCS-CMP-01070,Life Sciences DataHub - Retail,Google Search,2026-09-03,2026-09,36867,76567,3244,217,127,63,33,19,8,36863640,Strategic Growth Accounts,Banking & Capital Markets,North America,Retail Omnichannel & Supply Chain,Digital Inbound,Executive Engagement,4607955,109
TCS-CMP-01071,Q1 Cloud Scale - Retail,Account-Based Email,2026-02-24,2026-02,24253,38277,1311,100,55,27,17,13,4,22997236,Strategic Growth Accounts,Telecom & Media,India & Middle East,Retail Omnichannel & Supply Chain,Outbound ABM,Brand Authority & MQLs,5749309,111
TCS-CMP-01072,Cognitive Ops 2.0 - Retail,Account-Based Email,2026-08-05,2026-08,20350,39937,2050,139,81,43,28,19,6,12542088,Emerging Tier / High-CAC,Manufacturing & Auto,India & Middle East,Retail Omnichannel & Supply Chain,Outbound ABM,Executive Engagement,2090348,122
TCS-CMP-01073,Global Horizon - Cyber,Executive Events & Roundtables,2026-01-22,2026-01,100445,113360,1697,202,138,44,22,14,3,15456444,Nurture / Mid-Market,Telecom & Media,North America,Cyber Defense & Risk Governance,Experiential,Brand Authority & MQLs,5152148,124
TCS-CMP-01074,BFSI Resiliency - Cognitive,LinkedIn Enterprise,2026-07-12,2026-07,52502,150573,3320,339,256,148,96,67,22,41471056,Emerging Tier / High-CAC,Telecom & Media,Europe & UK,Cognitive AI & Enterprise Automation,Digital Inbound,Pipeline Generation,1885048,46
TCS-CMP-01075,Cognitive Ops 2.0 - Retail,Industry Display & Media,2026-03-20,2026-03,26087,106012,892,33,12,3,1,0,0,0,Nurture / Mid-Market,Energy & Utilities,Europe & UK,Retail Omnichannel & Supply Chain,Digital Inbound,Pipeline Generation,1791476,79
TCS-CMP-01076,Cognitive Ops 2.0 - Retail,Tech Analyst Webinars,2026-07-09,2026-07,17534,31914,826,66,32,13,7,4,2,11219532,Enterprise High-Value,Retail & CPG,Europe & UK,Retail Omnichannel & Supply Chain,Digital Inbound,Pipeline Generation,5609766,168
TCS-CMP-01077,Zero Trust Enterprise - Healthcare,Industry Display & Media,2025-10-13,2025-10,37168,281962,2134,84,33,8,4,2,0,0,Emerging Tier / High-CAC,Retail & CPG,India & Middle East,Healthcare & Life Sciences Digital Labs,Digital Inbound,Strategic Account Penetration,1204626,63
TCS-CMP-01078,NextGen CX - BFSI,Industry Display & Media,2025-10-06,2025-10,38559,162280,1308,48,17,5,2,1,0,0,Emerging Tier / High-CAC,Healthcare & Life Sciences,APAC & Australia,BFSI Core Modernization,Digital Inbound,Strategic Account Penetration,944695,88
TCS-CMP-01079,SAP S/4 Hana Accelerated - BFSI,Industry Display & Media,2026-04-26,2026-04,30378,129138,1384,45,17,6,3,1,0,0,Nurture / Mid-Market,Retail & CPG,India & Middle East,BFSI Core Modernization,Digital Inbound,Pipeline Generation,1928165,69
TCS-CMP-01080,NextGen CX - Retail,Google Search,2025-10-07,2025-10,45824,152734,5688,361,206,82,47,26,9,66199752,Enterprise High-Value,Energy & Utilities,APAC & Australia,Retail Omnichannel & Supply Chain,Digital Inbound,Strategic Account Penetration,7355528,142
TCS-CMP-01081,CyberShield 360 - Cloud,LinkedIn Enterprise,2026-06-01,2026-06,47544,110442,3320,362,211,99,60,43,12,75377952,Strategic Growth Accounts,Manufacturing & Auto,Europe & UK,Cloud & Infrastructure Transformation,Digital Inbound,Executive Engagement,6281496,129
TCS-CMP-01082,NextGen CX - BFSI,LinkedIn Enterprise,2025-10-04,2025-10,40201,52844,1169,86,48,27,19,13,5,31216425,Strategic Growth Accounts,Telecom & Media,Nordics & Benelux,BFSI Core Modernization,Digital Inbound,Brand Authority & MQLs,6243285,84
TCS-CMP-01083,Zero Trust Enterprise - Cognitive,Google Search,2026-07-11,2026-07,53713,96465,2955,221,106,44,23,16,4,12214544,Nurture / Mid-Market,Energy & Utilities,Nordics & Benelux,Cognitive AI & Enterprise Automation,Digital Inbound,Executive Engagement,3053636,105
TCS-CMP-01084,OmniCommerce Edge - Retail,Account-Based Email,2026-01-18,2026-01,25071,61486,2826,188,103,54,38,25,11,66153549,Strategic Growth Accounts,Healthcare & Life Sciences,APAC & Australia,Retail Omnichannel & Supply Chain,Outbound ABM,Executive Engagement,6013959,111
TCS-CMP-01085,BFSI Resiliency - Cyber,Executive Events & Roundtables,2026-01-06,2026-01,125026,149366,2415,233,194,58,21,11,3,10523271,Emerging Tier / High-CAC,Healthcare & Life Sciences,North America,Cyber Defense & Risk Governance,Experiential,Brand Authority & MQLs,3507757,127
TCS-CMP-01086,Zero Trust Enterprise - Cognitive,Industry Display & Media,2026-01-04,2026-01,30437,208556,2337,84,38,12,4,2,1,3357328,Strategic Growth Accounts,Banking & Capital Markets,India & Middle East,Cognitive AI & Enterprise Automation,Digital Inbound,Brand Authority & MQLs,3357328,118
TCS-CMP-01087,Cognitive Ops 2.0 - Cognitive,Industry Display & Media,2026-05-08,2026-05,49389,303927,3294,107,43,12,5,3,1,2802576,Strategic Growth Accounts,Retail & CPG,Europe & UK,Cognitive AI & Enterprise Automation,Digital Inbound,Brand Authority & MQLs,2802576,56
TCS-CMP-01088,OmniCommerce Edge - Cognitive,Executive Events & Roundtables,2025-12-12,2025-12,52466,30726,517,55,36,13,6,3,1,2967415,Emerging Tier / High-CAC,Manufacturing & Auto,Europe & UK,Cognitive AI & Enterprise Automation,Experiential,Strategic Account Penetration,2967415,85
TCS-CMP-01089,Q1 Cloud Scale - Retail,LinkedIn Enterprise,2026-08-21,2026-08,26538,54738,1575,132,100,42,27,20,9,54418482,Strategic Growth Accounts,Energy & Utilities,Europe & UK,Retail Omnichannel & Supply Chain,Digital Inbound,Strategic Account Penetration,6046498,92
TCS-CMP-01090,Cognitive Ops 2.0 - BFSI,LinkedIn Enterprise,2026-03-14,2026-03,31355,70689,1501,126,68,32,19,16,6,37125192,Strategic Growth Accounts,Energy & Utilities,Europe & UK,BFSI Core Modernization,Digital Inbound,Brand Authority & MQLs,6187532,101
TCS-CMP-01091,Zero Trust Enterprise - Cyber,Tech Analyst Webinars,2026-05-03,2026-05,34029,59673,1301,94,46,17,10,5,1,2246719,Nurture / Mid-Market,Manufacturing & Auto,APAC & Australia,Cyber Defense & Risk Governance,Digital Inbound,Brand Authority & MQLs,2246719,136
TCS-CMP-01092,BFSI Resiliency - Cyber,Tech Analyst Webinars,2026-05-10,2026-05,33563,57251,1050,75,43,14,6,4,1,7076640,Enterprise High-Value,Healthcare & Life Sciences,India & Middle East,Cyber Defense & Risk Governance,Digital Inbound,Brand Authority & MQLs,7076640,179
TCS-CMP-01093,BFSI Resiliency - Cyber,Executive Events & Roundtables,2026-08-01,2026-08,137725,107069,1628,205,134,48,18,9,2,6938320,Emerging Tier / High-CAC,Banking & Capital Markets,Europe & UK,Cyber Defense & Risk Governance,Experiential,Executive Engagement,3469160,113
TCS-CMP-01094,GenAI Catalyst - Healthcare,Executive Events & Roundtables,2025-12-26,2025-12,96320,64849,923,128,74,27,11,6,2,34489388,Enterprise High-Value,Manufacturing & Auto,India & Middle East,Healthcare & Life Sciences Digital Labs,Experiential,Pipeline Generation,17244694,123
TCS-CMP-01095,Zero Trust Enterprise - Cloud,LinkedIn Enterprise,2026-09-14,2026-09,58429,108624,2567,275,150,66,36,28,11,108614737,Enterprise High-Value,Banking & Capital Markets,North America,Cloud & Infrastructure Transformation,Digital Inbound,Strategic Account Penetration,9874067,131
TCS-CMP-01096,Cognitive Ops 2.0 - Retail,Account-Based Email,2025-10-08,2025-10,23388,46991,2178,176,109,56,42,29,10,46981750,Strategic Growth Accounts,Banking & Capital Markets,Europe & UK,Retail Omnichannel & Supply Chain,Outbound ABM,Brand Authority & MQLs,4698175,127
TCS-CMP-01097,NextGen CX - Healthcare,LinkedIn Enterprise,2026-06-28,2026-06,29975,84024,2356,259,173,92,55,34,16,102976800,Strategic Growth Accounts,Telecom & Media,North America,Healthcare & Life Sciences Digital Labs,Digital Inbound,Brand Authority & MQLs,6436050,129
TCS-CMP-01098,NextGen CX - Cyber,Executive Events & Roundtables,2025-11-14,2025-11,107365,100978,1711,250,147,44,18,11,3,25297785,Strategic Growth Accounts,Telecom & Media,Europe & UK,Cyber Defense & Risk Governance,Experiential,Executive Engagement,8432595,59
TCS-CMP-01099,Global Horizon - Cyber,Industry Display & Media,2025-12-25,2025-12,25910,114247,884,35,15,3,1,0,0,0,Emerging Tier / High-CAC,Retail & CPG,Europe & UK,Cyber Defense & Risk Governance,Digital Inbound,Pipeline Generation,1141779,95
TCS-CMP-01100,Life Sciences DataHub - Cognitive,Executive Events & Roundtables,2026-03-13,2026-03,115088,125886,1617,179,121,34,16,10,3,8944284,Emerging Tier / High-CAC,Retail & CPG,Nordics & Benelux,Cognitive AI & Enterprise Automation,Experiential,Executive Engagement,2981428,106
TCS-CMP-01101,Zero Trust Enterprise - Retail,Executive Events & Roundtables,2026-06-06,2026-06,48777,60579,823,111,84,35,16,9,3,17994921,Nurture / Mid-Market,Telecom & Media,Europe & UK,Retail Omnichannel & Supply Chain,Experiential,Strategic Account Penetration,5998307,135
TCS-CMP-01102,OmniCommerce Edge - Cloud,Executive Events & Roundtables,2026-05-14,2026-05,129622,114172,1526,216,177,53,24,13,5,18654310,Emerging Tier / High-CAC,Telecom & Media,Nordics & Benelux,Cloud & Infrastructure Transformation,Experiential,Executive Engagement,3730862,118
TCS-CMP-01103,Q1 Cloud Scale - Cyber,Google Search,2026-03-24,2026-03,40143,119895,5303,448,292,137,69,42,16,103959968,Enterprise High-Value,Manufacturing & Auto,North America,Cyber Defense & Risk Governance,Digital Inbound,Strategic Account Penetration,6497498,72
TCS-CMP-01104,Zero Trust Enterprise - Cloud,Executive Events & Roundtables,2025-11-27,2025-11,136338,91084,1113,159,121,47,22,14,4,13030124,Emerging Tier / High-CAC,Healthcare & Life Sciences,Nordics & Benelux,Cloud & Infrastructure Transformation,Experiential,Brand Authority & MQLs,3257531,101
TCS-CMP-01105,NextGen CX - Retail,Google Search,2026-09-12,2026-09,32555,66514,2362,193,132,54,35,26,9,32175180,Strategic Growth Accounts,Energy & Utilities,North America,Retail Omnichannel & Supply Chain,Digital Inbound,Pipeline Generation,3575020,104
TCS-CMP-01106,Zero Trust Enterprise - Cloud,Industry Display & Media,2026-07-15,2026-07,39858,189696,1451,52,23,6,2,1,0,0,Enterprise High-Value,Banking & Capital Markets,North America,Cloud & Infrastructure Transformation,Digital Inbound,Pipeline Generation,4401187,161
TCS-CMP-01107,BFSI Resiliency - Cloud,Executive Events & Roundtables,2025-12-19,2025-12,52944,37486,655,71,55,21,10,6,1,8737385,Strategic Growth Accounts,Healthcare & Life Sciences,India & Middle East,Cloud & Infrastructure Transformation,Experiential,Pipeline Generation,8737385,117
TCS-CMP-01108,Cognitive Ops 2.0 - Retail,Google Search,2026-07-17,2026-07,48372,158750,6432,455,220,89,58,36,13,33106021,Nurture / Mid-Market,Healthcare & Life Sciences,Nordics & Benelux,Retail Omnichannel & Supply Chain,Digital Inbound,Brand Authority & MQLs,2546617,91
TCS-CMP-01109,Sustainable Tech Suite - Cognitive,Google Search,2026-07-10,2026-07,43862,69920,2680,179,87,33,20,12,4,6044956,Emerging Tier / High-CAC,Telecom & Media,North America,Cognitive AI & Enterprise Automation,Digital Inbound,Brand Authority & MQLs,1511239,135
TCS-CMP-01110,OmniCommerce Edge - BFSI,Industry Display & Media,2025-12-18,2025-12,21764,152667,1350,48,23,7,3,1,0,0,Strategic Growth Accounts,Banking & Capital Markets,APAC & Australia,BFSI Core Modernization,Digital Inbound,Strategic Account Penetration,3698514,68
TCS-CMP-01111,Q1 Cloud Scale - Cyber,Industry Display & Media,2026-07-12,2026-07,37685,296668,3117,114,52,16,5,2,0,0,Strategic Growth Accounts,Healthcare & Life Sciences,India & Middle East,Cyber Defense & Risk Governance,Digital Inbound,Brand Authority & MQLs,2817660,51
TCS-CMP-01112,Q1 Cloud Scale - Retail,Industry Display & Media,2025-12-18,2025-12,36312,181246,1631,56,27,8,3,1,0,0,Nurture / Mid-Market,Energy & Utilities,North America,Retail Omnichannel & Supply Chain,Digital Inbound,Executive Engagement,1879020,112
TCS-CMP-01113,NextGen CX - Cyber,Account-Based Email,2026-03-12,2026-03,14522,24754,962,93,74,45,28,20,7,15310771,Emerging Tier / High-CAC,Retail & CPG,APAC & Australia,Cyber Defense & Risk Governance,Outbound ABM,Strategic Account Penetration,2187253,92
TCS-CMP-01114,Life Sciences DataHub - Cyber,LinkedIn Enterprise,2025-10-10,2025-10,53033,108302,2966,246,165,95,55,47,22,54173064,Emerging Tier / High-CAC,Banking & Capital Markets,Nordics & Benelux,Cyber Defense & Risk Governance,Digital Inbound,Executive Engagement,2462412,89
TCS-CMP-01115,Zero Trust Enterprise - Cloud,Executive Events & Roundtables,2026-05-23,2026-05,106426,82105,1235,146,121,38,19,12,3,27775419,Strategic Growth Accounts,Manufacturing & Auto,North America,Cloud & Infrastructure Transformation,Experiential,Pipeline Generation,9258473,129
TCS-CMP-01116,Zero Trust Enterprise - Retail,Google Search,2026-07-16,2026-07,31057,81997,3161,266,144,71,44,26,9,65718414,Enterprise High-Value,Banking & Capital Markets,Europe & UK,Retail Omnichannel & Supply Chain,Digital Inbound,Brand Authority & MQLs,7302046,76
TCS-CMP-01117,Cognitive Ops 2.0 - BFSI,Google Search,2026-05-16,2026-05,57449,89403,2827,239,149,63,33,19,6,40432542,Enterprise High-Value,Banking & Capital Markets,India & Middle East,BFSI Core Modernization,Digital Inbound,Strategic Account Penetration,6738757,139
TCS-CMP-01118,Cognitive Ops 2.0 - Healthcare,Executive Events & Roundtables,2026-02-20,2026-02,106665,70107,940,127,95,27,13,7,2,5873414,Emerging Tier / High-CAC,Healthcare & Life Sciences,APAC & Australia,Healthcare & Life Sciences Digital Labs,Experiential,Brand Authority & MQLs,2936707,55
TCS-CMP-01119,Q1 Cloud Scale - Cyber,Executive Events & Roundtables,2025-12-19,2025-12,111932,109435,2029,302,218,82,41,25,5,27654175,Nurture / Mid-Market,Energy & Utilities,APAC & Australia,Cyber Defense & Risk Governance,Experiential,Brand Authority & MQLs,5530835,140
TCS-CMP-01120,NextGen CX - Cognitive,Executive Events & Roundtables,2026-05-06,2026-05,60791,69622,1205,157,108,31,13,8,2,33676550,Enterprise High-Value,Healthcare & Life Sciences,India & Middle East,Cognitive AI & Enterprise Automation,Experiential,Pipeline Generation,16838275,186
TCS-CMP-01121,GenAI Catalyst - Retail,Account-Based Email,2026-06-08,2026-06,11336,23491,855,56,42,26,19,12,4,11979284,Nurture / Mid-Market,Telecom & Media,North America,Retail Omnichannel & Supply Chain,Outbound ABM,Strategic Account Penetration,2994821,93
TCS-CMP-01122,CyberShield 360 - Cyber,Executive Events & Roundtables,2026-07-10,2026-07,129057,98350,1839,197,147,43,22,13,4,27568204,Nurture / Mid-Market,Retail & CPG,Europe & UK,Cyber Defense & Risk Governance,Experiential,Brand Authority & MQLs,6892051,88
TCS-CMP-01123,Sustainable Tech Suite - Retail,Tech Analyst Webinars,2026-05-15,2026-05,34726,99613,1932,139,78,37,16,11,3,3402741,Emerging Tier / High-CAC,Telecom & Media,India & Middle East,Retail Omnichannel & Supply Chain,Digital Inbound,Executive Engagement,1134247,47
TCS-CMP-01124,Cognitive Ops 2.0 - Healthcare,LinkedIn Enterprise,2026-04-22,2026-04,60856,114358,3236,341,214,114,66,47,15,153112320,Enterprise High-Value,Banking & Capital Markets,India & Middle East,Healthcare & Life Sciences Digital Labs,Digital Inbound,Executive Engagement,10207488,159
TCS-CMP-01125,OmniCommerce Edge - Cloud,Google Search,2026-04-08,2026-04,44758,66978,3121,247,119,54,29,21,7,11851497,Emerging Tier / High-CAC,Retail & CPG,Nordics & Benelux,Cloud & Infrastructure Transformation,Digital Inbound,Executive Engagement,1693071,91
TCS-CMP-01126,CyberShield 360 - Healthcare,Tech Analyst Webinars,2025-10-25,2025-10,17784,40889,820,57,33,14,7,4,1,5601539,Enterprise High-Value,Energy & Utilities,North America,Healthcare & Life Sciences Digital Labs,Digital Inbound,Strategic Account Penetration,5601539,82
TCS-CMP-01127,SAP S/4 Hana Accelerated - Cognitive,Google Search,2025-12-20,2025-12,39448,117052,5251,381,234,105,55,39,16,41092368,Nurture / Mid-Market,Telecom & Media,Europe & UK,Cognitive AI & Enterprise Automation,Digital Inbound,Pipeline Generation,2568273,111
TCS-CMP-01128,GenAI Catalyst - BFSI,Industry Display & Media,2025-10-19,2025-10,36819,294009,2908,88,36,10,4,2,0,0,Enterprise High-Value,Manufacturing & Auto,APAC & Australia,BFSI Core Modernization,Digital Inbound,Executive Engagement,5857016,74
TCS-CMP-01129,NextGen CX - Cloud,Google Search,2025-10-28,2025-10,63855,155393,6965,537,327,162,108,70,16,66373456,Strategic Growth Accounts,Healthcare & Life Sciences,Europe & UK,Cloud & Infrastructure Transformation,Digital Inbound,Pipeline Generation,4148341,125
TCS-CMP-01130,Global Horizon - Cyber,Executive Events & Roundtables,2026-07-08,2026-07,108226,65974,1200,134,102,29,12,8,3,10677147,Emerging Tier / High-CAC,Banking & Capital Markets,India & Middle East,Cyber Defense & Risk Governance,Experiential,Pipeline Generation,3559049,130
TCS-CMP-01131,GenAI Catalyst - Retail,Account-Based Email,2025-10-26,2025-10,8534,12810,552,41,29,18,12,8,4,38106440,Enterprise High-Value,Healthcare & Life Sciences,APAC & Australia,Retail Omnichannel & Supply Chain,Outbound ABM,Strategic Account Penetration,9526610,171
TCS-CMP-01132,SAP S/4 Hana Accelerated - Cognitive,Executive Events & Roundtables,2026-07-01,2026-07,137243,143096,2135,218,135,52,22,11,3,18667182,Nurture / Mid-Market,Manufacturing & Auto,India & Middle East,Cognitive AI & Enterprise Automation,Experiential,Executive Engagement,6222394,103
TCS-CMP-01133,CyberShield 360 - BFSI,Account-Based Email,2026-01-11,2026-01,15477,33257,1582,105,82,38,24,15,8,28620696,Nurture / Mid-Market,Retail & CPG,Nordics & Benelux,BFSI Core Modernization,Outbound ABM,Pipeline Generation,3577587,95
TCS-CMP-01134,Cognitive Ops 2.0 - Retail,LinkedIn Enterprise,2026-03-09,2026-03,35265,74953,2288,180,105,59,39,25,8,96308552,Enterprise High-Value,Energy & Utilities,India & Middle East,Retail Omnichannel & Supply Chain,Digital Inbound,Strategic Account Penetration,12038569,107
TCS-CMP-01135,Global Horizon - Cognitive,Executive Events & Roundtables,2026-04-23,2026-04,98286,78710,1267,121,75,28,13,7,2,34414882,Enterprise High-Value,Telecom & Media,APAC & Australia,Cognitive AI & Enterprise Automation,Experiential,Executive Engagement,17207441,137
TCS-CMP-01136,Life Sciences DataHub - Healthcare,Industry Display & Media,2026-02-12,2026-02,49935,212307,2196,86,37,12,5,3,1,1869672,Nurture / Mid-Market,Healthcare & Life Sciences,Europe & UK,Healthcare & Life Sciences Digital Labs,Digital Inbound,Pipeline Generation,1869672,100
TCS-CMP-01137,GenAI Catalyst - Healthcare,Executive Events & Roundtables,2026-04-22,2026-04,77649,44942,615,59,46,16,7,4,1,6164952,Nurture / Mid-Market,Telecom & Media,North America,Healthcare & Life Sciences Digital Labs,Experiential,Strategic Account Penetration,6164952,107
TCS-CMP-01138,GenAI Catalyst - Healthcare,LinkedIn Enterprise,2026-09-13,2026-09,19512,28880,666,71,37,15,9,7,2,22903276,Enterprise High-Value,Energy & Utilities,Nordics & Benelux,Healthcare & Life Sciences Digital Labs,Digital Inbound,Pipeline Generation,11451638,102
TCS-CMP-01139,Sustainable Tech Suite - BFSI,Executive Events & Roundtables,2025-12-13,2025-12,82618,66302,1219,125,76,22,8,4,1,16004939,Enterprise High-Value,Telecom & Media,India & Middle East,BFSI Core Modernization,Experiential,Brand Authority & MQLs,16004939,123
TCS-CMP-01140,Global Horizon - Retail,Google Search,2026-05-28,2026-05,47093,66436,2674,155,103,47,22,15,4,8810240,Nurture / Mid-Market,Telecom & Media,APAC & Australia,Retail Omnichannel & Supply Chain,Digital Inbound,Pipeline Generation,2202560,77
TCS-CMP-01141,NextGen CX - Cognitive,Executive Events & Roundtables,2026-02-05,2026-02,97075,68180,982,146,118,46,19,12,3,52184451,Enterprise High-Value,Manufacturing & Auto,Nordics & Benelux,Cognitive AI & Enterprise Automation,Experiential,Executive Engagement,17394817,183
TCS-CMP-01142,Zero Trust Enterprise - Cyber,Google Search,2026-09-10,2026-09,23868,30121,1233,79,50,21,14,10,4,5630852,Emerging Tier / High-CAC,Banking & Capital Markets,India & Middle East,Cyber Defense & Risk Governance,Digital Inbound,Executive Engagement,1407713,107
TCS-CMP-01143,GenAI Catalyst - Cognitive,LinkedIn Enterprise,2026-01-09,2026-01,59798,102307,2329,244,152,81,44,36,14,76111224,Strategic Growth Accounts,Telecom & Media,APAC & Australia,Cognitive AI & Enterprise Automation,Digital Inbound,Brand Authority & MQLs,5436516,83
TCS-CMP-01144,Global Horizon - Retail,Account-Based Email,2026-02-19,2026-02,14093,25251,954,94,67,41,31,26,14,24968888,Emerging Tier / High-CAC,Healthcare & Life Sciences,APAC & Australia,Retail Omnichannel & Supply Chain,Outbound ABM,Pipeline Generation,1783492,118
TCS-CMP-01145,OmniCommerce Edge - Healthcare,Account-Based Email,2026-04-16,2026-04,25375,58850,2619,202,138,62,42,28,12,90450480,Enterprise High-Value,Energy & Utilities,Nordics & Benelux,Healthcare & Life Sciences Digital Labs,Outbound ABM,Executive Engagement,7537540,152
TCS-CMP-01146,Zero Trust Enterprise - BFSI,Google Search,2025-10-02,2025-10,60799,160561,6433,466,322,132,63,46,19,24999554,Emerging Tier / High-CAC,Energy & Utilities,Europe & UK,BFSI Core Modernization,Digital Inbound,Strategic Account Penetration,1315766,137
TCS-CMP-01147,Q1 Cloud Scale - BFSI,LinkedIn Enterprise,2026-06-23,2026-06,25359,44839,1131,119,63,28,21,13,4,15505076,Nurture / Mid-Market,Healthcare & Life Sciences,APAC & Australia,BFSI Core Modernization,Digital Inbound,Pipeline Generation,3876269,57
TCS-CMP-01148,Q1 Cloud Scale - Healthcare,Account-Based Email,2025-11-07,2025-11,21541,47177,1628,168,111,61,47,33,14,55621006,Nurture / Mid-Market,Healthcare & Life Sciences,APAC & Australia,Healthcare & Life Sciences Digital Labs,Outbound ABM,Pipeline Generation,3972929,95
TCS-CMP-01149,CyberShield 360 - Cloud,LinkedIn Enterprise,2026-07-25,2026-07,32223,54430,1589,108,77,35,19,12,5,17220035,Nurture / Mid-Market,Manufacturing & Auto,Nordics & Benelux,Cloud & Infrastructure Transformation,Digital Inbound,Brand Authority & MQLs,3444007,110
TCS-CMP-01150,Q1 Cloud Scale - Cyber,Account-Based Email,2026-06-05,2026-06,17270,33336,1406,110,85,45,29,21,9,70417089,Enterprise High-Value,Healthcare & Life Sciences,Nordics & Benelux,Cyber Defense & Risk Governance,Outbound ABM,Brand Authority & MQLs,7824121,185
TCS-CMP-01151,BFSI Resiliency - Cloud,Account-Based Email,2026-08-23,2026-08,20055,41706,2056,206,133,82,53,38,19,192236053,Enterprise High-Value,Healthcare & Life Sciences,APAC & Australia,Cloud & Infrastructure Transformation,Outbound ABM,Pipeline Generation,10117687,175
TCS-CMP-01152,Q1 Cloud Scale - Cognitive,LinkedIn Enterprise,2026-04-04,2026-04,59264,100875,2306,163,88,52,27,23,10,109490130,Enterprise High-Value,Manufacturing & Auto,APAC & Australia,Cognitive AI & Enterprise Automation,Digital Inbound,Executive Engagement,10949013,116
TCS-CMP-01153,Life Sciences DataHub - Cognitive,Google Search,2026-02-18,2026-02,65620,109808,4846,418,278,135,73,54,21,138222210,Enterprise High-Value,Retail & CPG,APAC & Australia,Cognitive AI & Enterprise Automation,Digital Inbound,Pipeline Generation,6582010,169
TCS-CMP-01154,SAP S/4 Hana Accelerated - BFSI,Executive Events & Roundtables,2025-11-22,2025-11,82048,77617,1319,138,97,32,16,10,3,32700519,Strategic Growth Accounts,Telecom & Media,APAC & Australia,BFSI Core Modernization,Experiential,Brand Authority & MQLs,10900173,56
TCS-CMP-01155,Global Horizon - Cloud,Executive Events & Roundtables,2026-02-18,2026-02,131754,164843,2422,340,231,94,42,27,8,82689048,Strategic Growth Accounts,Manufacturing & Auto,APAC & Australia,Cloud & Infrastructure Transformation,Experiential,Brand Authority & MQLs,10336131,54
TCS-CMP-01156,Zero Trust Enterprise - BFSI,Account-Based Email,2026-04-02,2026-04,13441,24761,1274,91,52,24,17,12,6,55667370,Enterprise High-Value,Healthcare & Life Sciences,North America,BFSI Core Modernization,Outbound ABM,Strategic Account Penetration,9277895,85
TCS-CMP-01157,Sustainable Tech Suite - Healthcare,Google Search,2025-10-22,2025-10,54783,100396,4701,287,156,60,35,25,7,16215668,Nurture / Mid-Market,Retail & CPG,North America,Healthcare & Life Sciences Digital Labs,Digital Inbound,Executive Engagement,2316524,133
TCS-CMP-01158,Cognitive Ops 2.0 - Cyber,Account-Based Email,2026-05-09,2026-05,19365,39105,1925,159,89,59,41,33,10,20907530,Emerging Tier / High-CAC,Energy & Utilities,APAC & Australia,Cyber Defense & Risk Governance,Outbound ABM,Brand Authority & MQLs,2090753,51
TCS-CMP-01159,BFSI Resiliency - Cognitive,Tech Analyst Webinars,2026-08-24,2026-08,22665,49446,1124,82,39,18,10,6,2,2814924,Emerging Tier / High-CAC,Healthcare & Life Sciences,North America,Cognitive AI & Enterprise Automation,Digital Inbound,Pipeline Generation,1407462,59
TCS-CMP-01160,SAP S/4 Hana Accelerated - Cloud,Executive Events & Roundtables,2025-10-28,2025-10,92744,78012,1249,160,98,32,15,7,2,35969072,Enterprise High-Value,Telecom & Media,North America,Cloud & Infrastructure Transformation,Experiential,Pipeline Generation,17984536,110
TCS-CMP-01161,GenAI Catalyst - Healthcare,Industry Display & Media,2026-06-02,2026-06,25692,202681,1757,58,24,6,2,1,0,0,Nurture / Mid-Market,Healthcare & Life Sciences,Nordics & Benelux,Healthcare & Life Sciences Digital Labs,Digital Inbound,Brand Authority & MQLs,2114579,105
TCS-CMP-01162,GenAI Catalyst - Cognitive,Executive Events & Roundtables,2025-11-16,2025-11,128088,141904,1893,257,196,62,32,19,7,58082752,Strategic Growth Accounts,Energy & Utilities,India & Middle East,Cognitive AI & Enterprise Automation,Experiential,Brand Authority & MQLs,8297536,142
TCS-CMP-01163,Cognitive Ops 2.0 - Cloud,Executive Events & Roundtables,2026-03-02,2026-03,54219,46877,638,85,49,19,9,4,1,14632917,Enterprise High-Value,Manufacturing & Auto,Nordics & Benelux,Cloud & Infrastructure Transformation,Experiential,Strategic Account Penetration,14632917,138
TCS-CMP-01164,Sustainable Tech Suite - Healthcare,Industry Display & Media,2026-09-18,2026-09,46896,207521,2004,83,40,11,5,3,1,3291544,Strategic Growth Accounts,Manufacturing & Auto,North America,Healthcare & Life Sciences Digital Labs,Digital Inbound,Pipeline Generation,3291544,104
TCS-CMP-01165,SAP S/4 Hana Accelerated - Cognitive,Account-Based Email,2026-04-05,2026-04,24026,37083,1423,95,52,24,18,16,8,41922808,Strategic Growth Accounts,Healthcare & Life Sciences,India & Middle East,Cognitive AI & Enterprise Automation,Outbound ABM,Strategic Account Penetration,5240351,49
TCS-CMP-01166,Life Sciences DataHub - BFSI,Executive Events & Roundtables,2026-03-02,2026-03,59659,63342,1001,123,96,30,11,7,2,32028978,Enterprise High-Value,Telecom & Media,India & Middle East,BFSI Core Modernization,Experiential,Brand Authority & MQLs,16014489,131
TCS-CMP-01167,GenAI Catalyst - Cloud,Industry Display & Media,2025-12-13,2025-12,23405,160698,1626,46,20,6,2,1,0,0,Emerging Tier / High-CAC,Healthcare & Life Sciences,Europe & UK,Cloud & Infrastructure Transformation,Digital Inbound,Executive Engagement,962490,88
TCS-CMP-01168,Global Horizon - Retail,Google Search,2025-10-07,2025-10,42139,74168,3379,281,154,68,43,30,10,16993140,Emerging Tier / High-CAC,Banking & Capital Markets,North America,Retail Omnichannel & Supply Chain,Digital Inbound,Pipeline Generation,1699314,66
TCS-CMP-01169,BFSI Resiliency - Healthcare,Google Search,2026-06-12,2026-06,53314,78924,2443,178,121,54,29,20,6,8299584,Emerging Tier / High-CAC,Telecom & Media,North America,Healthcare & Life Sciences Digital Labs,Digital Inbound,Brand Authority & MQLs,1383264,76
TCS-CMP-01170,BFSI Resiliency - BFSI,LinkedIn Enterprise,2025-12-07,2025-12,36758,52385,1210,86,65,36,22,14,7,16506385,Emerging Tier / High-CAC,Healthcare & Life Sciences,APAC & Australia,BFSI Core Modernization,Digital Inbound,Strategic Account Penetration,2358055,118
TCS-CMP-01171,GenAI Catalyst - Healthcare,Google Search,2026-04-18,2026-04,31203,49580,1940,115,72,34,19,11,3,12727659,Strategic Growth Accounts,Retail & CPG,North America,Healthcare & Life Sciences Digital Labs,Digital Inbound,Strategic Account Penetration,4242553,124
TCS-CMP-01172,Global Horizon - Retail,LinkedIn Enterprise,2025-12-24,2025-12,43038,66410,1719,117,74,33,23,17,5,37217375,Strategic Growth Accounts,Banking & Capital Markets,Europe & UK,Retail Omnichannel & Supply Chain,Digital Inbound,Strategic Account Penetration,7443475,105
TCS-CMP-01173,SAP S/4 Hana Accelerated - Retail,Tech Analyst Webinars,2026-09-08,2026-09,31948,58521,1311,105,48,19,8,4,1,3343277,Strategic Growth Accounts,Energy & Utilities,APAC & Australia,Retail Omnichannel & Supply Chain,Digital Inbound,Executive Engagement,3343277,75
TCS-CMP-01174,NextGen CX - Cloud,Industry Display & Media,2026-04-13,2026-04,23779,163702,1691,62,24,7,3,2,1,1010450,Emerging Tier / High-CAC,Banking & Capital Markets,India & Middle East,Cloud & Infrastructure Transformation,Digital Inbound,Pipeline Generation,1010450,94
TCS-CMP-01175,Zero Trust Enterprise - BFSI,Tech Analyst Webinars,2026-04-07,2026-04,32108,42324,836,43,20,9,4,2,1,4508977,Strategic Growth Accounts,Healthcare & Life Sciences,Nordics & Benelux,BFSI Core Modernization,Digital Inbound,Strategic Account Penetration,4508977,93
TCS-CMP-01176,Sustainable Tech Suite - Healthcare,Account-Based Email,2025-11-17,2025-11,18297,29597,1527,132,79,43,32,24,10,19819940,Emerging Tier / High-CAC,Energy & Utilities,Nordics & Benelux,Healthcare & Life Sciences Digital Labs,Outbound ABM,Strategic Account Penetration,1981994,79
TCS-CMP-01177,Global Horizon - Cloud,Industry Display & Media,2026-01-20,2026-01,16205,82012,918,30,12,3,1,1,0,0,Emerging Tier / High-CAC,Manufacturing & Auto,India & Middle East,Cloud & Infrastructure Transformation,Digital Inbound,Executive Engagement,933696,94
TCS-CMP-01178,GenAI Catalyst - Retail,LinkedIn Enterprise,2025-10-21,2025-10,19050,43549,1016,112,65,39,24,19,7,24005247,Nurture / Mid-Market,Retail & CPG,Europe & UK,Retail Omnichannel & Supply Chain,Digital Inbound,Brand Authority & MQLs,3429321,120
TCS-CMP-01179,Cognitive Ops 2.0 - Cyber,Industry Display & Media,2026-03-24,2026-03,34293,164622,1621,49,19,5,2,1,0,0,Enterprise High-Value,Retail & CPG,APAC & Australia,Cyber Defense & Risk Governance,Digital Inbound,Brand Authority & MQLs,5856142,72
TCS-CMP-01180,Cognitive Ops 2.0 - BFSI,Industry Display & Media,2026-08-02,2026-08,23976,193580,1596,64,25,6,2,1,0,0,Strategic Growth Accounts,Energy & Utilities,North America,BFSI Core Modernization,Digital Inbound,Executive Engagement,2812158,49
TCS-CMP-01181,Life Sciences DataHub - Healthcare,Executive Events & Roundtables,2026-04-08,2026-04,102117,115466,1588,205,167,65,32,20,5,81422340,Enterprise High-Value,Banking & Capital Markets,Europe & UK,Healthcare & Life Sciences Digital Labs,Experiential,Brand Authority & MQLs,16284468,97
TCS-CMP-01182,CyberShield 360 - Cloud,LinkedIn Enterprise,2026-02-03,2026-02,58503,93565,2593,244,178,89,60,45,16,110465872,Strategic Growth Accounts,Energy & Utilities,Nordics & Benelux,Cloud & Infrastructure Transformation,Digital Inbound,Pipeline Generation,6904117,50
TCS-CMP-01183,Life Sciences DataHub - Cognitive,Tech Analyst Webinars,2026-04-08,2026-04,36667,65276,1170,71,41,18,8,5,2,6678734,Strategic Growth Accounts,Energy & Utilities,North America,Cognitive AI & Enterprise Automation,Digital Inbound,Pipeline Generation,3339367,58
TCS-CMP-01184,Sustainable Tech Suite - Cognitive,Executive Events & Roundtables,2026-05-26,2026-05,125230,101976,1271,121,77,22,9,5,1,5835987,Nurture / Mid-Market,Healthcare & Life Sciences,India & Middle East,Cognitive AI & Enterprise Automation,Experiential,Strategic Account Penetration,5835987,126
TCS-CMP-01185,GenAI Catalyst - Cyber,Tech Analyst Webinars,2026-06-06,2026-06,25473,34505,836,44,27,13,6,4,1,5495514,Enterprise High-Value,Energy & Utilities,APAC & Australia,Cyber Defense & Risk Governance,Digital Inbound,Executive Engagement,5495514,164
TCS-CMP-01186,Global Horizon - Retail,LinkedIn Enterprise,2026-09-08,2026-09,20518,27923,831,92,51,27,15,10,3,7524171,Emerging Tier / High-CAC,Retail & CPG,Europe & UK,Retail Omnichannel & Supply Chain,Digital Inbound,Strategic Account Penetration,2508057,97
TCS-CMP-01187,GenAI Catalyst - Healthcare,Google Search,2026-07-17,2026-07,64764,108114,3753,318,187,84,53,41,13,33522671,Nurture / Mid-Market,Retail & CPG,North America,Healthcare & Life Sciences Digital Labs,Digital Inbound,Brand Authority & MQLs,2578667,110
TCS-CMP-01188,Life Sciences DataHub - Cognitive,Tech Analyst Webinars,2026-08-16,2026-08,31723,46145,1214,86,43,15,9,6,2,11530646,Enterprise High-Value,Manufacturing & Auto,Nordics & Benelux,Cognitive AI & Enterprise Automation,Digital Inbound,Strategic Account Penetration,5765323,197
TCS-CMP-01189,CyberShield 360 - Cyber,Executive Events & Roundtables,2026-06-20,2026-06,75404,68378,905,109,67,26,10,6,1,9220039,Strategic Growth Accounts,Manufacturing & Auto,India & Middle East,Cyber Defense & Risk Governance,Experiential,Brand Authority & MQLs,9220039,134
TCS-CMP-01190,Life Sciences DataHub - Healthcare,Tech Analyst Webinars,2026-06-08,2026-06,29956,51204,1021,80,47,16,8,4,1,3756911,Strategic Growth Accounts,Telecom & Media,APAC & Australia,Healthcare & Life Sciences Digital Labs,Digital Inbound,Pipeline Generation,3756911,140
TCS-CMP-01191,OmniCommerce Edge - Retail,Executive Events & Roundtables,2026-04-03,2026-04,47717,36229,617,91,57,21,9,5,2,19663986,Strategic Growth Accounts,Banking & Capital Markets,Nordics & Benelux,Retail Omnichannel & Supply Chain,Experiential,Brand Authority & MQLs,9831993,140
TCS-CMP-01192,Life Sciences DataHub - BFSI,Executive Events & Roundtables,2025-10-20,2025-10,99041,83330,1524,203,130,38,17,10,2,13907896,Nurture / Mid-Market,Banking & Capital Markets,North America,BFSI Core Modernization,Experiential,Pipeline Generation,6953948,120
TCS-CMP-01193,Life Sciences DataHub - Cyber,Tech Analyst Webinars,2026-02-05,2026-02,33445,44838,852,43,19,9,4,2,1,3906444,Strategic Growth Accounts,Banking & Capital Markets,North America,Cyber Defense & Risk Governance,Digital Inbound,Executive Engagement,3906444,85
TCS-CMP-01194,NextGen CX - BFSI,Google Search,2026-09-20,2026-09,60439,111810,5148,458,256,116,75,50,11,66580800,Enterprise High-Value,Banking & Capital Markets,North America,BFSI Core Modernization,Digital Inbound,Pipeline Generation,6052800,156
TCS-CMP-01195,OmniCommerce Edge - Healthcare,Tech Analyst Webinars,2026-05-21,2026-05,26267,51468,1189,93,46,21,10,7,2,7184660,Strategic Growth Accounts,Retail & CPG,Nordics & Benelux,Healthcare & Life Sciences Digital Labs,Digital Inbound,Pipeline Generation,3592330,69
TCS-CMP-01196,Sustainable Tech Suite - Cognitive,LinkedIn Enterprise,2026-05-16,2026-05,19212,41915,1321,106,71,35,19,15,6,35222040,Strategic Growth Accounts,Banking & Capital Markets,India & Middle East,Cognitive AI & Enterprise Automation,Digital Inbound,Strategic Account Penetration,5870340,121
TCS-CMP-01197,Life Sciences DataHub - Healthcare,Industry Display & Media,2026-02-16,2026-02,23172,145387,1260,43,15,4,2,1,0,0,Strategic Growth Accounts,Telecom & Media,Europe & UK,Healthcare & Life Sciences Digital Labs,Digital Inbound,Pipeline Generation,3341629,62
TCS-CMP-01198,SAP S/4 Hana Accelerated - Healthcare,Account-Based Email,2026-01-24,2026-01,16368,43090,1632,124,88,40,24,18,6,21555264,Nurture / Mid-Market,Manufacturing & Auto,APAC & Australia,Healthcare & Life Sciences Digital Labs,Outbound ABM,Strategic Account Penetration,3592544,139
TCS-CMP-01199,OmniCommerce Edge - Healthcare,Tech Analyst Webinars,2025-10-12,2025-10,18825,38541,977,70,36,16,7,4,2,7990240,Strategic Growth Accounts,Retail & CPG,India & Middle East,Healthcare & Life Sciences Digital Labs,Digital Inbound,Strategic Account Penetration,3995120,66
TCS-CMP-01200,BFSI Resiliency - Cloud,Account-Based Email,2026-01-28,2026-01,13442,26790,1290,129,75,47,34,27,9,29873889,Nurture / Mid-Market,Telecom & Media,APAC & Australia,Cloud & Infrastructure Transformation,Outbound ABM,Pipeline Generation,3319321,92
TCS-CMP-01201,Cognitive Ops 2.0 - Cyber,Google Search,2026-07-12,2026-07,33854,49964,2269,154,83,30,20,12,5,38352020,Enterprise High-Value,Manufacturing & Auto,India & Middle East,Cyber Defense & Risk Governance,Digital Inbound,Brand Authority & MQLs,7670404,112
TCS-CMP-01202,Q1 Cloud Scale - Cyber,Google Search,2026-06-22,2026-06,49220,145804,5649,433,201,106,52,38,16,26992992,Emerging Tier / High-CAC,Energy & Utilities,APAC & Australia,Cyber Defense & Risk Governance,Digital Inbound,Brand Authority & MQLs,1687062,133
TCS-CMP-01203,Life Sciences DataHub - Healthcare,Account-Based Email,2025-11-28,2025-11,18262,30065,1325,115,89,49,37,24,9,78345792,Enterprise High-Value,Manufacturing & Auto,North America,Healthcare & Life Sciences Digital Labs,Outbound ABM,Executive Engagement,8705088,74
TCS-CMP-01204,Zero Trust Enterprise - Retail,Tech Analyst Webinars,2026-03-08,2026-03,26236,40650,834,61,31,12,7,5,1,1118522,Emerging Tier / High-CAC,Healthcare & Life Sciences,Europe & UK,Retail Omnichannel & Supply Chain,Digital Inbound,Pipeline Generation,1118522,61
TCS-CMP-01205,Cognitive Ops 2.0 - Cloud,Account-Based Email,2026-03-16,2026-03,27262,44160,2173,147,103,49,32,22,11,21361076,Emerging Tier / High-CAC,Healthcare & Life Sciences,Nordics & Benelux,Cloud & Infrastructure Transformation,Outbound ABM,Executive Engagement,1941916,113
TCS-CMP-01206,SAP S/4 Hana Accelerated - Retail,Tech Analyst Webinars,2026-09-03,2026-09,29558,63078,1170,67,40,19,11,7,2,8565634,Strategic Growth Accounts,Healthcare & Life Sciences,Nordics & Benelux,Retail Omnichannel & Supply Chain,Digital Inbound,Pipeline Generation,4282817,124
TCS-CMP-01207,GenAI Catalyst - Retail,Tech Analyst Webinars,2025-10-23,2025-10,39649,53596,1442,71,33,11,6,4,1,2061037,Nurture / Mid-Market,Manufacturing & Auto,APAC & Australia,Retail Omnichannel & Supply Chain,Digital Inbound,Executive Engagement,2061037,135
TCS-CMP-01208,NextGen CX - Cognitive,LinkedIn Enterprise,2026-02-04,2026-02,46668,68526,2202,223,117,71,47,28,10,35946750,Nurture / Mid-Market,Banking & Capital Markets,India & Middle East,Cognitive AI & Enterprise Automation,Digital Inbound,Strategic Account Penetration,3594675,76
TCS-CMP-01209,SAP S/4 Hana Accelerated - BFSI,Executive Events & Roundtables,2025-12-26,2025-12,55659,40382,566,53,44,14,7,3,1,17194390,Enterprise High-Value,Telecom & Media,North America,BFSI Core Modernization,Experiential,Executive Engagement,17194390,190
TCS-CMP-01210,Cognitive Ops 2.0 - Cognitive,Google Search,2026-09-20,2026-09,61837,111518,3905,363,169,67,44,32,10,38429940,Strategic Growth Accounts,Telecom & Media,India & Middle East,Cognitive AI & Enterprise Automation,Digital Inbound,Pipeline Generation,3842994,70
TCS-CMP-01211,Cognitive Ops 2.0 - Healthcare,Google Search,2026-09-15,2026-09,58832,184628,7221,426,259,128,81,60,17,26176413,Emerging Tier / High-CAC,Manufacturing & Auto,APAC & Australia,Healthcare & Life Sciences Digital Labs,Digital Inbound,Strategic Account Penetration,1539789,77
TCS-CMP-01212,Cognitive Ops 2.0 - Cloud,LinkedIn Enterprise,2025-12-10,2025-12,46974,148965,4264,453,319,190,115,82,37,79839636,Emerging Tier / High-CAC,Telecom & Media,India & Middle East,Cloud & Infrastructure Transformation,Digital Inbound,Executive Engagement,2157828,133
TCS-CMP-01213,NextGen CX - BFSI,Executive Events & Roundtables,2026-02-24,2026-02,62738,42041,550,82,55,17,7,4,1,14419276,Enterprise High-Value,Energy & Utilities,North America,BFSI Core Modernization,Experiential,Executive Engagement,14419276,160
TCS-CMP-01214,Zero Trust Enterprise - Cyber,Google Search,2025-11-16,2025-11,30154,77121,2943,269,126,66,31,22,7,15386539,Nurture / Mid-Market,Telecom & Media,India & Middle East,Cyber Defense & Risk Governance,Digital Inbound,Pipeline Generation,2198077,97
TCS-CMP-01215,Sustainable Tech Suite - Cognitive,Executive Events & Roundtables,2025-12-06,2025-12,103968,79596,1347,142,87,33,13,8,2,32310944,Enterprise High-Value,Retail & CPG,Nordics & Benelux,Cognitive AI & Enterprise Automation,Experiential,Strategic Account Penetration,16155472,155
TCS-CMP-01216,Q1 Cloud Scale - Cyber,LinkedIn Enterprise,2026-03-07,2026-03,29296,60475,1515,107,78,47,25,17,6,13011552,Emerging Tier / High-CAC,Energy & Utilities,North America,Cyber Defense & Risk Governance,Digital Inbound,Pipeline Generation,2168592,52
TCS-CMP-01217,Zero Trust Enterprise - BFSI,Google Search,2026-03-01,2026-03,60181,119476,4896,359,183,81,46,36,14,42292152,Nurture / Mid-Market,Energy & Utilities,North America,BFSI Core Modernization,Digital Inbound,Pipeline Generation,3020868,94
TCS-CMP-01218,Sustainable Tech Suite - Healthcare,Google Search,2026-03-18,2026-03,48284,112995,4594,366,222,86,57,36,13,28547220,Nurture / Mid-Market,Manufacturing & Auto,APAC & Australia,Healthcare & Life Sciences Digital Labs,Digital Inbound,Executive Engagement,2195940,58
TCS-CMP-01219,GenAI Catalyst - Cognitive,LinkedIn Enterprise,2026-09-18,2026-09,18406,48555,1172,114,62,33,18,15,5,49846345,Enterprise High-Value,Manufacturing & Auto,Europe & UK,Cognitive AI & Enterprise Automation,Digital Inbound,Pipeline Generation,9969269,71
TCS-CMP-01220,Global Horizon - BFSI,Tech Analyst Webinars,2025-12-23,2025-12,16308,35888,832,53,23,8,3,2,1,2540473,Nurture / Mid-Market,Energy & Utilities,APAC & Australia,BFSI Core Modernization,Digital Inbound,Strategic Account Penetration,2540473,101
TCS-CMP-01221,Global Horizon - Cyber,Account-Based Email,2026-01-07,2026-01,27830,90863,3565,301,183,90,63,56,20,39484520,Emerging Tier / High-CAC,Banking & Capital Markets,North America,Cyber Defense & Risk Governance,Outbound ABM,Executive Engagement,1974226,79
TCS-CMP-01222,GenAI Catalyst - Healthcare,Industry Display & Media,2026-04-08,2026-04,20904,113660,982,29,14,4,2,1,0,0,Strategic Growth Accounts,Energy & Utilities,India & Middle East,Healthcare & Life Sciences Digital Labs,Digital Inbound,Brand Authority & MQLs,3426053,113
TCS-CMP-01223,SAP S/4 Hana Accelerated - Retail,Google Search,2026-03-07,2026-03,22357,66983,2827,171,116,47,24,18,6,42283962,Enterprise High-Value,Healthcare & Life Sciences,Nordics & Benelux,Retail Omnichannel & Supply Chain,Digital Inbound,Executive Engagement,7047327,94
TCS-CMP-01224,SAP S/4 Hana Accelerated - Cognitive,Executive Events & Roundtables,2026-01-10,2026-01,117888,67131,1177,138,94,38,19,10,3,28091724,Strategic Growth Accounts,Banking & Capital Markets,India & Middle East,Cognitive AI & Enterprise Automation,Experiential,Pipeline Generation,9363908,72
TCS-CMP-01225,BFSI Resiliency - Cyber,Tech Analyst Webinars,2025-12-02,2025-12,33647,76453,1814,90,41,16,7,4,2,2248928,Emerging Tier / High-CAC,Healthcare & Life Sciences,North America,Cyber Defense & Risk Governance,Digital Inbound,Executive Engagement,1124464,49
TCS-CMP-01226,Life Sciences DataHub - Healthcare,Google Search,2025-11-24,2025-11,60543,109590,4648,425,272,133,74,49,12,46988772,Strategic Growth Accounts,Energy & Utilities,North America,Healthcare & Life Sciences Digital Labs,Digital Inbound,Executive Engagement,3915731,121
TCS-CMP-01227,Life Sciences DataHub - Cyber,Industry Display & Media,2025-12-10,2025-12,33323,248902,2099,58,25,7,3,2,0,0,Strategic Growth Accounts,Healthcare & Life Sciences,Europe & UK,Cyber Defense & Risk Governance,Digital Inbound,Strategic Account Penetration,3342335,102
TCS-CMP-01228,Zero Trust Enterprise - Cognitive,Google Search,2026-09-27,2026-09,24943,38525,1711,112,72,31,18,11,4,6143524,Emerging Tier / High-CAC,Telecom & Media,APAC & Australia,Cognitive AI & Enterprise Automation,Digital Inbound,Executive Engagement,1535881,136
TCS-CMP-01229,NextGen CX - Retail,Tech Analyst Webinars,2026-03-10,2026-03,25211,72867,1649,115,52,25,15,10,3,9881883,Strategic Growth Accounts,Energy & Utilities,Europe & UK,Retail Omnichannel & Supply Chain,Digital Inbound,Pipeline Generation,3293961,108
TCS-CMP-01230,NextGen CX - Cyber,Executive Events & Roundtables,2026-07-26,2026-07,83526,67510,943,85,56,16,7,4,1,6866870,Nurture / Mid-Market,Banking & Capital Markets,Nordics & Benelux,Cyber Defense & Risk Governance,Experiential,Pipeline Generation,6866870,89
TCS-CMP-01231,GenAI Catalyst - BFSI,Executive Events & Roundtables,2026-03-06,2026-03,59028,42850,696,94,75,22,10,6,2,16768986,Strategic Growth Accounts,Energy & Utilities,Europe & UK,BFSI Core Modernization,Experiential,Brand Authority & MQLs,8384493,100
TCS-CMP-01232,Sustainable Tech Suite - Cyber,LinkedIn Enterprise,2026-05-13,2026-05,44614,80288,1948,179,139,68,36,22,10,108903750,Enterprise High-Value,Healthcare & Life Sciences,Nordics & Benelux,Cyber Defense & Risk Governance,Digital Inbound,Executive Engagement,10890375,99
TCS-CMP-01233,Life Sciences DataHub - Cyber,Executive Events & Roundtables,2025-11-11,2025-11,63881,62241,948,134,81,25,10,5,2,13287926,Nurture / Mid-Market,Manufacturing & Auto,North America,Cyber Defense & Risk Governance,Experiential,Pipeline Generation,6643963,129
TCS-CMP-01234,NextGen CX - Cognitive,LinkedIn Enterprise,2026-09-25,2026-09,32389,51285,1353,151,114,52,35,23,6,37780188,Strategic Growth Accounts,Manufacturing & Auto,Europe & UK,Cognitive AI & Enterprise Automation,Digital Inbound,Executive Engagement,6296698,89
TCS-CMP-01235,CyberShield 360 - Retail,Executive Events & Roundtables,2026-07-12,2026-07,75870,66284,959,128,90,26,10,6,1,3326989,Emerging Tier / High-CAC,Energy & Utilities,Nordics & Benelux,Retail Omnichannel & Supply Chain,Experiential,Pipeline Generation,3326989,109
TCS-CMP-01236,Life Sciences DataHub - Cognitive,Tech Analyst Webinars,2025-11-22,2025-11,30742,57834,1106,56,28,11,6,4,1,1376472,Emerging Tier / High-CAC,Banking & Capital Markets,North America,Cognitive AI & Enterprise Automation,Digital Inbound,Brand Authority & MQLs,1376472,91
TCS-CMP-01237,Cognitive Ops 2.0 - Cloud,LinkedIn Enterprise,2026-08-25,2026-08,27029,52854,1442,111,70,31,19,16,7,70831040,Enterprise High-Value,Telecom & Media,India & Middle East,Cloud & Infrastructure Transformation,Digital Inbound,Brand Authority & MQLs,10118720,139
TCS-CMP-01238,Global Horizon - Cognitive,Account-Based Email,2026-07-17,2026-07,21885,31523,1622,168,119,74,46,29,16,47196208,Nurture / Mid-Market,Banking & Capital Markets,Europe & UK,Cognitive AI & Enterprise Automation,Outbound ABM,Strategic Account Penetration,2949763,87
TCS-CMP-01239,OmniCommerce Edge - Cognitive,Account-Based Email,2025-11-21,2025-11,22371,33530,1636,166,111,63,42,36,16,29124368,Emerging Tier / High-CAC,Energy & Utilities,India & Middle East,Cognitive AI & Enterprise Automation,Outbound ABM,Strategic Account Penetration,1820273,110
TCS-CMP-01240,Sustainable Tech Suite - BFSI,Google Search,2026-04-24,2026-04,22925,60717,2182,152,93,45,24,16,7,10325854,Emerging Tier / High-CAC,Retail & CPG,Nordics & Benelux,BFSI Core Modernization,Digital Inbound,Brand Authority & MQLs,1475122,128
TCS-CMP-01241,SAP S/4 Hana Accelerated - Retail,Google Search,2026-01-05,2026-01,25981,51270,1985,161,83,43,25,14,6,14832330,Nurture / Mid-Market,Healthcare & Life Sciences,North America,Retail Omnichannel & Supply Chain,Digital Inbound,Pipeline Generation,2472055,100
TCS-CMP-01242,Q1 Cloud Scale - Cyber,Tech Analyst Webinars,2026-06-19,2026-06,18459,31016,597,42,19,7,3,2,1,2353192,Nurture / Mid-Market,Healthcare & Life Sciences,Europe & UK,Cyber Defense & Risk Governance,Digital Inbound,Strategic Account Penetration,2353192,111
TCS-CMP-01243,NextGen CX - BFSI,Tech Analyst Webinars,2025-10-25,2025-10,28642,39335,997,66,40,14,7,5,1,1358659,Emerging Tier / High-CAC,Banking & Capital Markets,APAC & Australia,BFSI Core Modernization,Digital Inbound,Pipeline Generation,1358659,109
TCS-CMP-01244,GenAI Catalyst - Cyber,Account-Based Email,2026-06-25,2026-06,19634,30415,1310,133,78,40,22,19,10,19420760,Emerging Tier / High-CAC,Energy & Utilities,North America,Cyber Defense & Risk Governance,Outbound ABM,Executive Engagement,1942076,49
TCS-CMP-01245,NextGen CX - Cognitive,Industry Display & Media,2026-03-15,2026-03,45953,255422,2259,75,35,10,5,2,0,0,Strategic Growth Accounts,Telecom & Media,India & Middle East,Cognitive AI & Enterprise Automation,Digital Inbound,Pipeline Generation,3222964,47
TCS-CMP-01246,OmniCommerce Edge - Cognitive,Google Search,2026-07-25,2026-07,25792,62285,2473,177,105,43,25,16,4,23155148,Enterprise High-Value,Telecom & Media,Nordics & Benelux,Cognitive AI & Enterprise Automation,Digital Inbound,Pipeline Generation,5788787,169
TCS-CMP-01247,CyberShield 360 - Cognitive,Google Search,2026-05-24,2026-05,69447,225052,7649,432,269,122,79,46,15,25750095,Emerging Tier / High-CAC,Retail & CPG,India & Middle East,Cognitive AI & Enterprise Automation,Digital Inbound,Pipeline Generation,1716673,81
TCS-CMP-01248,OmniCommerce Edge - Retail,Industry Display & Media,2026-06-24,2026-06,29351,254978,2363,84,39,11,4,2,0,0,Emerging Tier / High-CAC,Manufacturing & Auto,Nordics & Benelux,Retail Omnichannel & Supply Chain,Digital Inbound,Brand Authority & MQLs,1071687,51
TCS-CMP-01249,OmniCommerce Edge - Cyber,Industry Display & Media,2026-02-26,2026-02,28908,165172,1769,56,26,6,2,1,0,0,Strategic Growth Accounts,Telecom & Media,North America,Cyber Defense & Risk Governance,Digital Inbound,Strategic Account Penetration,3241916,115
TCS-CMP-01250,NextGen CX - Retail,LinkedIn Enterprise,2026-04-21,2026-04,26000,51144,1218,113,59,28,17,12,5,57192405,Enterprise High-Value,Manufacturing & Auto,Europe & UK,Retail Omnichannel & Supply Chain,Digital Inbound,Executive Engagement,11438481,150
TCS-CMP-01251,Q1 Cloud Scale - Cyber,Tech Analyst Webinars,2026-03-14,2026-03,41559,60791,1462,110,55,19,10,6,2,2309676,Emerging Tier / High-CAC,Telecom & Media,North America,Cyber Defense & Risk Governance,Digital Inbound,Executive Engagement,1154838,111
TCS-CMP-01252,Life Sciences DataHub - Cognitive,LinkedIn Enterprise,2025-12-28,2025-12,20079,41881,1152,120,77,43,28,22,7,13368152,Emerging Tier / High-CAC,Banking & Capital Markets,Nordics & Benelux,Cognitive AI & Enterprise Automation,Digital Inbound,Strategic Account Penetration,1909736,116
TCS-CMP-01253,BFSI Resiliency - Cognitive,Account-Based Email,2026-01-08,2026-01,19608,35044,1230,129,77,44,33,23,12,67270260,Strategic Growth Accounts,Telecom & Media,North America,Cognitive AI & Enterprise Automation,Outbound ABM,Executive Engagement,5605855,122
TCS-CMP-01254,Sustainable Tech Suite - Cognitive,LinkedIn Enterprise,2026-09-28,2026-09,44939,71403,1838,199,154,92,53,35,12,43708404,Nurture / Mid-Market,Energy & Utilities,North America,Cognitive AI & Enterprise Automation,Digital Inbound,Pipeline Generation,3642367,112
TCS-CMP-01255,Life Sciences DataHub - Cloud,Tech Analyst Webinars,2026-06-26,2026-06,33711,79509,1660,99,59,25,13,8,2,11148336,Enterprise High-Value,Healthcare & Life Sciences,Nordics & Benelux,Cloud & Infrastructure Transformation,Digital Inbound,Executive Engagement,5574168,77
TCS-CMP-01256,Life Sciences DataHub - Healthcare,Executive Events & Roundtables,2026-01-21,2026-01,116710,87583,1270,130,73,26,12,7,3,8692296,Emerging Tier / High-CAC,Healthcare & Life Sciences,APAC & Australia,Healthcare & Life Sciences Digital Labs,Experiential,Brand Authority & MQLs,2897432,111
TCS-CMP-01257,SAP S/4 Hana Accelerated - BFSI,LinkedIn Enterprise,2026-01-22,2026-01,20780,42552,1015,91,60,37,22,17,6,25182702,Nurture / Mid-Market,Retail & CPG,India & Middle East,BFSI Core Modernization,Digital Inbound,Executive Engagement,4197117,93
TCS-CMP-01258,Zero Trust Enterprise - Retail,Google Search,2025-11-05,2025-11,43276,60077,2782,162,97,40,22,15,4,6309052,Emerging Tier / High-CAC,Retail & CPG,APAC & Australia,Retail Omnichannel & Supply Chain,Digital Inbound,Brand Authority & MQLs,1577263,118
TCS-CMP-01259,Life Sciences DataHub - BFSI,LinkedIn Enterprise,2026-04-04,2026-04,43530,81330,1867,161,100,58,36,28,12,23893332,Emerging Tier / High-CAC,Telecom & Media,APAC & Australia,BFSI Core Modernization,Digital Inbound,Brand Authority & MQLs,1991111,131
TCS-CMP-01260,BFSI Resiliency - Cognitive,Account-Based Email,2026-03-12,2026-03,16487,42541,2115,224,180,103,61,52,28,62408052,Emerging Tier / High-CAC,Telecom & Media,India & Middle East,Cognitive AI & Enterprise Automation,Outbound ABM,Pipeline Generation,2228859,127
TCS-CMP-01261,OmniCommerce Edge - Cyber,Industry Display & Media,2026-09-18,2026-09,46164,199744,2017,78,29,9,3,1,0,0,Enterprise High-Value,Retail & CPG,Nordics & Benelux,Cyber Defense & Risk Governance,Digital Inbound,Brand Authority & MQLs,5387110,131
TCS-CMP-01262,Cognitive Ops 2.0 - Cognitive,Tech Analyst Webinars,2025-12-20,2025-12,24177,59766,1412,104,45,20,11,6,2,2678440,Emerging Tier / High-CAC,Telecom & Media,India & Middle East,Cognitive AI & Enterprise Automation,Digital Inbound,Strategic Account Penetration,1339220,129
TCS-CMP-01263,Sustainable Tech Suite - Cognitive,Industry Display & Media,2026-09-07,2026-09,22511,158480,1333,40,18,5,2,1,0,0,Nurture / Mid-Market,Retail & CPG,India & Middle East,Cognitive AI & Enterprise Automation,Digital Inbound,Strategic Account Penetration,1695904,51
TCS-CMP-01264,Q1 Cloud Scale - Healthcare,Account-Based Email,2026-05-12,2026-05,16927,36897,1907,156,107,61,47,33,10,47751610,Strategic Growth Accounts,Energy & Utilities,Nordics & Benelux,Healthcare & Life Sciences Digital Labs,Outbound ABM,Pipeline Generation,4775161,70
TCS-CMP-01265,Q1 Cloud Scale - Retail,Industry Display & Media,2026-04-24,2026-04,43013,326321,2912,99,50,14,5,2,1,2281585,Nurture / Mid-Market,Manufacturing & Auto,North America,Retail Omnichannel & Supply Chain,Digital Inbound,Brand Authority & MQLs,2281585,75
TCS-CMP-01266,GenAI Catalyst - Cyber,Google Search,2026-03-17,2026-03,58906,105260,3283,289,143,52,27,19,5,30050690,Enterprise High-Value,Banking & Capital Markets,APAC & Australia,Cyber Defense & Risk Governance,Digital Inbound,Brand Authority & MQLs,6010138,130
TCS-CMP-01267,OmniCommerce Edge - Cyber,LinkedIn Enterprise,2026-08-12,2026-08,51666,106861,2527,221,126,69,44,32,9,80702487,Enterprise High-Value,Manufacturing & Auto,India & Middle East,Cyber Defense & Risk Governance,Digital Inbound,Strategic Account Penetration,8966943,168
TCS-CMP-01268,Global Horizon - BFSI,LinkedIn Enterprise,2026-07-16,2026-07,23972,67359,1873,209,150,89,51,43,17,164796317,Enterprise High-Value,Energy & Utilities,APAC & Australia,BFSI Core Modernization,Digital Inbound,Pipeline Generation,9693901,163
TCS-CMP-01269,Life Sciences DataHub - Retail,Google Search,2025-12-18,2025-12,60511,83517,2605,230,133,52,26,16,5,13599400,Nurture / Mid-Market,Telecom & Media,Nordics & Benelux,Retail Omnichannel & Supply Chain,Digital Inbound,Brand Authority & MQLs,2719880,133
TCS-CMP-01270,Zero Trust Enterprise - Cognitive,Tech Analyst Webinars,2026-05-01,2026-05,18406,47893,1281,99,50,24,13,8,2,7018586,Strategic Growth Accounts,Healthcare & Life Sciences,North America,Cognitive AI & Enterprise Automation,Digital Inbound,Strategic Account Penetration,3509293,75
TCS-CMP-01271,NextGen CX - Cyber,Tech Analyst Webinars,2025-12-07,2025-12,20545,48306,977,64,32,11,6,4,1,3908256,Strategic Growth Accounts,Healthcare & Life Sciences,India & Middle East,Cyber Defense & Risk Governance,Digital Inbound,Brand Authority & MQLs,3908256,134
TCS-CMP-01272,Q1 Cloud Scale - Cloud,Account-Based Email,2026-05-05,2026-05,23569,58934,2419,256,209,118,90,56,21,78527841,Nurture / Mid-Market,Banking & Capital Markets,North America,Cloud & Infrastructure Transformation,Outbound ABM,Strategic Account Penetration,3739421,108
TCS-CMP-01273,Cognitive Ops 2.0 - Cyber,LinkedIn Enterprise,2026-05-02,2026-05,56853,138166,3144,326,182,80,51,32,11,65381657,Strategic Growth Accounts,Energy & Utilities,Nordics & Benelux,Cyber Defense & Risk Governance,Digital Inbound,Pipeline Generation,5943787,107
TCS-CMP-01274,Cognitive Ops 2.0 - Retail,Account-Based Email,2026-08-21,2026-08,9353,18840,887,89,56,25,16,11,3,18504945,Strategic Growth Accounts,Retail & CPG,APAC & Australia,Retail Omnichannel & Supply Chain,Outbound ABM,Executive Engagement,6168315,78
TCS-CMP-01275,BFSI Resiliency - Retail,Tech Analyst Webinars,2026-07-07,2026-07,18176,49834,1235,75,42,18,9,6,1,2718949,Nurture / Mid-Market,Manufacturing & Auto,India & Middle East,Retail Omnichannel & Supply Chain,Digital Inbound,Executive Engagement,2718949,94
TCS-CMP-01276,SAP S/4 Hana Accelerated - Cloud,LinkedIn Enterprise,2026-01-14,2026-01,48934,76847,2142,213,136,71,37,30,15,30745695,Emerging Tier / High-CAC,Healthcare & Life Sciences,India & Middle East,Cloud & Infrastructure Transformation,Digital Inbound,Brand Authority & MQLs,2049713,75
TCS-CMP-01277,Global Horizon - Cloud,Google Search,2026-09-19,2026-09,45259,116891,5416,327,166,73,47,29,7,15548232,Nurture / Mid-Market,Energy & Utilities,APAC & Australia,Cloud & Infrastructure Transformation,Digital Inbound,Pipeline Generation,2221176,69
TCS-CMP-01278,NextGen CX - BFSI,LinkedIn Enterprise,2026-06-19,2026-06,52083,118919,2673,242,179,94,59,35,12,79805028,Strategic Growth Accounts,Retail & CPG,Europe & UK,BFSI Core Modernization,Digital Inbound,Executive Engagement,6650419,97
TCS-CMP-01279,NextGen CX - BFSI,Tech Analyst Webinars,2026-09-03,2026-09,36183,60859,1264,66,31,14,6,4,1,2105696,Nurture / Mid-Market,Retail & CPG,India & Middle East,BFSI Core Modernization,Digital Inbound,Brand Authority & MQLs,2105696,84
TCS-CMP-01280,Life Sciences DataHub - Retail,Industry Display & Media,2026-03-13,2026-03,28363,137126,1274,46,21,6,2,1,0,0,Strategic Growth Accounts,Telecom & Media,Nordics & Benelux,Retail Omnichannel & Supply Chain,Digital Inbound,Strategic Account Penetration,2705865,124
TCS-CMP-01281,Zero Trust Enterprise - Cyber,Account-Based Email,2026-01-18,2026-01,14986,30449,1437,132,78,39,28,23,8,68315248,Enterprise High-Value,Banking & Capital Markets,India & Middle East,Cyber Defense & Risk Governance,Outbound ABM,Pipeline Generation,8539406,144
TCS-CMP-01282,SAP S/4 Hana Accelerated - Retail,Industry Display & Media,2026-07-21,2026-07,45299,233441,1779,77,29,7,3,2,0,0,Nurture / Mid-Market,Banking & Capital Markets,Nordics & Benelux,Retail Omnichannel & Supply Chain,Digital Inbound,Brand Authority & MQLs,1740293,83
TCS-CMP-01283,BFSI Resiliency - Healthcare,Industry Display & Media,2026-01-02,2026-01,32699,167174,1207,38,17,5,2,1,0,0,Nurture / Mid-Market,Retail & CPG,Europe & UK,Healthcare & Life Sciences Digital Labs,Digital Inbound,Executive Engagement,1966954,70
TCS-CMP-01284,Cognitive Ops 2.0 - Cloud,Google Search,2025-10-14,2025-10,35134,58283,2126,185,119,47,22,12,3,3746592,Emerging Tier / High-CAC,Retail & CPG,India & Middle East,Cloud & Infrastructure Transformation,Digital Inbound,Executive Engagement,1248864,56
TCS-CMP-01285,BFSI Resiliency - Retail,Industry Display & Media,2026-03-10,2026-03,23874,126889,1212,34,16,4,2,1,0,0,Enterprise High-Value,Retail & CPG,Nordics & Benelux,Retail Omnichannel & Supply Chain,Digital Inbound,Executive Engagement,5491531,87
TCS-CMP-01286,Q1 Cloud Scale - Healthcare,Executive Events & Roundtables,2025-11-17,2025-11,129292,118438,1712,165,103,35,13,8,2,5821098,Emerging Tier / High-CAC,Retail & CPG,APAC & Australia,Healthcare & Life Sciences Digital Labs,Experiential,Brand Authority & MQLs,2910549,46
TCS-CMP-01287,Zero Trust Enterprise - Cloud,LinkedIn Enterprise,2025-10-09,2025-10,39013,54324,1510,108,75,37,20,15,4,46393092,Enterprise High-Value,Banking & Capital Markets,Europe & UK,Cloud & Infrastructure Transformation,Digital Inbound,Executive Engagement,11598273,94
TCS-CMP-01288,GenAI Catalyst - Retail,Google Search,2026-06-05,2026-06,72442,121814,5157,325,200,76,41,22,8,39393040,Strategic Growth Accounts,Retail & CPG,APAC & Australia,Retail Omnichannel & Supply Chain,Digital Inbound,Strategic Account Penetration,4924130,112
TCS-CMP-01289,Cognitive Ops 2.0 - Healthcare,Google Search,2025-11-18,2025-11,38372,65414,2460,196,99,38,21,14,5,11256965,Nurture / Mid-Market,Energy & Utilities,APAC & Australia,Healthcare & Life Sciences Digital Labs,Digital Inbound,Brand Authority & MQLs,2251393,87
TCS-CMP-01290,CyberShield 360 - BFSI,Google Search,2026-01-07,2026-01,24210,43055,1893,157,91,37,18,14,3,17873295,Enterprise High-Value,Manufacturing & Auto,APAC & Australia,BFSI Core Modernization,Digital Inbound,Pipeline Generation,5957765,177
TCS-CMP-01291,GenAI Catalyst - Cloud,LinkedIn Enterprise,2025-12-03,2025-12,62481,88039,2296,217,154,80,59,48,21,215688186,Enterprise High-Value,Healthcare & Life Sciences,APAC & Australia,Cloud & Infrastructure Transformation,Digital Inbound,Executive Engagement,10270866,98
TCS-CMP-01292,Life Sciences DataHub - Cloud,Account-Based Email,2026-01-07,2026-01,21355,36482,1585,144,86,49,37,31,10,16551220,Emerging Tier / High-CAC,Energy & Utilities,Europe & UK,Cloud & Infrastructure Transformation,Outbound ABM,Pipeline Generation,1655122,53
TCS-CMP-01293,Zero Trust Enterprise - Cyber,Account-Based Email,2026-06-17,2026-06,18492,27474,1253,88,50,31,20,15,6,13358862,Emerging Tier / High-CAC,Retail & CPG,Nordics & Benelux,Cyber Defense & Risk Governance,Outbound ABM,Executive Engagement,2226477,116
TCS-CMP-01294,Life Sciences DataHub - Cyber,Industry Display & Media,2026-04-05,2026-04,32827,227073,2026,73,35,11,5,2,0,0,Enterprise High-Value,Telecom & Media,Europe & UK,Cyber Defense & Risk Governance,Digital Inbound,Strategic Account Penetration,5827342,116
TCS-CMP-01295,Global Horizon - Cognitive,Google Search,2026-09-25,2026-09,39623,125734,3889,264,171,89,56,43,18,29389212,Emerging Tier / High-CAC,Manufacturing & Auto,Nordics & Benelux,Cognitive AI & Enterprise Automation,Digital Inbound,Executive Engagement,1632734,88
TCS-CMP-01296,GenAI Catalyst - Retail,Executive Events & Roundtables,2026-02-27,2026-02,92572,76076,1226,118,74,23,11,6,2,14258942,Nurture / Mid-Market,Telecom & Media,North America,Retail Omnichannel & Supply Chain,Experiential,Brand Authority & MQLs,7129471,66
TCS-CMP-01297,CyberShield 360 - Retail,Tech Analyst Webinars,2026-05-09,2026-05,32275,70454,1379,101,47,16,8,5,1,6856520,Enterprise High-Value,Telecom & Media,APAC & Australia,Retail Omnichannel & Supply Chain,Digital Inbound,Executive Engagement,6856520,96
TCS-CMP-01298,SAP S/4 Hana Accelerated - Healthcare,Tech Analyst Webinars,2026-04-21,2026-04,25661,70694,1472,94,50,18,10,6,2,5023092,Nurture / Mid-Market,Banking & Capital Markets,India & Middle East,Healthcare & Life Sciences Digital Labs,Digital Inbound,Pipeline Generation,2511546,76
TCS-CMP-01299,SAP S/4 Hana Accelerated - Retail,Tech Analyst Webinars,2025-10-02,2025-10,39007,61292,1149,64,32,12,7,5,1,3363562,Strategic Growth Accounts,Manufacturing & Auto,India & Middle East,Retail Omnichannel & Supply Chain,Digital Inbound,Strategic Account Penetration,3363562,91
TCS-CMP-01300,GenAI Catalyst - Cloud,LinkedIn Enterprise,2025-12-23,2025-12,27685,48004,1367,116,63,27,15,10,3,10126536,Nurture / Mid-Market,Healthcare & Life Sciences,Nordics & Benelux,Cloud & Infrastructure Transformation,Digital Inbound,Executive Engagement,3375512,98
TCS-CMP-01301,Cognitive Ops 2.0 - Retail,Tech Analyst Webinars,2026-05-08,2026-05,38769,90823,2329,130,69,31,15,10,2,4734054,Nurture / Mid-Market,Energy & Utilities,Europe & UK,Retail Omnichannel & Supply Chain,Digital Inbound,Pipeline Generation,2367027,126
TCS-CMP-01302,Life Sciences DataHub - Cognitive,Google Search,2026-02-14,2026-02,36759,51218,2252,198,97,38,21,15,5,6202455,Emerging Tier / High-CAC,Banking & Capital Markets,APAC & Australia,Cognitive AI & Enterprise Automation,Digital Inbound,Brand Authority & MQLs,1240491,114
TCS-CMP-01303,SAP S/4 Hana Accelerated - Cognitive,Industry Display & Media,2026-06-21,2026-06,18994,143849,1160,38,13,4,2,1,0,0,Nurture / Mid-Market,Banking & Capital Markets,North America,Cognitive AI & Enterprise Automation,Digital Inbound,Strategic Account Penetration,1722308,80
TCS-CMP-01304,Sustainable Tech Suite - Cloud,Google Search,2026-06-01,2026-06,32294,99444,3806,246,153,76,49,31,7,9969078,Emerging Tier / High-CAC,Healthcare & Life Sciences,India & Middle East,Cloud & Infrastructure Transformation,Digital Inbound,Brand Authority & MQLs,1424154,99
TCS-CMP-01305,GenAI Catalyst - BFSI,Tech Analyst Webinars,2026-09-14,2026-09,36179,60491,1327,75,32,11,5,3,1,2550470,Nurture / Mid-Market,Banking & Capital Markets,Nordics & Benelux,BFSI Core Modernization,Digital Inbound,Brand Authority & MQLs,2550470,77
TCS-CMP-01306,Sustainable Tech Suite - Cyber,LinkedIn Enterprise,2026-06-07,2026-06,62206,165967,3896,342,259,140,103,66,28,270478684,Enterprise High-Value,Banking & Capital Markets,APAC & Australia,Cyber Defense & Risk Governance,Digital Inbound,Brand Authority & MQLs,9659953,65
TCS-CMP-01307,Global Horizon - Healthcare,Industry Display & Media,2026-06-16,2026-06,43907,195972,1627,58,28,9,3,2,0,0,Emerging Tier / High-CAC,Retail & CPG,APAC & Australia,Healthcare & Life Sciences Digital Labs,Digital Inbound,Executive Engagement,963521,85
TCS-CMP-01308,BFSI Resiliency - Retail,Account-Based Email,2026-02-11,2026-02,17559,39981,1412,110,68,44,28,24,8,27941600,Nurture / Mid-Market,Manufacturing & Auto,APAC & Australia,Retail Omnichannel & Supply Chain,Outbound ABM,Strategic Account Penetration,3492700,84
TCS-CMP-01309,BFSI Resiliency - Cognitive,Google Search,2026-09-15,2026-09,66679,136262,4502,405,241,122,71,48,15,22279425,Emerging Tier / High-CAC,Retail & CPG,Europe & UK,Cognitive AI & Enterprise Automation,Digital Inbound,Pipeline Generation,1485295,60
TCS-CMP-01310,Cognitive Ops 2.0 - Healthcare,Tech Analyst Webinars,2026-08-08,2026-08,17044,35800,640,36,16,7,3,2,1,2616522,Nurture / Mid-Market,Manufacturing & Auto,North America,Healthcare & Life Sciences Digital Labs,Digital Inbound,Pipeline Generation,2616522,71
TCS-CMP-01311,Global Horizon - Cognitive,LinkedIn Enterprise,2025-10-23,2025-10,24274,29959,677,75,50,29,18,15,4,24277760,Strategic Growth Accounts,Energy & Utilities,Europe & UK,Cognitive AI & Enterprise Automation,Digital Inbound,Brand Authority & MQLs,6069440,118
TCS-CMP-01312,BFSI Resiliency - Cloud,Google Search,2026-04-04,2026-04,30737,53476,2500,188,121,58,29,18,5,7180825,Emerging Tier / High-CAC,Energy & Utilities,Europe & UK,Cloud & Infrastructure Transformation,Digital Inbound,Pipeline Generation,1436165,59
TCS-CMP-01313,Zero Trust Enterprise - Retail,Google Search,2025-10-09,2025-10,48797,83924,3348,189,120,54,34,23,9,56060658,Enterprise High-Value,Healthcare & Life Sciences,Europe & UK,Retail Omnichannel & Supply Chain,Digital Inbound,Brand Authority & MQLs,6228962,162
TCS-CMP-01314,NextGen CX - BFSI,Executive Events & Roundtables,2026-07-15,2026-07,100101,95468,1268,158,120,42,18,11,2,21070888,Strategic Growth Accounts,Healthcare & Life Sciences,Europe & UK,BFSI Core Modernization,Experiential,Strategic Account Penetration,10535444,75
TCS-CMP-01315,Cognitive Ops 2.0 - Cyber,Google Search,2026-06-14,2026-06,39952,139603,5723,446,286,130,82,48,14,30492182,Nurture / Mid-Market,Banking & Capital Markets,Europe & UK,Cyber Defense & Risk Governance,Digital Inbound,Executive Engagement,2178013,49
TCS-CMP-01316,CyberShield 360 - Healthcare,Executive Events & Roundtables,2025-10-08,2025-10,55609,50289,939,132,107,38,16,10,3,10605594,Emerging Tier / High-CAC,Banking & Capital Markets,APAC & Australia,Healthcare & Life Sciences Digital Labs,Experiential,Pipeline Generation,3535198,123
TCS-CMP-01317,Life Sciences DataHub - Retail,Executive Events & Roundtables,2026-05-22,2026-05,118252,93915,1583,217,166,47,22,11,4,74087332,Enterprise High-Value,Healthcare & Life Sciences,Nordics & Benelux,Retail Omnichannel & Supply Chain,Experiential,Strategic Account Penetration,18521833,150
TCS-CMP-01318,GenAI Catalyst - Cloud,Account-Based Email,2025-12-08,2025-12,16461,21246,1031,90,53,33,18,16,7,42217455,Strategic Growth Accounts,Manufacturing & Auto,Nordics & Benelux,Cloud & Infrastructure Transformation,Outbound ABM,Pipeline Generation,6031065,90
TCS-CMP-01319,BFSI Resiliency - Retail,Google Search,2026-05-02,2026-05,69417,160428,4924,349,211,74,45,30,10,21854730,Nurture / Mid-Market,Energy & Utilities,APAC & Australia,Retail Omnichannel & Supply Chain,Digital Inbound,Pipeline Generation,2185473,132
TCS-CMP-01320,Zero Trust Enterprise - Healthcare,LinkedIn Enterprise,2026-09-24,2026-09,31776,74921,1909,135,100,50,35,29,13,56379687,Nurture / Mid-Market,Telecom & Media,APAC & Australia,Healthcare & Life Sciences Digital Labs,Digital Inbound,Strategic Account Penetration,4336899,94
TCS-CMP-01321,Life Sciences DataHub - BFSI,LinkedIn Enterprise,2026-03-23,2026-03,39472,70073,1508,147,112,51,28,22,9,16607781,Emerging Tier / High-CAC,Manufacturing & Auto,Europe & UK,BFSI Core Modernization,Digital Inbound,Pipeline Generation,1845309,60
TCS-CMP-01322,SAP S/4 Hana Accelerated - Cyber,Executive Events & Roundtables,2026-02-21,2026-02,55930,48831,774,104,64,21,10,6,2,7334134,Emerging Tier / High-CAC,Energy & Utilities,North America,Cyber Defense & Risk Governance,Experiential,Pipeline Generation,3667067,129
TCS-CMP-01323,Q1 Cloud Scale - Cognitive,Industry Display & Media,2026-06-13,2026-06,18601,142481,1457,50,23,6,2,1,0,0,Strategic Growth Accounts,Banking & Capital Markets,APAC & Australia,Cognitive AI & Enterprise Automation,Digital Inbound,Brand Authority & MQLs,3404600,108
TCS-CMP-01324,Life Sciences DataHub - Healthcare,LinkedIn Enterprise,2025-11-07,2025-11,53354,87097,1896,178,130,58,39,30,8,28828104,Nurture / Mid-Market,Retail & CPG,Nordics & Benelux,Healthcare & Life Sciences Digital Labs,Digital Inbound,Brand Authority & MQLs,3603513,123
TCS-CMP-01325,NextGen CX - Retail,Industry Display & Media,2026-09-07,2026-09,42494,199049,1982,61,25,7,3,2,0,0,Strategic Growth Accounts,Retail & CPG,Europe & UK,Retail Omnichannel & Supply Chain,Digital Inbound,Strategic Account Penetration,2744724,60
TCS-CMP-01326,Q1 Cloud Scale - Cognitive,Industry Display & Media,2026-08-10,2026-08,48752,233260,2000,85,36,12,4,2,0,0,Enterprise High-Value,Banking & Capital Markets,India & Middle East,Cognitive AI & Enterprise Automation,Digital Inbound,Brand Authority & MQLs,5100722,189
TCS-CMP-01327,OmniCommerce Edge - BFSI,Google Search,2025-10-01,2025-10,54758,97763,3778,215,132,51,33,21,6,35684772,Enterprise High-Value,Energy & Utilities,APAC & Australia,BFSI Core Modernization,Digital Inbound,Brand Authority & MQLs,5947462,91
TCS-CMP-01328,CyberShield 360 - BFSI,Industry Display & Media,2026-05-24,2026-05,15283,88536,907,33,13,4,1,0,0,0,Enterprise High-Value,Healthcare & Life Sciences,India & Middle East,BFSI Core Modernization,Digital Inbound,Strategic Account Penetration,5327375,100
TCS-CMP-01329,CyberShield 360 - Retail,Executive Events & Roundtables,2026-03-26,2026-03,120749,147514,1999,233,151,60,22,12,4,23486736,Nurture / Mid-Market,Energy & Utilities,Europe & UK,Retail Omnichannel & Supply Chain,Experiential,Brand Authority & MQLs,5871684,141
TCS-CMP-01330,CyberShield 360 - Cloud,LinkedIn Enterprise,2025-11-09,2025-11,34077,65383,1716,133,97,56,38,27,9,78269895,Enterprise High-Value,Telecom & Media,APAC & Australia,Cloud & Infrastructure Transformation,Digital Inbound,Executive Engagement,8696655,97
TCS-CMP-01331,Zero Trust Enterprise - Cognitive,LinkedIn Enterprise,2025-12-06,2025-12,49586,69079,2173,203,118,65,48,37,16,107921552,Strategic Growth Accounts,Banking & Capital Markets,Europe & UK,Cognitive AI & Enterprise Automation,Digital Inbound,Executive Engagement,6745097,126
TCS-CMP-01332,Cognitive Ops 2.0 - Retail,Tech Analyst Webinars,2025-10-08,2025-10,35146,77859,1597,84,50,21,11,7,2,5008666,Nurture / Mid-Market,Energy & Utilities,Europe & UK,Retail Omnichannel & Supply Chain,Digital Inbound,Pipeline Generation,2504333,93
TCS-CMP-01333,OmniCommerce Edge - Cyber,Industry Display & Media,2026-08-28,2026-08,37742,292029,3077,110,54,18,8,3,1,3370922,Strategic Growth Accounts,Banking & Capital Markets,North America,Cyber Defense & Risk Governance,Digital Inbound,Executive Engagement,3370922,120
TCS-CMP-01334,Life Sciences DataHub - Retail,Executive Events & Roundtables,2026-03-06,2026-03,52088,71991,1344,189,110,45,22,14,5,48996295,Strategic Growth Accounts,Retail & CPG,North America,Retail Omnichannel & Supply Chain,Experiential,Strategic Account Penetration,9799259,103
TCS-CMP-01335,Life Sciences DataHub - Cloud,Industry Display & Media,2025-12-14,2025-12,23005,162061,1604,66,31,9,4,2,0,0,Strategic Growth Accounts,Telecom & Media,India & Middle East,Cloud & Infrastructure Transformation,Digital Inbound,Strategic Account Penetration,3672908,82
TCS-CMP-01336,GenAI Catalyst - BFSI,Google Search,2026-06-09,2026-06,54364,81989,3798,226,154,76,49,31,12,49322604,Strategic Growth Accounts,Telecom & Media,Nordics & Benelux,BFSI Core Modernization,Digital Inbound,Strategic Account Penetration,4110217,73
TCS-CMP-01337,Global Horizon - Healthcare,Industry Display & Media,2026-02-18,2026-02,34373,186989,1540,62,26,8,3,2,1,3033569,Strategic Growth Accounts,Manufacturing & Auto,Europe & UK,Healthcare & Life Sciences Digital Labs,Digital Inbound,Strategic Account Penetration,3033569,138
TCS-CMP-01338,Q1 Cloud Scale - Healthcare,Industry Display & Media,2026-07-27,2026-07,27752,185598,1556,41,15,4,1,0,0,0,Strategic Growth Accounts,Banking & Capital Markets,Nordics & Benelux,Healthcare & Life Sciences Digital Labs,Digital Inbound,Pipeline Generation,3042348,52
TCS-CMP-01339,BFSI Resiliency - Healthcare,Executive Events & Roundtables,2026-08-08,2026-08,53596,36473,556,69,53,20,8,4,1,15908830,Enterprise High-Value,Banking & Capital Markets,North America,Healthcare & Life Sciences Digital Labs,Experiential,Executive Engagement,15908830,173
TCS-CMP-01340,Life Sciences DataHub - Retail,Account-Based Email,2026-02-17,2026-02,23935,36220,1270,97,73,42,27,20,10,35668410,Nurture / Mid-Market,Energy & Utilities,North America,Retail Omnichannel & Supply Chain,Outbound ABM,Pipeline Generation,3566841,119
TCS-CMP-01341,OmniCommerce Edge - BFSI,Account-Based Email,2025-11-26,2025-11,9594,18417,729,67,49,30,20,16,6,37908492,Strategic Growth Accounts,Telecom & Media,Europe & UK,BFSI Core Modernization,Outbound ABM,Strategic Account Penetration,6318082,120
TCS-CMP-01342,Sustainable Tech Suite - Retail,Industry Display & Media,2026-08-23,2026-08,16570,84551,679,21,10,3,1,0,0,0,Strategic Growth Accounts,Healthcare & Life Sciences,APAC & Australia,Retail Omnichannel & Supply Chain,Digital Inbound,Brand Authority & MQLs,3418315,105
TCS-CMP-01343,Global Horizon - BFSI,Account-Based Email,2026-02-06,2026-02,23578,62501,2869,223,137,85,53,44,16,137445872,Enterprise High-Value,Banking & Capital Markets,APAC & Australia,BFSI Core Modernization,Outbound ABM,Brand Authority & MQLs,8590367,168
TCS-CMP-01344,NextGen CX - BFSI,Executive Events & Roundtables,2026-06-18,2026-06,103413,103045,1436,135,86,28,11,6,1,9446984,Strategic Growth Accounts,Banking & Capital Markets,Nordics & Benelux,BFSI Core Modernization,Experiential,Executive Engagement,9446984,142
TCS-CMP-01345,NextGen CX - BFSI,Tech Analyst Webinars,2025-11-09,2025-11,26001,95813,2404,174,108,45,25,18,5,11777990,Nurture / Mid-Market,Telecom & Media,India & Middle East,BFSI Core Modernization,Digital Inbound,Pipeline Generation,2355598,128
TCS-CMP-01346,Global Horizon - Cloud,Tech Analyst Webinars,2025-11-04,2025-11,36642,76194,1990,122,72,32,17,11,4,5352228,Emerging Tier / High-CAC,Healthcare & Life Sciences,India & Middle East,Cloud & Infrastructure Transformation,Digital Inbound,Strategic Account Penetration,1338057,51
TCS-CMP-01347,NextGen CX - Healthcare,Account-Based Email,2026-06-21,2026-06,22684,57656,2109,191,138,78,50,41,17,154156323,Enterprise High-Value,Energy & Utilities,Europe & UK,Healthcare & Life Sciences Digital Labs,Outbound ABM,Executive Engagement,9068019,134
TCS-CMP-01348,NextGen CX - Healthcare,Industry Display & Media,2025-12-16,2025-12,42046,208124,2114,70,24,7,3,1,0,0,Strategic Growth Accounts,Retail & CPG,APAC & Australia,Healthcare & Life Sciences Digital Labs,Digital Inbound,Strategic Account Penetration,2796940,142
TCS-CMP-01349,GenAI Catalyst - Cognitive,Executive Events & Roundtables,2026-05-15,2026-05,135113,93974,1629,175,121,39,16,8,2,7994674,Emerging Tier / High-CAC,Healthcare & Life Sciences,Europe & UK,Cognitive AI & Enterprise Automation,Experiential,Brand Authority & MQLs,3997337,91
TCS-CMP-01350,OmniCommerce Edge - Cognitive,LinkedIn Enterprise,2025-11-14,2025-11,21824,54638,1247,94,70,44,28,20,9,22301334,Emerging Tier / High-CAC,Retail & CPG,India & Middle East,Cognitive AI & Enterprise Automation,Digital Inbound,Executive Engagement,2477926,82
TCS-CMP-01351,Sustainable Tech Suite - Cyber,LinkedIn Enterprise,2025-12-09,2025-12,60786,92101,2980,308,236,136,72,45,18,156685410,Enterprise High-Value,Healthcare & Life Sciences,Europe & UK,Cyber Defense & Risk Governance,Digital Inbound,Brand Authority & MQLs,8704745,117
TCS-CMP-01352,SAP S/4 Hana Accelerated - Retail,Executive Events & Roundtables,2025-12-12,2025-12,67736,48127,823,91,76,25,12,7,2,7209632,Emerging Tier / High-CAC,Retail & CPG,India & Middle East,Retail Omnichannel & Supply Chain,Experiential,Strategic Account Penetration,3604816,96
TCS-CMP-01353,SAP S/4 Hana Accelerated - Healthcare,Account-Based Email,2026-04-20,2026-04,19881,35252,1281,117,70,32,22,17,7,65257304,Enterprise High-Value,Retail & CPG,APAC & Australia,Healthcare & Life Sciences Digital Labs,Outbound ABM,Strategic Account Penetration,9322472,65
TCS-CMP-01354,Zero Trust Enterprise - Retail,Account-Based Email,2026-04-23,2026-04,14102,24969,1265,90,65,37,26,19,10,63937770,Strategic Growth Accounts,Healthcare & Life Sciences,Europe & UK,Retail Omnichannel & Supply Chain,Outbound ABM,Strategic Account Penetration,6393777,53
TCS-CMP-01355,SAP S/4 Hana Accelerated - BFSI,LinkedIn Enterprise,2026-06-23,2026-06,44353,95370,2834,239,183,100,64,53,20,48031660,Emerging Tier / High-CAC,Banking & Capital Markets,Europe & UK,BFSI Core Modernization,Digital Inbound,Brand Authority & MQLs,2401583,103
TCS-CMP-01356,SAP S/4 Hana Accelerated - Cyber,Account-Based Email,2026-02-16,2026-02,15815,25329,954,97,61,38,21,14,5,27951530,Strategic Growth Accounts,Telecom & Media,Europe & UK,Cyber Defense & Risk Governance,Outbound ABM,Brand Authority & MQLs,5590306,82
TCS-CMP-01357,Sustainable Tech Suite - Cyber,Executive Events & Roundtables,2026-08-26,2026-08,135575,153562,2117,315,218,88,32,17,4,15858616,Emerging Tier / High-CAC,Banking & Capital Markets,North America,Cyber Defense & Risk Governance,Experiential,Strategic Account Penetration,3964654,132
TCS-CMP-01358,Life Sciences DataHub - Cloud,Google Search,2025-12-18,2025-12,29865,60817,2509,146,68,28,17,12,5,11813890,Nurture / Mid-Market,Retail & CPG,North America,Cloud & Infrastructure Transformation,Digital Inbound,Pipeline Generation,2362778,121
TCS-CMP-01359,Life Sciences DataHub - BFSI,Account-Based Email,2025-12-14,2025-12,26090,36415,1500,121,77,45,30,24,9,35194743,Nurture / Mid-Market,Healthcare & Life Sciences,Nordics & Benelux,BFSI Core Modernization,Outbound ABM,Strategic Account Penetration,3910527,114
TCS-CMP-01360,Global Horizon - Healthcare,Tech Analyst Webinars,2026-02-21,2026-02,28442,48350,956,76,34,12,6,4,1,4339905,Strategic Growth Accounts,Banking & Capital Markets,Europe & UK,Healthcare & Life Sciences Digital Labs,Digital Inbound,Pipeline Generation,4339905,66
TCS-CMP-01361,Sustainable Tech Suite - Healthcare,LinkedIn Enterprise,2026-01-17,2026-01,39794,76524,1992,193,102,55,39,31,9,79431669,Enterprise High-Value,Energy & Utilities,APAC & Australia,Healthcare & Life Sciences Digital Labs,Digital Inbound,Executive Engagement,8825741,146
TCS-CMP-01362,BFSI Resiliency - Cloud,Google Search,2025-10-24,2025-10,39980,114884,5441,336,191,81,49,38,9,33752106,Strategic Growth Accounts,Banking & Capital Markets,Nordics & Benelux,Cloud & Infrastructure Transformation,Digital Inbound,Executive Engagement,3750234,92
TCS-CMP-01363,BFSI Resiliency - Cyber,Account-Based Email,2026-07-09,2026-07,11489,22240,755,77,48,24,18,13,5,10584750,Emerging Tier / High-CAC,Energy & Utilities,North America,Cyber Defense & Risk Governance,Outbound ABM,Executive Engagement,2116950,125
TCS-CMP-01364,Sustainable Tech Suite - Cloud,Account-Based Email,2025-10-01,2025-10,16879,48858,2420,162,94,57,37,33,16,74262336,Strategic Growth Accounts,Manufacturing & Auto,Europe & UK,Cloud & Infrastructure Transformation,Outbound ABM,Brand Authority & MQLs,4641396,118
TCS-CMP-01365,CyberShield 360 - Healthcare,Google Search,2025-11-19,2025-11,27140,44588,1859,168,105,55,36,23,6,28054116,Strategic Growth Accounts,Retail & CPG,India & Middle East,Healthcare & Life Sciences Digital Labs,Digital Inbound,Pipeline Generation,4675686,107
TCS-CMP-01366,NextGen CX - Cloud,Industry Display & Media,2026-07-22,2026-07,32419,213930,2222,76,26,6,2,1,0,0,Emerging Tier / High-CAC,Manufacturing & Auto,North America,Cloud & Infrastructure Transformation,Digital Inbound,Strategic Account Penetration,959485,139
TCS-CMP-01367,BFSI Resiliency - BFSI,Tech Analyst Webinars,2026-05-05,2026-05,23955,78079,1818,135,71,30,16,9,3,3526902,Emerging Tier / High-CAC,Healthcare & Life Sciences,India & Middle East,BFSI Core Modernization,Digital Inbound,Pipeline Generation,1175634,87
TCS-CMP-01368,BFSI Resiliency - Cognitive,Tech Analyst Webinars,2026-07-15,2026-07,12458,18607,463,27,12,4,2,1,0,0,Strategic Growth Accounts,Banking & Capital Markets,Nordics & Benelux,Cognitive AI & Enterprise Automation,Digital Inbound,Brand Authority & MQLs,4461226,144
TCS-CMP-01369,Q1 Cloud Scale - Healthcare,Tech Analyst Webinars,2026-02-23,2026-02,15106,40093,935,65,30,12,6,4,1,2450922,Nurture / Mid-Market,Healthcare & Life Sciences,Europe & UK,Healthcare & Life Sciences Digital Labs,Digital Inbound,Brand Authority & MQLs,2450922,100
TCS-CMP-01370,NextGen CX - Healthcare,Tech Analyst Webinars,2026-05-22,2026-05,41243,62873,1299,65,28,13,6,4,1,1139546,Emerging Tier / High-CAC,Banking & Capital Markets,Europe & UK,Healthcare & Life Sciences Digital Labs,Digital Inbound,Pipeline Generation,1139546,101
TCS-CMP-01371,NextGen CX - Retail,Tech Analyst Webinars,2025-12-06,2025-12,15624,36823,913,70,32,15,8,6,1,2209132,Nurture / Mid-Market,Healthcare & Life Sciences,Nordics & Benelux,Retail Omnichannel & Supply Chain,Digital Inbound,Brand Authority & MQLs,2209132,126
TCS-CMP-01372,Global Horizon - BFSI,LinkedIn Enterprise,2026-02-18,2026-02,49399,98086,3019,282,196,114,63,48,18,109296054,Strategic Growth Accounts,Healthcare & Life Sciences,Europe & UK,BFSI Core Modernization,Digital Inbound,Executive Engagement,6072003,72
TCS-CMP-01373,Zero Trust Enterprise - Cyber,Tech Analyst Webinars,2025-11-24,2025-11,23431,38738,834,48,29,13,6,4,1,5722003,Enterprise High-Value,Banking & Capital Markets,North America,Cyber Defense & Risk Governance,Digital Inbound,Brand Authority & MQLs,5722003,74
TCS-CMP-01374,GenAI Catalyst - Cyber,Google Search,2026-08-02,2026-08,29737,48429,2105,170,98,40,21,11,3,9039945,Nurture / Mid-Market,Manufacturing & Auto,North America,Cyber Defense & Risk Governance,Digital Inbound,Executive Engagement,3013315,73
TCS-CMP-01375,Global Horizon - Cyber,LinkedIn Enterprise,2026-04-21,2026-04,32182,80606,2306,172,116,63,36,25,9,65051541,Strategic Growth Accounts,Energy & Utilities,North America,Cyber Defense & Risk Governance,Digital Inbound,Brand Authority & MQLs,7227949,62
TCS-CMP-01376,Global Horizon - Cloud,Executive Events & Roundtables,2025-11-25,2025-11,109695,75170,1175,159,106,32,14,9,2,6534480,Emerging Tier / High-CAC,Telecom & Media,APAC & Australia,Cloud & Infrastructure Transformation,Experiential,Executive Engagement,3267240,80
TCS-CMP-01377,CyberShield 360 - Healthcare,Google Search,2025-12-09,2025-12,32365,75823,3210,299,167,60,36,21,8,12411208,Emerging Tier / High-CAC,Telecom & Media,India & Middle East,Healthcare & Life Sciences Digital Labs,Digital Inbound,Strategic Account Penetration,1551401,115
TCS-CMP-01378,Global Horizon - Cloud,Executive Events & Roundtables,2026-09-26,2026-09,139229,148304,1963,287,172,51,19,11,4,34648036,Strategic Growth Accounts,Energy & Utilities,Nordics & Benelux,Cloud & Infrastructure Transformation,Experiential,Pipeline Generation,8662009,129
TCS-CMP-01379,OmniCommerce Edge - Cloud,Google Search,2025-11-08,2025-11,42238,77612,2869,181,94,34,21,12,5,18177670,Strategic Growth Accounts,Healthcare & Life Sciences,APAC & Australia,Cloud & Infrastructure Transformation,Digital Inbound,Brand Authority & MQLs,3635534,133
TCS-CMP-01380,Sustainable Tech Suite - Healthcare,Google Search,2026-08-05,2026-08,42776,82121,3371,274,132,59,38,23,5,24821045,Strategic Growth Accounts,Manufacturing & Auto,North America,Healthcare & Life Sciences Digital Labs,Digital Inbound,Pipeline Generation,4964209,99
TCS-CMP-01381,NextGen CX - Healthcare,Industry Display & Media,2026-06-02,2026-06,28178,188972,1467,51,17,5,2,1,0,0,Strategic Growth Accounts,Healthcare & Life Sciences,North America,Healthcare & Life Sciences Digital Labs,Digital Inbound,Brand Authority & MQLs,3513476,109
TCS-CMP-01382,Q1 Cloud Scale - Cognitive,Executive Events & Roundtables,2026-01-22,2026-01,120598,77805,1332,140,90,35,17,8,2,33562668,Enterprise High-Value,Banking & Capital Markets,APAC & Australia,Cognitive AI & Enterprise Automation,Experiential,Brand Authority & MQLs,16781334,167
TCS-CMP-01383,NextGen CX - Retail,Executive Events & Roundtables,2025-11-28,2025-11,74404,42897,736,69,44,16,6,3,1,6572260,Nurture / Mid-Market,Banking & Capital Markets,APAC & Australia,Retail Omnichannel & Supply Chain,Experiential,Executive Engagement,6572260,70
TCS-CMP-01384,SAP S/4 Hana Accelerated - Cyber,Industry Display & Media,2025-11-15,2025-11,30356,191384,1985,86,42,10,3,1,0,0,Strategic Growth Accounts,Manufacturing & Auto,Nordics & Benelux,Cyber Defense & Risk Governance,Digital Inbound,Pipeline Generation,3140021,96
TCS-CMP-01385,Q1 Cloud Scale - Retail,Google Search,2026-01-28,2026-01,62690,126769,4958,444,258,119,79,52,13,20141368,Emerging Tier / High-CAC,Manufacturing & Auto,Europe & UK,Retail Omnichannel & Supply Chain,Digital Inbound,Executive Engagement,1549336,76
TCS-CMP-01386,Sustainable Tech Suite - Cognitive,Tech Analyst Webinars,2026-01-12,2026-01,25061,46325,1004,70,39,17,7,4,1,2563422,Nurture / Mid-Market,Retail & CPG,North America,Cognitive AI & Enterprise Automation,Digital Inbound,Brand Authority & MQLs,2563422,138
TCS-CMP-01387,OmniCommerce Edge - BFSI,Google Search,2026-03-16,2026-03,41641,67863,2922,186,101,41,26,19,8,19059640,Nurture / Mid-Market,Telecom & Media,Nordics & Benelux,BFSI Core Modernization,Digital Inbound,Brand Authority & MQLs,2382455,69
TCS-CMP-01388,CyberShield 360 - Cloud,Executive Events & Roundtables,2026-06-16,2026-06,137945,107200,1758,163,134,39,20,12,2,6993228,Emerging Tier / High-CAC,Banking & Capital Markets,Europe & UK,Cloud & Infrastructure Transformation,Experiential,Brand Authority & MQLs,3496614,88
TCS-CMP-01389,Sustainable Tech Suite - Cyber,Industry Display & Media,2026-02-11,2026-02,20403,109366,914,38,13,3,1,0,0,0,Nurture / Mid-Market,Manufacturing & Auto,Nordics & Benelux,Cyber Defense & Risk Governance,Digital Inbound,Executive Engagement,1633456,143
TCS-CMP-01390,Life Sciences DataHub - Cognitive,Account-Based Email,2026-04-21,2026-04,17225,29340,1154,75,45,22,16,11,5,45446195,Enterprise High-Value,Energy & Utilities,Nordics & Benelux,Cognitive AI & Enterprise Automation,Outbound ABM,Strategic Account Penetration,9089239,66
TCS-CMP-01391,GenAI Catalyst - BFSI,LinkedIn Enterprise,2026-09-18,2026-09,33944,57879,1442,130,87,41,22,14,6,21482520,Nurture / Mid-Market,Energy & Utilities,India & Middle East,BFSI Core Modernization,Digital Inbound,Executive Engagement,3580420,96
TCS-CMP-01392,GenAI Catalyst - Cloud,LinkedIn Enterprise,2026-01-13,2026-01,22070,46910,1166,90,56,35,24,19,9,101458107,Enterprise High-Value,Manufacturing & Auto,Nordics & Benelux,Cloud & Infrastructure Transformation,Digital Inbound,Strategic Account Penetration,11273123,190
TCS-CMP-01393,Sustainable Tech Suite - Retail,LinkedIn Enterprise,2026-06-12,2026-06,45410,57663,1378,115,61,26,18,15,7,17182774,Emerging Tier / High-CAC,Manufacturing & Auto,Europe & UK,Retail Omnichannel & Supply Chain,Digital Inbound,Executive Engagement,2454682,62
TCS-CMP-01394,BFSI Resiliency - Cloud,Account-Based Email,2026-04-28,2026-04,17349,23952,1172,120,74,45,25,16,6,17665692,Nurture / Mid-Market,Manufacturing & Auto,Nordics & Benelux,Cloud & Infrastructure Transformation,Outbound ABM,Brand Authority & MQLs,2944282,81
TCS-CMP-01395,Life Sciences DataHub - BFSI,Account-Based Email,2026-08-09,2026-08,12580,35840,1857,183,128,62,46,34,15,33406605,Emerging Tier / High-CAC,Telecom & Media,Nordics & Benelux,BFSI Core Modernization,Outbound ABM,Pipeline Generation,2227107,73
TCS-CMP-01396,Life Sciences DataHub - BFSI,Tech Analyst Webinars,2025-11-11,2025-11,21865,31719,841,42,24,11,5,3,1,1392592,Emerging Tier / High-CAC,Retail & CPG,North America,BFSI Core Modernization,Digital Inbound,Executive Engagement,1392592,102
TCS-CMP-01397,Life Sciences DataHub - Cloud,Tech Analyst Webinars,2026-06-17,2026-06,35698,113729,3014,179,88,35,17,12,3,7618986,Nurture / Mid-Market,Banking & Capital Markets,Nordics & Benelux,Cloud & Infrastructure Transformation,Digital Inbound,Pipeline Generation,2539662,108
TCS-CMP-01398,OmniCommerce Edge - BFSI,Tech Analyst Webinars,2026-08-03,2026-08,40953,75711,1852,103,44,18,8,5,1,1538549,Emerging Tier / High-CAC,Banking & Capital Markets,APAC & Australia,BFSI Core Modernization,Digital Inbound,Pipeline Generation,1538549,46
TCS-CMP-01399,GenAI Catalyst - Cyber,Executive Events & Roundtables,2026-07-10,2026-07,81552,59347,914,100,71,28,13,7,2,6689316,Emerging Tier / High-CAC,Energy & Utilities,Europe & UK,Cyber Defense & Risk Governance,Experiential,Executive Engagement,3344658,63
TCS-CMP-01400,Life Sciences DataHub - Cloud,Tech Analyst Webinars,2025-11-21,2025-11,29481,51205,1400,109,60,22,10,7,2,7570838,Strategic Growth Accounts,Healthcare & Life Sciences,North America,Cloud & Infrastructure Transformation,Digital Inbound,Executive Engagement,3785419,76
TCS-CMP-01401,Cognitive Ops 2.0 - Cloud,Account-Based Email,2025-10-01,2025-10,19614,58891,2799,242,172,94,59,49,24,207456312,Enterprise High-Value,Manufacturing & Auto,India & Middle East,Cloud & Infrastructure Transformation,Outbound ABM,Strategic Account Penetration,8644013,150
TCS-CMP-01402,NextGen CX - BFSI,Industry Display & Media,2026-01-08,2026-01,40316,195622,1782,63,31,8,3,1,0,0,Strategic Growth Accounts,Energy & Utilities,India & Middle East,BFSI Core Modernization,Digital Inbound,Strategic Account Penetration,3424955,102
TCS-CMP-01403,SAP S/4 Hana Accelerated - Cyber,Google Search,2025-11-16,2025-11,61619,152273,6609,437,207,79,48,27,9,15331662,Emerging Tier / High-CAC,Telecom & Media,APAC & Australia,Cyber Defense & Risk Governance,Digital Inbound,Executive Engagement,1703518,45
TCS-CMP-01404,OmniCommerce Edge - Cognitive,Tech Analyst Webinars,2025-10-12,2025-10,20146,36640,888,70,33,15,7,4,1,1554627,Emerging Tier / High-CAC,Retail & CPG,India & Middle East,Cognitive AI & Enterprise Automation,Digital Inbound,Pipeline Generation,1554627,50
TCS-CMP-01405,Global Horizon - Cloud,Industry Display & Media,2025-12-24,2025-12,22159,87975,793,23,8,2,1,1,0,0,Strategic Growth Accounts,Energy & Utilities,Nordics & Benelux,Cloud & Infrastructure Transformation,Digital Inbound,Pipeline Generation,3572124,144
TCS-CMP-01406,Cognitive Ops 2.0 - Retail,Industry Display & Media,2026-03-24,2026-03,25860,139184,1009,40,18,5,2,1,0,0,Nurture / Mid-Market,Energy & Utilities,Europe & UK,Retail Omnichannel & Supply Chain,Digital Inbound,Executive Engagement,1753177,104
TCS-CMP-01407,Q1 Cloud Scale - BFSI,Account-Based Email,2026-06-14,2026-06,18605,27868,940,93,66,37,28,25,8,62712096,Enterprise High-Value,Healthcare & Life Sciences,North America,BFSI Core Modernization,Outbound ABM,Strategic Account Penetration,7839012,132
TCS-CMP-01408,Life Sciences DataHub - Cognitive,Account-Based Email,2026-03-27,2026-03,11254,16297,801,77,49,27,15,12,4,13637528,Nurture / Mid-Market,Telecom & Media,Europe & UK,Cognitive AI & Enterprise Automation,Outbound ABM,Strategic Account Penetration,3409382,85
TCS-CMP-01409,Cognitive Ops 2.0 - BFSI,Executive Events & Roundtables,2026-04-26,2026-04,129666,87977,1168,157,126,50,22,12,4,23138088,Nurture / Mid-Market,Banking & Capital Markets,APAC & Australia,BFSI Core Modernization,Experiential,Executive Engagement,5784522,106
TCS-CMP-01410,Sustainable Tech Suite - BFSI,Account-Based Email,2026-06-25,2026-06,21614,31724,1361,140,101,56,42,31,12,124721556,Enterprise High-Value,Retail & CPG,APAC & Australia,BFSI Core Modernization,Outbound ABM,Strategic Account Penetration,10393463,155
TCS-CMP-01411,Life Sciences DataHub - Healthcare,LinkedIn Enterprise,2026-07-20,2026-07,28221,74796,2268,169,95,43,29,20,5,11327865,Emerging Tier / High-CAC,Telecom & Media,North America,Healthcare & Life Sciences Digital Labs,Digital Inbound,Brand Authority & MQLs,2265573,89
TCS-CMP-01412,Zero Trust Enterprise - Cyber,Google Search,2026-04-26,2026-04,61814,136066,4605,278,170,87,52,29,7,41468875,Enterprise High-Value,Manufacturing & Auto,Europe & UK,Cyber Defense & Risk Governance,Digital Inbound,Executive Engagement,5924125,175
TCS-CMP-01413,CyberShield 360 - Healthcare,Google Search,2026-05-01,2026-05,40735,59728,2729,204,107,48,29,22,7,11336318,Emerging Tier / High-CAC,Retail & CPG,India & Middle East,Healthcare & Life Sciences Digital Labs,Digital Inbound,Pipeline Generation,1619474,97
TCS-CMP-01414,Q1 Cloud Scale - Retail,Account-Based Email,2026-04-18,2026-04,19741,39792,2019,150,84,52,29,21,9,72616599,Enterprise High-Value,Manufacturing & Auto,North America,Retail Omnichannel & Supply Chain,Outbound ABM,Pipeline Generation,8068511,150
TCS-CMP-01415,GenAI Catalyst - Cyber,LinkedIn Enterprise,2026-05-22,2026-05,34991,87908,2569,196,124,52,34,21,9,17376237,Emerging Tier / High-CAC,Banking & Capital Markets,Nordics & Benelux,Cyber Defense & Risk Governance,Digital Inbound,Executive Engagement,1930693,116
TCS-CMP-01416,Q1 Cloud Scale - BFSI,Industry Display & Media,2026-07-28,2026-07,49600,231713,2017,87,36,11,4,2,0,0,Nurture / Mid-Market,Healthcare & Life Sciences,APAC & Australia,BFSI Core Modernization,Digital Inbound,Pipeline Generation,2229021,64
TCS-CMP-01417,Life Sciences DataHub - Cloud,Google Search,2026-04-07,2026-04,26532,64814,2339,198,133,63,35,23,8,13703520,Emerging Tier / High-CAC,Healthcare & Life Sciences,Europe & UK,Cloud & Infrastructure Transformation,Digital Inbound,Pipeline Generation,1712940,69
TCS-CMP-01418,BFSI Resiliency - Cloud,Account-Based Email,2026-01-02,2026-01,18873,25420,1020,77,56,32,22,14,4,37505784,Enterprise High-Value,Banking & Capital Markets,Nordics & Benelux,Cloud & Infrastructure Transformation,Outbound ABM,Executive Engagement,9376446,112
TCS-CMP-01419,CyberShield 360 - Retail,Google Search,2026-03-02,2026-03,22480,53360,2416,218,126,60,39,30,12,33285528,Nurture / Mid-Market,Healthcare & Life Sciences,Europe & UK,Retail Omnichannel & Supply Chain,Digital Inbound,Brand Authority & MQLs,2773794,54
TCS-CMP-01420,NextGen CX - Healthcare,LinkedIn Enterprise,2025-11-18,2025-11,49901,89413,2889,241,140,83,43,32,11,48668620,Nurture / Mid-Market,Energy & Utilities,North America,Healthcare & Life Sciences Digital Labs,Digital Inbound,Brand Authority & MQLs,4424420,113
TCS-CMP-01421,SAP S/4 Hana Accelerated - Cyber,Industry Display & Media,2025-10-16,2025-10,47032,310321,2356,92,33,8,4,2,1,4329988,Enterprise High-Value,Retail & CPG,North America,Cyber Defense & Risk Governance,Digital Inbound,Brand Authority & MQLs,4329988,95
TCS-CMP-01422,Global Horizon - Cyber,LinkedIn Enterprise,2025-10-26,2025-10,22957,61976,1358,126,83,47,35,24,12,44191584,Nurture / Mid-Market,Healthcare & Life Sciences,Nordics & Benelux,Cyber Defense & Risk Governance,Digital Inbound,Brand Authority & MQLs,3682632,67
TCS-CMP-01423,Global Horizon - Cyber,Industry Display & Media,2025-12-06,2025-12,16251,86387,810,29,12,3,1,1,0,0,Emerging Tier / High-CAC,Manufacturing & Auto,APAC & Australia,Cyber Defense & Risk Governance,Digital Inbound,Executive Engagement,958776,112
TCS-CMP-01424,BFSI Resiliency - Cloud,Tech Analyst Webinars,2026-03-10,2026-03,19625,40440,817,42,24,11,6,3,1,5831332,Enterprise High-Value,Manufacturing & Auto,India & Middle East,Cloud & Infrastructure Transformation,Digital Inbound,Strategic Account Penetration,5831332,149
TCS-CMP-01425,SAP S/4 Hana Accelerated - Healthcare,Google Search,2026-09-18,2026-09,34676,67833,2817,228,117,60,39,27,7,32939571,Strategic Growth Accounts,Telecom & Media,Europe & UK,Healthcare & Life Sciences Digital Labs,Digital Inbound,Executive Engagement,4705653,110
TCS-CMP-01426,SAP S/4 Hana Accelerated - Cloud,Tech Analyst Webinars,2026-06-23,2026-06,19973,57130,1177,57,34,12,5,3,1,3788388,Strategic Growth Accounts,Retail & CPG,Europe & UK,Cloud & Infrastructure Transformation,Digital Inbound,Strategic Account Penetration,3788388,78
TCS-CMP-01427,Life Sciences DataHub - BFSI,Account-Based Email,2026-09-23,2026-09,8046,15844,622,47,27,12,7,5,3,9416235,Nurture / Mid-Market,Telecom & Media,India & Middle East,BFSI Core Modernization,Outbound ABM,Strategic Account Penetration,3138745,58
TCS-CMP-01428,Global Horizon - BFSI,Executive Events & Roundtables,2026-08-18,2026-08,76146,54402,861,95,69,23,9,4,1,6346092,Nurture / Mid-Market,Banking & Capital Markets,Europe & UK,BFSI Core Modernization,Experiential,Pipeline Generation,6346092,47
TCS-CMP-01429,Q1 Cloud Scale - Cloud,LinkedIn Enterprise,2026-03-08,2026-03,35388,60085,1730,189,143,83,59,39,14,32873680,Emerging Tier / High-CAC,Manufacturing & Auto,India & Middle East,Cloud & Infrastructure Transformation,Digital Inbound,Executive Engagement,2348120,86
TCS-CMP-01430,NextGen CX - Cloud,Google Search,2025-10-19,2025-10,73632,134348,5454,401,207,108,54,33,11,81128905,Enterprise High-Value,Healthcare & Life Sciences,Nordics & Benelux,Cloud & Infrastructure Transformation,Digital Inbound,Brand Authority & MQLs,7375355,157
TCS-CMP-01431,BFSI Resiliency - Cyber,Executive Events & Roundtables,2026-07-25,2026-07,106032,79285,1458,154,105,34,15,8,3,17412699,Nurture / Mid-Market,Manufacturing & Auto,India & Middle East,Cyber Defense & Risk Governance,Experiential,Strategic Account Penetration,5804233,73
TCS-CMP-01432,GenAI Catalyst - Cloud,Account-Based Email,2026-07-13,2026-07,13080,26532,964,92,50,26,15,12,4,19935684,Strategic Growth Accounts,Telecom & Media,APAC & Australia,Cloud & Infrastructure Transformation,Outbound ABM,Brand Authority & MQLs,4983921,128
TCS-CMP-01433,GenAI Catalyst - Cognitive,LinkedIn Enterprise,2025-10-20,2025-10,52780,138941,2928,280,183,106,67,43,14,128383290,Enterprise High-Value,Manufacturing & Auto,Europe & UK,Cognitive AI & Enterprise Automation,Digital Inbound,Pipeline Generation,9170235,176
TCS-CMP-01434,Sustainable Tech Suite - Retail,LinkedIn Enterprise,2026-04-23,2026-04,49703,101652,2963,260,167,88,60,46,16,73055728,Nurture / Mid-Market,Telecom & Media,Europe & UK,Retail Omnichannel & Supply Chain,Digital Inbound,Pipeline Generation,4565983,80
TCS-CMP-01435,CyberShield 360 - Healthcare,LinkedIn Enterprise,2026-07-20,2026-07,31187,83473,2330,187,142,82,52,34,11,62460475,Strategic Growth Accounts,Healthcare & Life Sciences,Europe & UK,Healthcare & Life Sciences Digital Labs,Digital Inbound,Brand Authority & MQLs,5678225,69
TCS-CMP-01436,SAP S/4 Hana Accelerated - Cyber,Tech Analyst Webinars,2026-09-04,2026-09,21235,46949,1212,61,33,11,7,4,1,1397020,Emerging Tier / High-CAC,Energy & Utilities,Nordics & Benelux,Cyber Defense & Risk Governance,Digital Inbound,Pipeline Generation,1397020,82
TCS-CMP-01437,NextGen CX - Cyber,Tech Analyst Webinars,2026-07-01,2026-07,14548,35830,740,41,22,8,4,3,1,1432532,Emerging Tier / High-CAC,Energy & Utilities,Europe & UK,Cyber Defense & Risk Governance,Digital Inbound,Brand Authority & MQLs,1432532,96
TCS-CMP-01438,GenAI Catalyst - Healthcare,Industry Display & Media,2025-10-15,2025-10,26646,173773,1539,58,23,6,3,2,0,0,Strategic Growth Accounts,Energy & Utilities,APAC & Australia,Healthcare & Life Sciences Digital Labs,Digital Inbound,Executive Engagement,2691424,143
TCS-CMP-01439,GenAI Catalyst - Healthcare,Account-Based Email,2025-12-02,2025-12,17302,43708,2179,173,97,58,41,31,13,46844967,Nurture / Mid-Market,Retail & CPG,Europe & UK,Healthcare & Life Sciences Digital Labs,Outbound ABM,Strategic Account Penetration,3603459,98
TCS-CMP-01440,Sustainable Tech Suite - Cyber,Industry Display & Media,2025-10-01,2025-10,18384,113802,1187,47,23,6,2,1,0,0,Nurture / Mid-Market,Healthcare & Life Sciences,Europe & UK,Cyber Defense & Risk Governance,Digital Inbound,Pipeline Generation,2030086,89
TCS-CMP-01441,GenAI Catalyst - Cyber,Executive Events & Roundtables,2026-05-09,2026-05,117326,96479,1753,260,151,47,17,8,2,27796010,Enterprise High-Value,Manufacturing & Auto,Europe & UK,Cyber Defense & Risk Governance,Experiential,Pipeline Generation,13898005,154
TCS-CMP-01442,SAP S/4 Hana Accelerated - Retail,Executive Events & Roundtables,2026-01-25,2026-01,108987,80315,1192,149,107,32,15,8,2,6259900,Emerging Tier / High-CAC,Healthcare & Life Sciences,North America,Retail Omnichannel & Supply Chain,Experiential,Brand Authority & MQLs,3129950,104
TCS-CMP-01443,GenAI Catalyst - BFSI,Industry Display & Media,2026-01-28,2026-01,28211,172121,1414,57,21,7,3,2,1,3692843,Strategic Growth Accounts,Retail & CPG,Nordics & Benelux,BFSI Core Modernization,Digital Inbound,Strategic Account Penetration,3692843,81
TCS-CMP-01444,NextGen CX - Cyber,Industry Display & Media,2025-12-21,2025-12,20207,149026,1146,49,22,7,3,2,0,0,Strategic Growth Accounts,Energy & Utilities,India & Middle East,Cyber Defense & Risk Governance,Digital Inbound,Pipeline Generation,3548827,131
TCS-CMP-01445,BFSI Resiliency - Cognitive,Executive Events & Roundtables,2026-08-22,2026-08,73040,63115,849,90,62,20,8,5,1,17534978,Enterprise High-Value,Retail & CPG,APAC & Australia,Cognitive AI & Enterprise Automation,Experiential,Brand Authority & MQLs,17534978,128
TCS-CMP-01446,CyberShield 360 - Cloud,Tech Analyst Webinars,2026-01-26,2026-01,29053,66276,1696,106,60,22,11,7,2,5122640,Nurture / Mid-Market,Manufacturing & Auto,North America,Cloud & Infrastructure Transformation,Digital Inbound,Pipeline Generation,2561320,118
TCS-CMP-01447,BFSI Resiliency - Healthcare,Tech Analyst Webinars,2026-02-05,2026-02,16957,30344,799,48,26,9,5,3,1,1390672,Emerging Tier / High-CAC,Retail & CPG,India & Middle East,Healthcare & Life Sciences Digital Labs,Digital Inbound,Executive Engagement,1390672,118
TCS-CMP-01448,OmniCommerce Edge - Healthcare,Account-Based Email,2025-12-07,2025-12,21325,45065,1706,171,111,56,31,24,11,90858317,Enterprise High-Value,Banking & Capital Markets,APAC & Australia,Healthcare & Life Sciences Digital Labs,Outbound ABM,Pipeline Generation,8259847,161
TCS-CMP-01449,Global Horizon - Healthcare,LinkedIn Enterprise,2025-11-26,2025-11,62138,117179,2532,203,125,57,41,30,14,35927570,Emerging Tier / High-CAC,Telecom & Media,Nordics & Benelux,Healthcare & Life Sciences Digital Labs,Digital Inbound,Brand Authority & MQLs,2566255,140
TCS-CMP-01450,Zero Trust Enterprise - Cloud,Google Search,2026-05-18,2026-05,68315,111893,4329,364,192,91,52,39,11,49335869,Strategic Growth Accounts,Retail & CPG,APAC & Australia,Cloud & Infrastructure Transformation,Digital Inbound,Strategic Account Penetration,4485079,80
TCS-CMP-01451,Q1 Cloud Scale - Cognitive,Google Search,2025-10-11,2025-10,68875,252031,11148,639,323,150,74,58,23,100313120,Strategic Growth Accounts,Healthcare & Life Sciences,Europe & UK,Cognitive AI & Enterprise Automation,Digital Inbound,Pipeline Generation,4361440,127
TCS-CMP-01452,GenAI Catalyst - Cognitive,LinkedIn Enterprise,2026-08-19,2026-08,20983,50812,1068,82,59,36,20,15,5,47134055,Enterprise High-Value,Banking & Capital Markets,APAC & Australia,Cognitive AI & Enterprise Automation,Digital Inbound,Strategic Account Penetration,9426811,118
TCS-CMP-01453,Global Horizon - Cloud,LinkedIn Enterprise,2025-11-14,2025-11,54538,111813,2421,228,139,64,45,35,12,24139104,Emerging Tier / High-CAC,Manufacturing & Auto,APAC & Australia,Cloud & Infrastructure Transformation,Digital Inbound,Brand Authority & MQLs,2011592,113
TCS-CMP-01454,Q1 Cloud Scale - Cognitive,Account-Based Email,2026-01-18,2026-01,9325,15241,675,64,39,18,14,9,3,11885757,Nurture / Mid-Market,Healthcare & Life Sciences,North America,Cognitive AI & Enterprise Automation,Outbound ABM,Brand Authority & MQLs,3961919,65
TCS-CMP-01455,GenAI Catalyst - BFSI,Account-Based Email,2026-06-24,2026-06,27721,56717,2059,138,95,59,45,40,14,90523846,Strategic Growth Accounts,Telecom & Media,Nordics & Benelux,BFSI Core Modernization,Outbound ABM,Strategic Account Penetration,6465989,139
TCS-CMP-01456,CyberShield 360 - Retail,Executive Events & Roundtables,2025-12-23,2025-12,60539,36944,582,66,38,14,6,3,1,10843221,Strategic Growth Accounts,Healthcare & Life Sciences,Nordics & Benelux,Retail Omnichannel & Supply Chain,Experiential,Brand Authority & MQLs,10843221,98
TCS-CMP-01457,Life Sciences DataHub - BFSI,Industry Display & Media,2026-02-04,2026-02,44545,284675,2760,106,50,16,6,3,1,4947712,Enterprise High-Value,Manufacturing & Auto,North America,BFSI Core Modernization,Digital Inbound,Pipeline Generation,4947712,122
TCS-CMP-01458,Cognitive Ops 2.0 - Cloud,Account-Based Email,2026-04-01,2026-04,10901,17400,912,96,67,40,25,18,7,56487907,Enterprise High-Value,Energy & Utilities,Europe & UK,Cloud & Infrastructure Transformation,Outbound ABM,Brand Authority & MQLs,8069701,145
TCS-CMP-01459,BFSI Resiliency - BFSI,Google Search,2026-01-26,2026-01,46909,106742,3268,286,141,64,30,21,8,39043080,Strategic Growth Accounts,Energy & Utilities,North America,BFSI Core Modernization,Digital Inbound,Pipeline Generation,4880385,140
TCS-CMP-01460,Sustainable Tech Suite - Healthcare,LinkedIn Enterprise,2026-03-11,2026-03,51505,186081,5992,428,256,117,74,55,26,91653952,Nurture / Mid-Market,Banking & Capital Markets,Europe & UK,Healthcare & Life Sciences Digital Labs,Digital Inbound,Pipeline Generation,3525152,110
TCS-CMP-01461,Global Horizon - Healthcare,LinkedIn Enterprise,2026-03-05,2026-03,29020,41885,1132,98,70,43,32,22,9,58744098,Strategic Growth Accounts,Banking & Capital Markets,North America,Healthcare & Life Sciences Digital Labs,Digital Inbound,Strategic Account Penetration,6527122,58
TCS-CMP-01462,CyberShield 360 - Cyber,Google Search,2026-06-11,2026-06,67563,129001,5574,345,173,78,40,23,6,22770966,Strategic Growth Accounts,Manufacturing & Auto,Europe & UK,Cyber Defense & Risk Governance,Digital Inbound,Executive Engagement,3795161,106
TCS-CMP-01463,Q1 Cloud Scale - BFSI,Google Search,2025-12-09,2025-12,46946,90405,4266,374,246,104,59,40,14,40964462,Nurture / Mid-Market,Energy & Utilities,Nordics & Benelux,BFSI Core Modernization,Digital Inbound,Executive Engagement,2926033,84
TCS-CMP-01464,Sustainable Tech Suite - Cloud,Account-Based Email,2026-09-09,2026-09,22338,29111,1215,100,64,42,23,15,6,51012078,Enterprise High-Value,Manufacturing & Auto,APAC & Australia,Cloud & Infrastructure Transformation,Outbound ABM,Brand Authority & MQLs,8502013,198
TCS-CMP-01465,Life Sciences DataHub - Healthcare,Industry Display & Media,2025-11-03,2025-11,31276,167025,1573,61,28,8,4,2,1,1855733,Nurture / Mid-Market,Energy & Utilities,North America,Healthcare & Life Sciences Digital Labs,Digital Inbound,Brand Authority & MQLs,1855733,117
TCS-CMP-01466,Zero Trust Enterprise - Cyber,LinkedIn Enterprise,2025-10-27,2025-10,46848,82378,2383,207,153,84,49,29,9,32112126,Nurture / Mid-Market,Telecom & Media,Nordics & Benelux,Cyber Defense & Risk Governance,Digital Inbound,Pipeline Generation,3568014,131
TCS-CMP-01467,Q1 Cloud Scale - Healthcare,Account-Based Email,2026-09-18,2026-09,19626,44880,1693,125,81,52,30,26,13,76094434,Strategic Growth Accounts,Manufacturing & Auto,North America,Healthcare & Life Sciences Digital Labs,Outbound ABM,Executive Engagement,5853418,109
TCS-CMP-01468,NextGen CX - BFSI,Account-Based Email,2026-03-06,2026-03,22013,34454,1693,125,80,40,30,25,9,16042320,Emerging Tier / High-CAC,Energy & Utilities,Nordics & Benelux,BFSI Core Modernization,Outbound ABM,Pipeline Generation,1782480,106
TCS-CMP-01469,OmniCommerce Edge - Retail,Industry Display & Media,2026-07-18,2026-07,33810,201982,1985,53,27,6,3,2,1,3124182,Strategic Growth Accounts,Banking & Capital Markets,India & Middle East,Retail Omnichannel & Supply Chain,Digital Inbound,Executive Engagement,3124182,88
TCS-CMP-01470,Zero Trust Enterprise - Cyber,Google Search,2026-08-04,2026-08,23607,38182,1349,76,47,24,16,9,3,22186047,Enterprise High-Value,Energy & Utilities,Europe & UK,Cyber Defense & Risk Governance,Digital Inbound,Brand Authority & MQLs,7395349,167
TCS-CMP-01471,Q1 Cloud Scale - Cognitive,Tech Analyst Webinars,2026-06-16,2026-06,26325,77178,2115,119,66,23,11,6,2,4040692,Nurture / Mid-Market,Banking & Capital Markets,North America,Cognitive AI & Enterprise Automation,Digital Inbound,Executive Engagement,2020346,61
TCS-CMP-01472,GenAI Catalyst - Cloud,Account-Based Email,2026-06-26,2026-06,18112,48863,1835,119,93,45,25,20,8,68396352,Enterprise High-Value,Banking & Capital Markets,Europe & UK,Cloud & Infrastructure Transformation,Outbound ABM,Brand Authority & MQLs,8549544,142
TCS-CMP-01473,Global Horizon - Retail,Industry Display & Media,2025-10-27,2025-10,19213,118133,1253,36,13,4,1,0,0,0,Emerging Tier / High-CAC,Energy & Utilities,Europe & UK,Retail Omnichannel & Supply Chain,Digital Inbound,Pipeline Generation,1133813,47
TCS-CMP-01474,Q1 Cloud Scale - Cloud,Google Search,2026-06-07,2026-06,39617,105990,3325,250,120,54,28,19,5,8008430,Emerging Tier / High-CAC,Banking & Capital Markets,India & Middle East,Cloud & Infrastructure Transformation,Digital Inbound,Pipeline Generation,1601686,77
TCS-CMP-01475,NextGen CX - Cloud,Tech Analyst Webinars,2026-03-21,2026-03,15712,45504,836,43,21,9,5,3,1,4379083,Strategic Growth Accounts,Telecom & Media,North America,Cloud & Infrastructure Transformation,Digital Inbound,Brand Authority & MQLs,4379083,137
TCS-CMP-01476,Sustainable Tech Suite - Cloud,Tech Analyst Webinars,2026-01-20,2026-01,23437,32165,666,42,21,9,4,2,1,5296795,Enterprise High-Value,Banking & Capital Markets,Europe & UK,Cloud & Infrastructure Transformation,Digital Inbound,Pipeline Generation,5296795,208
TCS-CMP-01477,BFSI Resiliency - Cloud,Executive Events & Roundtables,2025-12-08,2025-12,134948,97652,1800,256,179,73,33,18,5,15378600,Emerging Tier / High-CAC,Energy & Utilities,North America,Cloud & Infrastructure Transformation,Experiential,Strategic Account Penetration,3075720,105
TCS-CMP-01478,CyberShield 360 - Cyber,Executive Events & Roundtables,2026-04-19,2026-04,111014,100837,1662,223,162,46,20,11,3,11731389,Emerging Tier / High-CAC,Banking & Capital Markets,Europe & UK,Cyber Defense & Risk Governance,Experiential,Strategic Account Penetration,3910463,100
TCS-CMP-01479,NextGen CX - Cyber,LinkedIn Enterprise,2026-07-03,2026-07,42792,72220,1834,127,93,49,31,21,6,13189470,Emerging Tier / High-CAC,Energy & Utilities,Nordics & Benelux,Cyber Defense & Risk Governance,Digital Inbound,Brand Authority & MQLs,2198245,75
TCS-CMP-01480,NextGen CX - Cognitive,LinkedIn Enterprise,2026-04-04,2026-04,35827,66094,1910,171,90,53,34,21,7,44869447,Strategic Growth Accounts,Healthcare & Life Sciences,APAC & Australia,Cognitive AI & Enterprise Automation,Digital Inbound,Brand Authority & MQLs,6409921,94
TCS-CMP-01481,CyberShield 360 - BFSI,Tech Analyst Webinars,2026-06-24,2026-06,36803,96134,1801,131,74,27,12,6,2,11990806,Enterprise High-Value,Manufacturing & Auto,Europe & UK,BFSI Core Modernization,Digital Inbound,Executive Engagement,5995403,96
TCS-CMP-01482,Cognitive Ops 2.0 - BFSI,Tech Analyst Webinars,2026-01-20,2026-01,15259,29526,643,52,22,7,4,2,1,1472334,Emerging Tier / High-CAC,Retail & CPG,APAC & Australia,BFSI Core Modernization,Digital Inbound,Executive Engagement,1472334,65
TCS-CMP-01483,Q1 Cloud Scale - Cyber,Executive Events & Roundtables,2026-05-22,2026-05,104035,86881,1315,126,79,27,11,7,2,28593806,Enterprise High-Value,Manufacturing & Auto,Europe & UK,Cyber Defense & Risk Governance,Experiential,Brand Authority & MQLs,14296903,70
TCS-CMP-01484,Cognitive Ops 2.0 - Cognitive,Tech Analyst Webinars,2025-11-03,2025-11,39630,65716,1321,69,35,15,7,5,2,8928644,Strategic Growth Accounts,Manufacturing & Auto,Nordics & Benelux,Cognitive AI & Enterprise Automation,Digital Inbound,Pipeline Generation,4464322,55
TCS-CMP-01485,Cognitive Ops 2.0 - Retail,Executive Events & Roundtables,2026-08-06,2026-08,48369,38045,625,88,65,20,9,6,1,9681753,Strategic Growth Accounts,Telecom & Media,Europe & UK,Retail Omnichannel & Supply Chain,Experiential,Executive Engagement,9681753,125
TCS-CMP-01486,OmniCommerce Edge - Healthcare,Tech Analyst Webinars,2026-02-03,2026-02,34183,58603,1534,106,51,24,11,7,2,5034354,Nurture / Mid-Market,Telecom & Media,APAC & Australia,Healthcare & Life Sciences Digital Labs,Digital Inbound,Brand Authority & MQLs,2517177,63
TCS-CMP-01487,CyberShield 360 - Cognitive,Google Search,2026-08-24,2026-08,57644,154855,5804,374,216,113,61,45,15,20912730,Emerging Tier / High-CAC,Manufacturing & Auto,Europe & UK,Cognitive AI & Enterprise Automation,Digital Inbound,Pipeline Generation,1394182,111
TCS-CMP-01488,Sustainable Tech Suite - Cyber,LinkedIn Enterprise,2025-10-08,2025-10,35263,48670,1432,114,79,47,27,23,10,24486210,Emerging Tier / High-CAC,Banking & Capital Markets,India & Middle East,Cyber Defense & Risk Governance,Digital Inbound,Pipeline Generation,2448621,76
TCS-CMP-01489,SAP S/4 Hana Accelerated - BFSI,Tech Analyst Webinars,2026-09-12,2026-09,23097,40946,1044,79,47,20,11,8,2,6525108,Strategic Growth Accounts,Telecom & Media,North America,BFSI Core Modernization,Digital Inbound,Brand Authority & MQLs,3262554,46
TCS-CMP-01490,CyberShield 360 - Cloud,LinkedIn Enterprise,2025-10-04,2025-10,26793,43888,1061,102,62,33,23,18,7,42223594,Strategic Growth Accounts,Healthcare & Life Sciences,APAC & Australia,Cloud & Infrastructure Transformation,Digital Inbound,Executive Engagement,6031942,120
TCS-CMP-01491,Life Sciences DataHub - Cyber,Tech Analyst Webinars,2026-07-25,2026-07,39837,112735,2102,160,82,32,14,8,2,7670438,Strategic Growth Accounts,Banking & Capital Markets,North America,Cyber Defense & Risk Governance,Digital Inbound,Executive Engagement,3835219,71
TCS-CMP-01492,GenAI Catalyst - Cognitive,Google Search,2026-06-20,2026-06,64986,108712,3604,310,184,84,52,31,9,25234389,Nurture / Mid-Market,Banking & Capital Markets,North America,Cognitive AI & Enterprise Automation,Digital Inbound,Pipeline Generation,2803821,77
TCS-CMP-01493,Global Horizon - Cognitive,Industry Display & Media,2026-01-11,2026-01,45936,221023,1900,65,30,9,4,2,0,0,Strategic Growth Accounts,Energy & Utilities,India & Middle East,Cognitive AI & Enterprise Automation,Digital Inbound,Brand Authority & MQLs,3077110,104
TCS-CMP-01494,Zero Trust Enterprise - Cognitive,Tech Analyst Webinars,2026-07-05,2026-07,20886,42432,756,41,19,8,4,3,1,3430825,Strategic Growth Accounts,Banking & Capital Markets,Nordics & Benelux,Cognitive AI & Enterprise Automation,Digital Inbound,Executive Engagement,3430825,72
TCS-CMP-01495,Life Sciences DataHub - BFSI,Tech Analyst Webinars,2025-10-21,2025-10,29532,52158,1197,92,43,14,7,4,1,3470528,Strategic Growth Accounts,Manufacturing & Auto,Europe & UK,BFSI Core Modernization,Digital Inbound,Executive Engagement,3470528,64
TCS-CMP-01496,GenAI Catalyst - Retail,LinkedIn Enterprise,2026-08-26,2026-08,18779,37126,963,71,47,23,12,8,3,11444973,Nurture / Mid-Market,Energy & Utilities,APAC & Australia,Retail Omnichannel & Supply Chain,Digital Inbound,Brand Authority & MQLs,3814991,61
TCS-CMP-01497,CyberShield 360 - BFSI,Tech Analyst Webinars,2026-07-19,2026-07,25420,62364,1313,91,43,19,9,6,2,2988748,Emerging Tier / High-CAC,Banking & Capital Markets,Nordics & Benelux,BFSI Core Modernization,Digital Inbound,Brand Authority & MQLs,1494374,91
TCS-CMP-01498,CyberShield 360 - Cyber,Executive Events & Roundtables,2026-04-11,2026-04,61929,46637,599,68,48,16,7,3,1,3398004,Emerging Tier / High-CAC,Retail & CPG,Nordics & Benelux,Cyber Defense & Risk Governance,Experiential,Brand Authority & MQLs,3398004,45
TCS-CMP-01499,BFSI Resiliency - Retail,Google Search,2025-12-09,2025-12,49620,100344,3375,212,117,60,37,22,6,16292418,Nurture / Mid-Market,Energy & Utilities,North America,Retail Omnichannel & Supply Chain,Digital Inbound,Brand Authority & MQLs,2715403,48
TCS-CMP-01500,Cognitive Ops 2.0 - Healthcare,Tech Analyst Webinars,2026-02-15,2026-02,26528,52612,1420,112,55,18,9,6,1,2557742,Nurture / Mid-Market,Retail & CPG,Europe & UK,Healthcare & Life Sciences Digital Labs,Digital Inbound,Brand Authority & MQLs,2557742,69
TCS-CMP-01501,Cognitive Ops 2.0 - Healthcare,Executive Events & Roundtables,2026-02-20,2026-02,90479,50724,937,120,96,37,18,10,3,11953104,Emerging Tier / High-CAC,Retail & CPG,North America,Healthcare & Life Sciences Digital Labs,Experiential,Brand Authority & MQLs,3984368,140
TCS-CMP-01502,Global Horizon - Healthcare,Google Search,2026-06-23,2026-06,66715,87580,2765,242,122,57,33,22,7,42655480,Enterprise High-Value,Healthcare & Life Sciences,APAC & Australia,Healthcare & Life Sciences Digital Labs,Digital Inbound,Pipeline Generation,6093640,201
TCS-CMP-01503,SAP S/4 Hana Accelerated - Healthcare,Industry Display & Media,2025-11-28,2025-11,15671,96901,857,33,17,4,1,0,0,0,Nurture / Mid-Market,Banking & Capital Markets,India & Middle East,Healthcare & Life Sciences Digital Labs,Digital Inbound,Brand Authority & MQLs,2078556,61
TCS-CMP-01504,Zero Trust Enterprise - Cyber,Executive Events & Roundtables,2026-08-19,2026-08,139538,83699,1455,212,162,59,21,12,4,53805396,Enterprise High-Value,Telecom & Media,APAC & Australia,Cyber Defense & Risk Governance,Experiential,Strategic Account Penetration,13451349,102
TCS-CMP-01505,OmniCommerce Edge - Cyber,Executive Events & Roundtables,2026-08-16,2026-08,104866,97753,1489,223,180,64,25,15,5,27972285,Nurture / Mid-Market,Healthcare & Life Sciences,North America,Cyber Defense & Risk Governance,Experiential,Strategic Account Penetration,5594457,97
TCS-CMP-01506,CyberShield 360 - Cyber,Executive Events & Roundtables,2026-01-12,2026-01,63761,46050,721,106,72,29,12,7,1,6245379,Nurture / Mid-Market,Healthcare & Life Sciences,Nordics & Benelux,Cyber Defense & Risk Governance,Experiential,Brand Authority & MQLs,6245379,104
TCS-CMP-01507,SAP S/4 Hana Accelerated - BFSI,Account-Based Email,2026-08-13,2026-08,12198,27566,1402,108,62,29,19,15,6,18855018,Nurture / Mid-Market,Banking & Capital Markets,Nordics & Benelux,BFSI Core Modernization,Outbound ABM,Executive Engagement,3142503,76
TCS-CMP-01508,BFSI Resiliency - Cloud,LinkedIn Enterprise,2026-09-08,2026-09,38842,58305,1318,124,70,40,24,20,10,101270880,Enterprise High-Value,Retail & CPG,Europe & UK,Cloud & Infrastructure Transformation,Digital Inbound,Strategic Account Penetration,10127088,155
TCS-CMP-01509,Sustainable Tech Suite - Retail,Tech Analyst Webinars,2026-09-28,2026-09,35663,52624,1140,70,38,13,6,4,1,5612410,Enterprise High-Value,Energy & Utilities,Europe & UK,Retail Omnichannel & Supply Chain,Digital Inbound,Brand Authority & MQLs,5612410,156
TCS-CMP-01510,Cognitive Ops 2.0 - Cyber,Executive Events & Roundtables,2025-12-02,2025-12,68882,68283,932,106,62,25,12,6,1,6671811,Nurture / Mid-Market,Energy & Utilities,Nordics & Benelux,Cyber Defense & Risk Governance,Experiential,Strategic Account Penetration,6671811,51
TCS-CMP-01511,BFSI Resiliency - BFSI,Tech Analyst Webinars,2026-02-04,2026-02,23853,35387,782,58,35,14,7,4,1,5605489,Enterprise High-Value,Manufacturing & Auto,India & Middle East,BFSI Core Modernization,Digital Inbound,Executive Engagement,5605489,81
TCS-CMP-01512,Q1 Cloud Scale - Retail,Google Search,2026-05-05,2026-05,69791,124159,5785,520,300,126,75,49,20,60519020,Nurture / Mid-Market,Banking & Capital Markets,India & Middle East,Retail Omnichannel & Supply Chain,Digital Inbound,Strategic Account Penetration,3025951,121
TCS-CMP-01513,OmniCommerce Edge - Cyber,Industry Display & Media,2026-04-24,2026-04,43074,247290,2368,98,43,10,4,2,0,0,Enterprise High-Value,Manufacturing & Auto,India & Middle East,Cyber Defense & Risk Governance,Digital Inbound,Strategic Account Penetration,6005980,123
TCS-CMP-01514,SAP S/4 Hana Accelerated - Healthcare,Google Search,2026-03-05,2026-03,50414,133808,5147,393,246,121,78,61,15,22383345,Emerging Tier / High-CAC,Healthcare & Life Sciences,India & Middle East,Healthcare & Life Sciences Digital Labs,Digital Inbound,Pipeline Generation,1492223,122
TCS-CMP-01515,Cognitive Ops 2.0 - Retail,Executive Events & Roundtables,2026-09-04,2026-09,137925,124942,2028,187,142,56,24,14,4,21855928,Nurture / Mid-Market,Energy & Utilities,Nordics & Benelux,Retail Omnichannel & Supply Chain,Experiential,Brand Authority & MQLs,5463982,116
TCS-CMP-01516,CyberShield 360 - Cognitive,Executive Events & Roundtables,2026-05-15,2026-05,76710,54655,850,119,91,36,14,7,2,18358784,Strategic Growth Accounts,Telecom & Media,Europe & UK,Cognitive AI & Enterprise Automation,Experiential,Brand Authority & MQLs,9179392,91
TCS-CMP-01517,BFSI Resiliency - Cloud,Tech Analyst Webinars,2025-12-16,2025-12,34496,71676,1528,87,39,15,8,4,1,1146244,Emerging Tier / High-CAC,Energy & Utilities,India & Middle East,Cloud & Infrastructure Transformation,Digital Inbound,Strategic Account Penetration,1146244,59
TCS-CMP-01518,Zero Trust Enterprise - Cognitive,Executive Events & Roundtables,2025-11-10,2025-11,51512,53576,981,132,97,41,16,9,3,18225084,Nurture / Mid-Market,Telecom & Media,APAC & Australia,Cognitive AI & Enterprise Automation,Experiential,Executive Engagement,6075028,62
TCS-CMP-01519,Sustainable Tech Suite - Cognitive,Executive Events & Roundtables,2026-03-20,2026-03,86591,68036,858,87,61,18,8,5,2,11505612,Nurture / Mid-Market,Energy & Utilities,Europe & UK,Cognitive AI & Enterprise Automation,Experiential,Pipeline Generation,5752806,108
TCS-CMP-01520,BFSI Resiliency - Cloud,LinkedIn Enterprise,2025-11-12,2025-11,42673,109219,2782,283,159,85,48,38,11,79795595,Strategic Growth Accounts,Banking & Capital Markets,Europe & UK,Cloud & Infrastructure Transformation,Digital Inbound,Strategic Account Penetration,7254145,60
TCS-CMP-01521,OmniCommerce Edge - Cloud,Executive Events & Roundtables,2025-11-19,2025-11,104249,73873,1315,177,111,38,15,7,2,11812244,Nurture / Mid-Market,Manufacturing & Auto,APAC & Australia,Cloud & Infrastructure Transformation,Experiential,Strategic Account Penetration,5906122,50
TCS-CMP-01522,Sustainable Tech Suite - Retail,LinkedIn Enterprise,2026-08-07,2026-08,36079,48874,1510,125,68,33,20,14,6,13230066,Emerging Tier / High-CAC,Retail & CPG,India & Middle East,Retail Omnichannel & Supply Chain,Digital Inbound,Executive Engagement,2205011,76
TCS-CMP-01523,SAP S/4 Hana Accelerated - Retail,LinkedIn Enterprise,2026-03-12,2026-03,29975,58719,1297,95,55,34,24,15,6,14281032,Emerging Tier / High-CAC,Retail & CPG,Europe & UK,Retail Omnichannel & Supply Chain,Digital Inbound,Pipeline Generation,2380172,83
TCS-CMP-01524,OmniCommerce Edge - Healthcare,Tech Analyst Webinars,2026-07-28,2026-07,23235,52449,1129,77,44,18,8,4,1,5343068,Enterprise High-Value,Banking & Capital Markets,Europe & UK,Healthcare & Life Sciences Digital Labs,Digital Inbound,Executive Engagement,5343068,115
TCS-CMP-01525,Sustainable Tech Suite - Cyber,Tech Analyst Webinars,2025-12-28,2025-12,41708,62690,1257,101,52,23,10,7,2,4807006,Nurture / Mid-Market,Healthcare & Life Sciences,India & Middle East,Cyber Defense & Risk Governance,Digital Inbound,Brand Authority & MQLs,2403503,102
TCS-CMP-01526,GenAI Catalyst - Cloud,Executive Events & Roundtables,2025-11-11,2025-11,55487,41416,773,99,68,22,9,6,2,28847016,Enterprise High-Value,Banking & Capital Markets,India & Middle East,Cloud & Infrastructure Transformation,Experiential,Brand Authority & MQLs,14423508,126
TCS-CMP-01527,BFSI Resiliency - Cloud,Executive Events & Roundtables,2025-12-01,2025-12,137732,125750,1628,206,144,56,22,14,4,44016144,Strategic Growth Accounts,Healthcare & Life Sciences,India & Middle East,Cloud & Infrastructure Transformation,Experiential,Pipeline Generation,11004036,82
TCS-CMP-01528,Life Sciences DataHub - Retail,LinkedIn Enterprise,2026-08-15,2026-08,52290,149223,4680,513,391,185,103,77,38,256138392,Strategic Growth Accounts,Banking & Capital Markets,India & Middle East,Retail Omnichannel & Supply Chain,Digital Inbound,Strategic Account Penetration,6740484,66
TCS-CMP-01529,Q1 Cloud Scale - BFSI,Industry Display & Media,2025-12-03,2025-12,37570,228377,2513,85,33,8,4,2,1,4427396,Enterprise High-Value,Healthcare & Life Sciences,APAC & Australia,BFSI Core Modernization,Digital Inbound,Pipeline Generation,4427396,77
TCS-CMP-01530,GenAI Catalyst - Cognitive,Industry Display & Media,2025-10-02,2025-10,19076,103848,1107,35,14,5,2,1,0,0,Strategic Growth Accounts,Telecom & Media,India & Middle East,Cognitive AI & Enterprise Automation,Digital Inbound,Strategic Account Penetration,3458882,82
TCS-CMP-01531,Cognitive Ops 2.0 - BFSI,Executive Events & Roundtables,2025-11-04,2025-11,67973,44629,558,54,41,16,8,5,1,3926582,Emerging Tier / High-CAC,Banking & Capital Markets,North America,BFSI Core Modernization,Experiential,Executive Engagement,3926582,91
TCS-CMP-01532,BFSI Resiliency - Retail,Industry Display & Media,2026-03-17,2026-03,25011,160742,1476,52,19,6,3,1,0,0,Enterprise High-Value,Healthcare & Life Sciences,Europe & UK,Retail Omnichannel & Supply Chain,Digital Inbound,Executive Engagement,5213804,85
TCS-CMP-01533,Zero Trust Enterprise - BFSI,Industry Display & Media,2026-02-13,2026-02,41089,312627,2326,73,33,10,4,2,0,0,Emerging Tier / High-CAC,Healthcare & Life Sciences,Nordics & Benelux,BFSI Core Modernization,Digital Inbound,Pipeline Generation,1252001,63
TCS-CMP-01534,Global Horizon - Cloud,Industry Display & Media,2025-12-10,2025-12,25396,165171,1478,51,20,6,2,1,0,0,Emerging Tier / High-CAC,Energy & Utilities,APAC & Australia,Cloud & Infrastructure Transformation,Digital Inbound,Strategic Account Penetration,938140,49
TCS-CMP-01535,Sustainable Tech Suite - BFSI,Tech Analyst Webinars,2025-10-12,2025-10,38791,65028,1580,119,57,23,11,7,2,14045990,Enterprise High-Value,Banking & Capital Markets,Europe & UK,BFSI Core Modernization,Digital Inbound,Strategic Account Penetration,7022995,91
TCS-CMP-01536,NextGen CX - Cyber,Google Search,2026-08-21,2026-08,37804,57180,1821,106,65,30,17,9,3,4632816,Emerging Tier / High-CAC,Retail & CPG,India & Middle East,Cyber Defense & Risk Governance,Digital Inbound,Brand Authority & MQLs,1544272,70
TCS-CMP-01537,GenAI Catalyst - Cyber,Industry Display & Media,2025-10-28,2025-10,46492,244609,2415,65,32,8,3,2,0,0,Enterprise High-Value,Telecom & Media,Europe & UK,Cyber Defense & Risk Governance,Digital Inbound,Executive Engagement,4424336,148
TCS-CMP-01538,Zero Trust Enterprise - Cognitive,LinkedIn Enterprise,2025-10-18,2025-10,38351,69329,1816,129,75,36,21,15,6,14388918,Emerging Tier / High-CAC,Healthcare & Life Sciences,India & Middle East,Cognitive AI & Enterprise Automation,Digital Inbound,Brand Authority & MQLs,2398153,125
TCS-CMP-01539,Cognitive Ops 2.0 - Healthcare,LinkedIn Enterprise,2025-11-06,2025-11,35861,125472,2896,199,109,59,36,30,12,66815880,Strategic Growth Accounts,Telecom & Media,India & Middle East,Healthcare & Life Sciences Digital Labs,Digital Inbound,Pipeline Generation,5567990,125
TCS-CMP-01540,CyberShield 360 - Cyber,Account-Based Email,2026-03-13,2026-03,8827,13563,476,44,32,21,12,9,3,10159668,Nurture / Mid-Market,Healthcare & Life Sciences,North America,Cyber Defense & Risk Governance,Outbound ABM,Strategic Account Penetration,3386556,57
TCS-CMP-01541,GenAI Catalyst - Healthcare,Tech Analyst Webinars,2025-10-11,2025-10,25942,53893,1226,94,45,14,8,6,2,11547624,Enterprise High-Value,Telecom & Media,India & Middle East,Healthcare & Life Sciences Digital Labs,Digital Inbound,Executive Engagement,5773812,203
TCS-CMP-01542,Sustainable Tech Suite - Cyber,Google Search,2026-09-13,2026-09,34618,58980,2192,192,105,38,24,18,7,21472822,Nurture / Mid-Market,Retail & CPG,Europe & UK,Cyber Defense & Risk Governance,Digital Inbound,Pipeline Generation,3067546,60
TCS-CMP-01543,Zero Trust Enterprise - Cloud,Tech Analyst Webinars,2026-07-16,2026-07,39984,69265,1659,117,49,20,10,6,2,12913180,Enterprise High-Value,Retail & CPG,Europe & UK,Cloud & Infrastructure Transformation,Digital Inbound,Executive Engagement,6456590,158
TCS-CMP-01544,Life Sciences DataHub - Cloud,Tech Analyst Webinars,2026-03-24,2026-03,40567,90448,1988,141,84,34,16,9,2,12726916,Enterprise High-Value,Retail & CPG,Nordics & Benelux,Cloud & Infrastructure Transformation,Digital Inbound,Brand Authority & MQLs,6363458,160
TCS-CMP-01545,Q1 Cloud Scale - Retail,Account-Based Email,2026-04-02,2026-04,12153,23200,1131,95,61,33,26,18,7,38361722,Strategic Growth Accounts,Manufacturing & Auto,North America,Retail Omnichannel & Supply Chain,Outbound ABM,Pipeline Generation,5480246,56
TCS-CMP-01546,Global Horizon - Cloud,Google Search,2026-06-04,2026-06,55073,79612,2936,191,104,54,33,20,5,17908055,Strategic Growth Accounts,Banking & Capital Markets,North America,Cloud & Infrastructure Transformation,Digital Inbound,Pipeline Generation,3581611,133
TCS-CMP-01547,BFSI Resiliency - Healthcare,Tech Analyst Webinars,2026-04-11,2026-04,40619,87295,1649,106,55,18,8,5,1,3814747,Strategic Growth Accounts,Retail & CPG,North America,Healthcare & Life Sciences Digital Labs,Digital Inbound,Executive Engagement,3814747,49
TCS-CMP-01548,Global Horizon - Retail,Account-Based Email,2026-08-26,2026-08,18408,38379,1296,85,65,38,24,21,8,52325896,Strategic Growth Accounts,Banking & Capital Markets,India & Middle East,Retail Omnichannel & Supply Chain,Outbound ABM,Brand Authority & MQLs,6540737,63
TCS-CMP-01549,CyberShield 360 - Retail,Industry Display & Media,2026-04-04,2026-04,21780,165922,1455,63,26,8,3,2,0,0,Nurture / Mid-Market,Energy & Utilities,India & Middle East,Retail Omnichannel & Supply Chain,Digital Inbound,Strategic Account Penetration,2090667,139
TCS-CMP-01550,Global Horizon - BFSI,Account-Based Email,2025-11-22,2025-11,23580,39122,1909,157,121,59,34,22,9,83633337,Enterprise High-Value,Banking & Capital Markets,APAC & Australia,BFSI Core Modernization,Outbound ABM,Executive Engagement,9292593,180
TCS-CMP-01551,Cognitive Ops 2.0 - Retail,Industry Display & Media,2026-01-20,2026-01,31770,262564,2628,99,41,13,5,3,0,0,Nurture / Mid-Market,Manufacturing & Auto,North America,Retail Omnichannel & Supply Chain,Digital Inbound,Executive Engagement,2054483,124
TCS-CMP-01552,Cognitive Ops 2.0 - BFSI,Tech Analyst Webinars,2026-04-17,2026-04,40576,75216,1977,135,66,21,9,5,2,10838718,Enterprise High-Value,Healthcare & Life Sciences,APAC & Australia,BFSI Core Modernization,Digital Inbound,Executive Engagement,5419359,83
TCS-CMP-01553,Zero Trust Enterprise - Retail,Tech Analyst Webinars,2026-03-16,2026-03,29307,58726,1035,71,34,13,6,4,1,1318324,Emerging Tier / High-CAC,Banking & Capital Markets,North America,Retail Omnichannel & Supply Chain,Digital Inbound,Brand Authority & MQLs,1318324,135
TCS-CMP-01554,Q1 Cloud Scale - Healthcare,Google Search,2026-04-11,2026-04,56740,172481,7875,461,287,119,73,46,14,17736488,Emerging Tier / High-CAC,Healthcare & Life Sciences,Nordics & Benelux,Healthcare & Life Sciences Digital Labs,Digital Inbound,Strategic Account Penetration,1266892,78
TCS-CMP-01555,Global Horizon - Retail,Tech Analyst Webinars,2025-12-24,2025-12,36405,121996,2191,147,92,41,18,10,3,4019835,Emerging Tier / High-CAC,Retail & CPG,APAC & Australia,Retail Omnichannel & Supply Chain,Digital Inbound,Brand Authority & MQLs,1339945,67
TCS-CMP-01556,Global Horizon - Cloud,Tech Analyst Webinars,2026-04-12,2026-04,25277,45579,1186,71,38,18,9,6,1,3540236,Strategic Growth Accounts,Banking & Capital Markets,Nordics & Benelux,Cloud & Infrastructure Transformation,Digital Inbound,Executive Engagement,3540236,137
TCS-CMP-01557,Cognitive Ops 2.0 - Cyber,Industry Display & Media,2026-02-19,2026-02,44827,192916,1411,57,28,8,3,2,0,0,Strategic Growth Accounts,Banking & Capital Markets,Europe & UK,Cyber Defense & Risk Governance,Digital Inbound,Strategic Account Penetration,2755905,132
TCS-CMP-01558,Sustainable Tech Suite - BFSI,Industry Display & Media,2026-08-20,2026-08,29286,141321,1532,49,17,5,2,1,0,0,Nurture / Mid-Market,Telecom & Media,Nordics & Benelux,BFSI Core Modernization,Digital Inbound,Brand Authority & MQLs,1959962,125
TCS-CMP-01559,Zero Trust Enterprise - BFSI,Executive Events & Roundtables,2026-09-19,2026-09,67138,47261,605,67,39,12,5,3,1,3214184,Emerging Tier / High-CAC,Healthcare & Life Sciences,North America,BFSI Core Modernization,Experiential,Strategic Account Penetration,3214184,78
TCS-CMP-01560,CyberShield 360 - Cognitive,Industry Display & Media,2025-11-24,2025-11,15801,124578,1044,31,13,4,2,1,0,0,Emerging Tier / High-CAC,Healthcare & Life Sciences,APAC & Australia,Cognitive AI & Enterprise Automation,Digital Inbound,Pipeline Generation,1072232,63
TCS-CMP-01561,Life Sciences DataHub - Healthcare,Google Search,2026-05-10,2026-05,44019,82169,3313,241,155,64,39,22,6,9639144,Emerging Tier / High-CAC,Healthcare & Life Sciences,North America,Healthcare & Life Sciences Digital Labs,Digital Inbound,Pipeline Generation,1606524,134
TCS-CMP-01562,Zero Trust Enterprise - Cyber,Account-Based Email,2025-12-24,2025-12,12411,28088,1148,107,77,39,30,23,10,16504500,Emerging Tier / High-CAC,Retail & CPG,Nordics & Benelux,Cyber Defense & Risk Governance,Outbound ABM,Executive Engagement,1650450,54
TCS-CMP-01563,Life Sciences DataHub - Healthcare,LinkedIn Enterprise,2026-05-02,2026-05,55931,97132,2727,283,154,74,49,39,17,32468436,Emerging Tier / High-CAC,Telecom & Media,Nordics & Benelux,Healthcare & Life Sciences Digital Labs,Digital Inbound,Pipeline Generation,1909908,101
TCS-CMP-01564,CyberShield 360 - BFSI,Account-Based Email,2026-09-08,2026-09,27324,38956,1512,98,58,28,21,17,8,64546336,Enterprise High-Value,Retail & CPG,North America,BFSI Core Modernization,Outbound ABM,Pipeline Generation,8068292,145
TCS-CMP-01565,Zero Trust Enterprise - Healthcare,Account-Based Email,2026-01-12,2026-01,8494,19811,783,82,54,25,14,12,4,15524236,Nurture / Mid-Market,Manufacturing & Auto,Europe & UK,Healthcare & Life Sciences Digital Labs,Outbound ABM,Pipeline Generation,3881059,107
TCS-CMP-01566,Zero Trust Enterprise - Cyber,Account-Based Email,2026-09-01,2026-09,13637,31918,1235,107,78,45,34,22,8,69102688,Enterprise High-Value,Energy & Utilities,North America,Cyber Defense & Risk Governance,Outbound ABM,Brand Authority & MQLs,8637836,99
TCS-CMP-01567,Life Sciences DataHub - Retail,Tech Analyst Webinars,2026-07-09,2026-07,35043,68764,1563,87,54,23,13,7,2,8336760,Strategic Growth Accounts,Banking & Capital Markets,North America,Retail Omnichannel & Supply Chain,Digital Inbound,Strategic Account Penetration,4168380,69
TCS-CMP-01568,CyberShield 360 - Cloud,Industry Display & Media,2026-07-21,2026-07,34248,228855,2425,73,25,8,3,1,0,0,Emerging Tier / High-CAC,Telecom & Media,North America,Cloud & Infrastructure Transformation,Digital Inbound,Pipeline Generation,1107835,90
TCS-CMP-01569,CyberShield 360 - Retail,Google Search,2026-01-19,2026-01,41788,111587,3479,249,117,44,22,16,4,15107816,Strategic Growth Accounts,Telecom & Media,North America,Retail Omnichannel & Supply Chain,Digital Inbound,Executive Engagement,3776954,143
TCS-CMP-01570,BFSI Resiliency - Cyber,LinkedIn Enterprise,2026-07-03,2026-07,50623,80080,2459,241,163,90,54,33,12,27660192,Emerging Tier / High-CAC,Manufacturing & Auto,North America,Cyber Defense & Risk Governance,Digital Inbound,Brand Authority & MQLs,2305016,121
TCS-CMP-01571,Zero Trust Enterprise - Cognitive,LinkedIn Enterprise,2026-07-18,2026-07,21751,38053,809,74,39,17,12,9,3,5634237,Emerging Tier / High-CAC,Retail & CPG,India & Middle East,Cognitive AI & Enterprise Automation,Digital Inbound,Executive Engagement,1878079,103
TCS-CMP-01572,CyberShield 360 - Healthcare,Executive Events & Roundtables,2026-03-16,2026-03,83752,78422,1242,157,129,48,19,12,4,14618572,Emerging Tier / High-CAC,Energy & Utilities,Nordics & Benelux,Healthcare & Life Sciences Digital Labs,Experiential,Brand Authority & MQLs,3654643,92
TCS-CMP-01573,Zero Trust Enterprise - Cyber,Google Search,2025-12-28,2025-12,27343,49898,1742,100,62,23,12,8,2,4585772,Nurture / Mid-Market,Banking & Capital Markets,APAC & Australia,Cyber Defense & Risk Governance,Digital Inbound,Pipeline Generation,2292886,129
TCS-CMP-01574,BFSI Resiliency - BFSI,Google Search,2025-10-09,2025-10,45999,109762,3342,190,114,55,29,19,7,26081853,Strategic Growth Accounts,Manufacturing & Auto,Nordics & Benelux,BFSI Core Modernization,Digital Inbound,Pipeline Generation,3725979,85
TCS-CMP-01575,OmniCommerce Edge - Healthcare,Account-Based Email,2025-11-06,2025-11,22377,40083,1492,150,108,67,46,40,15,24769305,Emerging Tier / High-CAC,Telecom & Media,Europe & UK,Healthcare & Life Sciences Digital Labs,Outbound ABM,Strategic Account Penetration,1651287,80
TCS-CMP-01576,NextGen CX - Cognitive,Industry Display & Media,2026-03-06,2026-03,31711,140204,1440,38,14,4,2,1,0,0,Emerging Tier / High-CAC,Energy & Utilities,Nordics & Benelux,Cognitive AI & Enterprise Automation,Digital Inbound,Pipeline Generation,1197739,63
TCS-CMP-01577,Q1 Cloud Scale - Cloud,Executive Events & Roundtables,2026-06-02,2026-06,114166,81466,1251,123,101,33,15,7,2,28433924,Enterprise High-Value,Healthcare & Life Sciences,Europe & UK,Cloud & Infrastructure Transformation,Experiential,Brand Authority & MQLs,14216962,167
TCS-CMP-01578,Cognitive Ops 2.0 - Cognitive,Google Search,2025-10-07,2025-10,59892,149933,6907,593,332,135,75,58,13,83974891,Enterprise High-Value,Energy & Utilities,India & Middle East,Cognitive AI & Enterprise Automation,Digital Inbound,Strategic Account Penetration,6459607,190
TCS-CMP-01579,GenAI Catalyst - Cloud,Tech Analyst Webinars,2026-05-04,2026-05,24768,53843,1475,74,43,16,8,5,1,4024325,Strategic Growth Accounts,Retail & CPG,Nordics & Benelux,Cloud & Infrastructure Transformation,Digital Inbound,Strategic Account Penetration,4024325,101
TCS-CMP-01580,Zero Trust Enterprise - Healthcare,Google Search,2026-01-25,2026-01,29738,41211,1280,89,53,19,10,8,2,12817650,Enterprise High-Value,Retail & CPG,Nordics & Benelux,Healthcare & Life Sciences Digital Labs,Digital Inbound,Executive Engagement,6408825,132
TCS-CMP-01581,OmniCommerce Edge - Retail,Google Search,2026-09-11,2026-09,49380,85762,3963,369,207,91,44,27,8,32412816,Strategic Growth Accounts,Manufacturing & Auto,APAC & Australia,Retail Omnichannel & Supply Chain,Digital Inbound,Pipeline Generation,4051602,142
TCS-CMP-01582,GenAI Catalyst - Retail,Executive Events & Roundtables,2026-06-04,2026-06,52067,38488,498,50,35,14,6,3,1,3754675,Emerging Tier / High-CAC,Banking & Capital Markets,India & Middle East,Retail Omnichannel & Supply Chain,Experiential,Executive Engagement,3754675,45
TCS-CMP-01583,CyberShield 360 - Cyber,LinkedIn Enterprise,2025-10-06,2025-10,38009,90915,2563,285,150,83,59,36,15,33346380,Emerging Tier / High-CAC,Telecom & Media,North America,Cyber Defense & Risk Governance,Digital Inbound,Strategic Account Penetration,2223092,138
TCS-CMP-01584,Sustainable Tech Suite - Healthcare,Account-Based Email,2026-04-15,2026-04,24018,49820,2582,189,109,70,43,38,15,127197630,Enterprise High-Value,Healthcare & Life Sciences,Nordics & Benelux,Healthcare & Life Sciences Digital Labs,Outbound ABM,Executive Engagement,8479842,163
TCS-CMP-01585,BFSI Resiliency - Cognitive,Executive Events & Roundtables,2026-09-24,2026-09,86856,82594,1471,145,102,31,15,8,2,6197888,Emerging Tier / High-CAC,Manufacturing & Auto,Europe & UK,Cognitive AI & Enterprise Automation,Experiential,Executive Engagement,3098944,50
TCS-CMP-01586,NextGen CX - Cognitive,Account-Based Email,2025-12-11,2025-12,26256,71368,2766,260,157,81,45,37,20,44561460,Emerging Tier / High-CAC,Manufacturing & Auto,North America,Cognitive AI & Enterprise Automation,Outbound ABM,Pipeline Generation,2228073,68
TCS-CMP-01587,Global Horizon - Cloud,Tech Analyst Webinars,2026-09-18,2026-09,16300,25139,560,31,18,6,3,2,1,3693422,Strategic Growth Accounts,Manufacturing & Auto,India & Middle East,Cloud & Infrastructure Transformation,Digital Inbound,Pipeline Generation,3693422,111
TCS-CMP-01588,SAP S/4 Hana Accelerated - Cyber,LinkedIn Enterprise,2026-02-08,2026-02,24194,35387,789,74,42,26,19,13,6,32675766,Strategic Growth Accounts,Healthcare & Life Sciences,North America,Cyber Defense & Risk Governance,Digital Inbound,Brand Authority & MQLs,5445961,65
TCS-CMP-01589,Cognitive Ops 2.0 - Retail,Industry Display & Media,2026-03-17,2026-03,44967,260747,2506,67,31,9,3,1,0,0,Strategic Growth Accounts,Energy & Utilities,India & Middle East,Retail Omnichannel & Supply Chain,Digital Inbound,Strategic Account Penetration,3304039,129
TCS-CMP-01590,NextGen CX - Cyber,Google Search,2026-04-18,2026-04,56564,113421,5141,467,278,110,52,40,14,19450172,Emerging Tier / High-CAC,Banking & Capital Markets,Europe & UK,Cyber Defense & Risk Governance,Digital Inbound,Brand Authority & MQLs,1389298,108
TCS-CMP-01591,BFSI Resiliency - Cloud,LinkedIn Enterprise,2025-12-15,2025-12,36708,70029,1741,163,114,69,43,30,12,48269160,Nurture / Mid-Market,Healthcare & Life Sciences,India & Middle East,Cloud & Infrastructure Transformation,Digital Inbound,Pipeline Generation,4022430,99
TCS-CMP-01592,SAP S/4 Hana Accelerated - Cloud,Account-Based Email,2026-01-07,2026-01,16002,29703,1425,130,104,61,45,38,17,167711562,Enterprise High-Value,Manufacturing & Auto,APAC & Australia,Cloud & Infrastructure Transformation,Outbound ABM,Executive Engagement,9865386,204
TCS-CMP-01593,Life Sciences DataHub - Healthcare,Industry Display & Media,2026-07-11,2026-07,17634,114200,844,25,12,3,1,0,0,0,Nurture / Mid-Market,Manufacturing & Auto,APAC & Australia,Healthcare & Life Sciences Digital Labs,Digital Inbound,Executive Engagement,2257200,90
TCS-CMP-01594,BFSI Resiliency - Retail,Tech Analyst Webinars,2025-10-16,2025-10,39461,101995,2378,127,76,25,12,6,2,2659866,Emerging Tier / High-CAC,Telecom & Media,Europe & UK,Retail Omnichannel & Supply Chain,Digital Inbound,Brand Authority & MQLs,1329933,89
TCS-CMP-01595,Global Horizon - Cloud,Industry Display & Media,2025-12-28,2025-12,20144,126036,1217,49,24,6,2,1,0,0,Emerging Tier / High-CAC,Manufacturing & Auto,Europe & UK,Cloud & Infrastructure Transformation,Digital Inbound,Strategic Account Penetration,1263034,115
TCS-CMP-01596,Zero Trust Enterprise - Cloud,Industry Display & Media,2026-08-04,2026-08,41986,226349,2125,81,35,11,4,2,0,0,Enterprise High-Value,Telecom & Media,India & Middle East,Cloud & Infrastructure Transformation,Digital Inbound,Strategic Account Penetration,5217195,108
TCS-CMP-01597,Global Horizon - Healthcare,Industry Display & Media,2026-06-10,2026-06,45745,249760,2021,53,27,7,3,2,0,0,Emerging Tier / High-CAC,Manufacturing & Auto,North America,Healthcare & Life Sciences Digital Labs,Digital Inbound,Pipeline Generation,1196301,54
TCS-CMP-01598,Cognitive Ops 2.0 - Cognitive,Google Search,2026-06-07,2026-06,56057,90936,4056,266,182,85,40,22,6,27545724,Strategic Growth Accounts,Banking & Capital Markets,APAC & Australia,Cognitive AI & Enterprise Automation,Digital Inbound,Strategic Account Penetration,4590954,134
TCS-CMP-01599,Life Sciences DataHub - BFSI,Industry Display & Media,2026-03-23,2026-03,18218,91231,905,37,17,5,2,1,0,0,Enterprise High-Value,Healthcare & Life Sciences,North America,BFSI Core Modernization,Digital Inbound,Brand Authority & MQLs,5643052,190
TCS-CMP-01600,OmniCommerce Edge - Cyber,Tech Analyst Webinars,2026-02-24,2026-02,39111,56725,1389,96,52,25,14,7,3,20953995,Enterprise High-Value,Banking & Capital Markets,India & Middle East,Cyber Defense & Risk Governance,Digital Inbound,Pipeline Generation,6984665,155
TCS-CMP-01601,CyberShield 360 - Cognitive,LinkedIn Enterprise,2025-12-09,2025-12,35989,78344,2487,210,115,53,39,29,13,27735669,Emerging Tier / High-CAC,Banking & Capital Markets,North America,Cognitive AI & Enterprise Automation,Digital Inbound,Brand Authority & MQLs,2133513,136
TCS-CMP-01602,OmniCommerce Edge - Cognitive,Google Search,2026-01-13,2026-01,64045,91581,3309,306,166,83,49,36,9,12086892,Emerging Tier / High-CAC,Healthcare & Life Sciences,India & Middle East,Cognitive AI & Enterprise Automation,Digital Inbound,Pipeline Generation,1342988,92
TCS-CMP-01603,Global Horizon - Cyber,Industry Display & Media,2025-12-05,2025-12,36041,182023,1556,55,26,9,4,2,1,4670609,Enterprise High-Value,Banking & Capital Markets,APAC & Australia,Cyber Defense & Risk Governance,Digital Inbound,Pipeline Generation,4670609,189
TCS-CMP-01604,CyberShield 360 - Cloud,Industry Display & Media,2026-03-23,2026-03,24978,116385,1215,38,14,4,2,1,0,0,Enterprise High-Value,Manufacturing & Auto,India & Middle East,Cloud & Infrastructure Transformation,Digital Inbound,Pipeline Generation,5409985,205
TCS-CMP-01605,Life Sciences DataHub - Retail,Industry Display & Media,2025-11-14,2025-11,46680,248501,1881,55,24,6,2,1,0,0,Strategic Growth Accounts,Healthcare & Life Sciences,North America,Retail Omnichannel & Supply Chain,Digital Inbound,Pipeline Generation,3649099,107
TCS-CMP-01606,OmniCommerce Edge - Retail,Account-Based Email,2026-04-06,2026-04,17065,25093,1234,79,47,26,19,15,5,17696195,Nurture / Mid-Market,Energy & Utilities,India & Middle East,Retail Omnichannel & Supply Chain,Outbound ABM,Brand Authority & MQLs,3539239,90
TCS-CMP-01607,Sustainable Tech Suite - Healthcare,Account-Based Email,2025-11-09,2025-11,11451,22598,989,94,62,35,27,19,8,27515008,Nurture / Mid-Market,Healthcare & Life Sciences,North America,Healthcare & Life Sciences Digital Labs,Outbound ABM,Strategic Account Penetration,3439376,82
TCS-CMP-01608,Sustainable Tech Suite - Retail,Tech Analyst Webinars,2025-10-26,2025-10,17943,26314,565,35,21,7,3,2,0,0,Enterprise High-Value,Healthcare & Life Sciences,Nordics & Benelux,Retail Omnichannel & Supply Chain,Digital Inbound,Brand Authority & MQLs,5842945,123
TCS-CMP-01609,Life Sciences DataHub - Cloud,Account-Based Email,2026-01-26,2026-01,12344,32679,1595,158,111,66,40,26,9,47463183,Strategic Growth Accounts,Retail & CPG,Nordics & Benelux,Cloud & Infrastructure Transformation,Outbound ABM,Pipeline Generation,5273687,63
TCS-CMP-01610,Q1 Cloud Scale - Healthcare,Tech Analyst Webinars,2026-09-01,2026-09,12768,20598,523,29,16,6,3,2,1,2515467,Nurture / Mid-Market,Healthcare & Life Sciences,North America,Healthcare & Life Sciences Digital Labs,Digital Inbound,Strategic Account Penetration,2515467,140
TCS-CMP-01611,SAP S/4 Hana Accelerated - Retail,LinkedIn Enterprise,2026-07-01,2026-07,59360,100661,2585,215,112,67,38,32,14,56312802,Nurture / Mid-Market,Manufacturing & Auto,India & Middle East,Retail Omnichannel & Supply Chain,Digital Inbound,Executive Engagement,4022343,54
TCS-CMP-01612,Global Horizon - BFSI,Account-Based Email,2025-10-11,2025-10,16777,45668,2106,171,124,59,39,33,18,162210060,Enterprise High-Value,Energy & Utilities,APAC & Australia,BFSI Core Modernization,Outbound ABM,Executive Engagement,9011670,78
TCS-CMP-01613,Global Horizon - Healthcare,Industry Display & Media,2025-12-21,2025-12,40186,166096,1818,75,35,11,4,2,1,6026351,Enterprise High-Value,Banking & Capital Markets,APAC & Australia,Healthcare & Life Sciences Digital Labs,Digital Inbound,Executive Engagement,6026351,106
TCS-CMP-01614,CyberShield 360 - Healthcare,Tech Analyst Webinars,2026-09-26,2026-09,23472,39834,797,44,23,10,4,3,1,2312435,Nurture / Mid-Market,Energy & Utilities,North America,Healthcare & Life Sciences Digital Labs,Digital Inbound,Pipeline Generation,2312435,141
TCS-CMP-01615,Zero Trust Enterprise - Cloud,Industry Display & Media,2025-10-22,2025-10,17372,92612,902,38,15,5,2,1,0,0,Enterprise High-Value,Retail & CPG,India & Middle East,Cloud & Infrastructure Transformation,Digital Inbound,Strategic Account Penetration,4981334,119
TCS-CMP-01616,Zero Trust Enterprise - Cyber,Industry Display & Media,2025-10-03,2025-10,34179,195271,1604,52,20,6,2,1,0,0,Strategic Growth Accounts,Telecom & Media,APAC & Australia,Cyber Defense & Risk Governance,Digital Inbound,Pipeline Generation,3132595,125
TCS-CMP-01617,NextGen CX - Cognitive,Executive Events & Roundtables,2026-02-08,2026-02,133382,133437,2084,284,196,64,29,17,5,17878795,Emerging Tier / High-CAC,Banking & Capital Markets,Nordics & Benelux,Cognitive AI & Enterprise Automation,Experiential,Pipeline Generation,3575759,143
TCS-CMP-01618,Global Horizon - Retail,Google Search,2026-09-21,2026-09,67009,110565,3769,213,135,66,43,32,11,28849579,Nurture / Mid-Market,Telecom & Media,Nordics & Benelux,Retail Omnichannel & Supply Chain,Digital Inbound,Strategic Account Penetration,2622689,61
TCS-CMP-01619,OmniCommerce Edge - Cyber,Industry Display & Media,2026-01-16,2026-01,33099,199157,1947,79,32,8,3,2,1,1224568,Emerging Tier / High-CAC,Energy & Utilities,North America,Cyber Defense & Risk Governance,Digital Inbound,Pipeline Generation,1224568,135
TCS-CMP-01620,BFSI Resiliency - Retail,LinkedIn Enterprise,2026-05-04,2026-05,41822,70879,1519,163,120,54,39,25,7,13719629,Emerging Tier / High-CAC,Banking & Capital Markets,Europe & UK,Retail Omnichannel & Supply Chain,Digital Inbound,Brand Authority & MQLs,1959947,115
TCS-CMP-01621,Cognitive Ops 2.0 - Cognitive,Tech Analyst Webinars,2026-03-22,2026-03,41869,56516,1472,109,50,21,11,7,2,4993202,Nurture / Mid-Market,Manufacturing & Auto,Nordics & Benelux,Cognitive AI & Enterprise Automation,Digital Inbound,Pipeline Generation,2496601,107
TCS-CMP-01622,NextGen CX - Cyber,Executive Events & Roundtables,2025-12-20,2025-12,59946,38834,534,61,46,16,8,5,1,13650703,Enterprise High-Value,Energy & Utilities,North America,Cyber Defense & Risk Governance,Experiential,Pipeline Generation,13650703,166
TCS-CMP-01623,BFSI Resiliency - Cloud,Account-Based Email,2026-06-28,2026-06,19245,44722,2327,201,157,102,63,49,25,73814400,Nurture / Mid-Market,Telecom & Media,Europe & UK,Cloud & Infrastructure Transformation,Outbound ABM,Brand Authority & MQLs,2952576,88
TCS-CMP-01624,Life Sciences DataHub - Cyber,LinkedIn Enterprise,2026-09-10,2026-09,61963,138316,3087,234,137,75,46,28,10,60222610,Strategic Growth Accounts,Healthcare & Life Sciences,North America,Cyber Defense & Risk Governance,Digital Inbound,Strategic Account Penetration,6022261,125
TCS-CMP-01625,Q1 Cloud Scale - BFSI,Account-Based Email,2026-07-13,2026-07,20297,27346,1259,82,56,31,22,19,6,30529716,Strategic Growth Accounts,Retail & CPG,North America,BFSI Core Modernization,Outbound ABM,Executive Engagement,5088286,67
TCS-CMP-01626,Global Horizon - Retail,Executive Events & Roundtables,2026-03-27,2026-03,73682,49582,910,108,62,20,8,4,1,3958548,Emerging Tier / High-CAC,Energy & Utilities,Nordics & Benelux,Retail Omnichannel & Supply Chain,Experiential,Pipeline Generation,3958548,118
TCS-CMP-01627,Sustainable Tech Suite - Cloud,Google Search,2026-04-26,2026-04,27054,46506,2128,190,122,55,32,19,7,30866416,Strategic Growth Accounts,Telecom & Media,APAC & Australia,Cloud & Infrastructure Transformation,Digital Inbound,Strategic Account Penetration,4409488,139
TCS-CMP-01628,Global Horizon - Cognitive,Executive Events & Roundtables,2026-09-03,2026-09,51976,30789,418,49,38,16,6,3,1,11359813,Strategic Growth Accounts,Manufacturing & Auto,APAC & Australia,Cognitive AI & Enterprise Automation,Experiential,Pipeline Generation,11359813,144
TCS-CMP-01629,CyberShield 360 - BFSI,LinkedIn Enterprise,2025-11-12,2025-11,61381,143466,4472,389,252,142,85,69,27,234321309,Enterprise High-Value,Healthcare & Life Sciences,APAC & Australia,BFSI Core Modernization,Digital Inbound,Brand Authority & MQLs,8678567,158
TCS-CMP-01630,Cognitive Ops 2.0 - Retail,Tech Analyst Webinars,2026-06-26,2026-06,36400,59623,1342,92,53,23,13,7,2,13984804,Enterprise High-Value,Energy & Utilities,Nordics & Benelux,Retail Omnichannel & Supply Chain,Digital Inbound,Pipeline Generation,6992402,174
TCS-CMP-01631,CyberShield 360 - Healthcare,LinkedIn Enterprise,2025-10-19,2025-10,32456,75295,2354,199,130,74,42,32,12,125648928,Enterprise High-Value,Banking & Capital Markets,North America,Healthcare & Life Sciences Digital Labs,Digital Inbound,Strategic Account Penetration,10470744,106
TCS-CMP-01632,CyberShield 360 - Cognitive,Account-Based Email,2025-10-27,2025-10,17903,31643,1407,131,78,43,29,22,9,34214265,Nurture / Mid-Market,Healthcare & Life Sciences,APAC & Australia,Cognitive AI & Enterprise Automation,Outbound ABM,Brand Authority & MQLs,3801585,119
TCS-CMP-01633,Life Sciences DataHub - Cognitive,Industry Display & Media,2026-08-03,2026-08,22619,94070,812,34,14,4,2,1,0,0,Emerging Tier / High-CAC,Telecom & Media,North America,Cognitive AI & Enterprise Automation,Digital Inbound,Executive Engagement,1150127,105
TCS-CMP-01634,Q1 Cloud Scale - Cloud,Google Search,2025-10-07,2025-10,49290,145832,4786,304,144,70,46,26,8,56390896,Enterprise High-Value,Healthcare & Life Sciences,APAC & Australia,Cloud & Infrastructure Transformation,Digital Inbound,Pipeline Generation,7048862,175
TCS-CMP-01635,Sustainable Tech Suite - Healthcare,LinkedIn Enterprise,2026-06-28,2026-06,52395,73863,2333,213,111,50,26,21,7,39937730,Strategic Growth Accounts,Energy & Utilities,APAC & Australia,Healthcare & Life Sciences Digital Labs,Digital Inbound,Pipeline Generation,5705390,69
TCS-CMP-01636,Life Sciences DataHub - Cognitive,Google Search,2025-10-11,2025-10,61822,139152,4236,281,180,84,40,29,10,12517690,Emerging Tier / High-CAC,Manufacturing & Auto,APAC & Australia,Cognitive AI & Enterprise Automation,Digital Inbound,Pipeline Generation,1251769,61
TCS-CMP-01637,Sustainable Tech Suite - Healthcare,Tech Analyst Webinars,2026-07-01,2026-07,26087,55799,1147,80,44,17,7,4,1,1325607,Emerging Tier / High-CAC,Energy & Utilities,APAC & Australia,Healthcare & Life Sciences Digital Labs,Digital Inbound,Pipeline Generation,1325607,57
TCS-CMP-01638,BFSI Resiliency - Cloud,Google Search,2026-02-14,2026-02,53954,124448,5637,364,214,86,51,39,16,115401664,Enterprise High-Value,Healthcare & Life Sciences,North America,Cloud & Infrastructure Transformation,Digital Inbound,Brand Authority & MQLs,7212604,182
TCS-CMP-01639,Global Horizon - Healthcare,Account-Based Email,2025-10-02,2025-10,26955,41756,1953,126,96,59,38,25,12,26710236,Emerging Tier / High-CAC,Energy & Utilities,Europe & UK,Healthcare & Life Sciences Digital Labs,Outbound ABM,Strategic Account Penetration,2225853,59
TCS-CMP-01640,Cognitive Ops 2.0 - Cyber,LinkedIn Enterprise,2026-09-13,2026-09,30874,89907,2651,205,136,77,52,41,17,103422764,Strategic Growth Accounts,Banking & Capital Markets,India & Middle East,Cyber Defense & Risk Governance,Digital Inbound,Executive Engagement,6083692,96
TCS-CMP-01641,NextGen CX - Retail,LinkedIn Enterprise,2026-01-15,2026-01,44194,107621,3239,239,181,107,68,44,20,72231860,Nurture / Mid-Market,Healthcare & Life Sciences,APAC & Australia,Retail Omnichannel & Supply Chain,Digital Inbound,Pipeline Generation,3611593,51
TCS-CMP-01642,Sustainable Tech Suite - Cloud,Executive Events & Roundtables,2026-02-05,2026-02,63896,50914,886,117,88,32,12,8,2,22387476,Strategic Growth Accounts,Banking & Capital Markets,North America,Cloud & Infrastructure Transformation,Experiential,Brand Authority & MQLs,11193738,102
TCS-CMP-01643,SAP S/4 Hana Accelerated - Healthcare,Tech Analyst Webinars,2025-12-14,2025-12,23715,40389,723,45,23,9,4,2,1,1294588,Emerging Tier / High-CAC,Banking & Capital Markets,India & Middle East,Healthcare & Life Sciences Digital Labs,Digital Inbound,Executive Engagement,1294588,142
TCS-CMP-01644,Sustainable Tech Suite - Cloud,Google Search,2026-06-05,2026-06,42818,119601,5056,428,251,103,51,37,12,42679932,Strategic Growth Accounts,Manufacturing & Auto,Nordics & Benelux,Cloud & Infrastructure Transformation,Digital Inbound,Executive Engagement,3556661,141
TCS-CMP-01645,Zero Trust Enterprise - Healthcare,Account-Based Email,2026-02-11,2026-02,19867,49514,2543,174,105,57,35,29,15,152692575,Enterprise High-Value,Healthcare & Life Sciences,India & Middle East,Healthcare & Life Sciences Digital Labs,Outbound ABM,Pipeline Generation,10179505,93
TCS-CMP-01646,GenAI Catalyst - Healthcare,LinkedIn Enterprise,2026-06-17,2026-06,62929,107777,2867,310,171,104,64,47,23,77495694,Nurture / Mid-Market,Retail & CPG,India & Middle East,Healthcare & Life Sciences Digital Labs,Digital Inbound,Pipeline Generation,3369378,124
TCS-CMP-01647,SAP S/4 Hana Accelerated - BFSI,Executive Events & Roundtables,2026-06-01,2026-06,81596,52496,753,100,56,19,10,5,1,3117697,Emerging Tier / High-CAC,Telecom & Media,APAC & Australia,BFSI Core Modernization,Experiential,Executive Engagement,3117697,94
TCS-CMP-01648,BFSI Resiliency - Cyber,Industry Display & Media,2025-12-09,2025-12,30478,252884,2632,110,45,11,4,2,0,0,Strategic Growth Accounts,Manufacturing & Auto,Nordics & Benelux,Cyber Defense & Risk Governance,Digital Inbound,Brand Authority & MQLs,2766079,55
TCS-CMP-01649,Cognitive Ops 2.0 - Cyber,Executive Events & Roundtables,2026-06-26,2026-06,92119,82925,1106,162,103,37,18,11,2,30568276,Enterprise High-Value,Energy & Utilities,APAC & Australia,Cyber Defense & Risk Governance,Experiential,Brand Authority & MQLs,15284138,114
TCS-CMP-01650,Global Horizon - Healthcare,Executive Events & Roundtables,2026-09-17,2026-09,76158,58384,848,98,74,27,12,7,2,17442764,Strategic Growth Accounts,Manufacturing & Auto,Europe & UK,Healthcare & Life Sciences Digital Labs,Experiential,Executive Engagement,8721382,69
TCS-CMP-01651,NextGen CX - Cloud,Industry Display & Media,2026-04-13,2026-04,24324,137720,1466,46,20,5,2,1,0,0,Strategic Growth Accounts,Manufacturing & Auto,Nordics & Benelux,Cloud & Infrastructure Transformation,Digital Inbound,Pipeline Generation,3680489,100
TCS-CMP-01652,BFSI Resiliency - Healthcare,Account-Based Email,2025-10-04,2025-10,21312,65683,3245,233,154,74,51,38,19,88842993,Strategic Growth Accounts,Banking & Capital Markets,North America,Healthcare & Life Sciences Digital Labs,Outbound ABM,Brand Authority & MQLs,4675947,115
TCS-CMP-01653,GenAI Catalyst - BFSI,LinkedIn Enterprise,2026-09-26,2026-09,24030,47227,1201,94,60,30,18,13,5,9241575,Emerging Tier / High-CAC,Banking & Capital Markets,Europe & UK,BFSI Core Modernization,Digital Inbound,Executive Engagement,1848315,53
TCS-CMP-01654,SAP S/4 Hana Accelerated - Cloud,Executive Events & Roundtables,2026-04-02,2026-04,62533,60502,1077,133,86,33,16,10,3,30667071,Strategic Growth Accounts,Energy & Utilities,North America,Cloud & Infrastructure Transformation,Experiential,Strategic Account Penetration,10222357,58
TCS-CMP-01655,SAP S/4 Hana Accelerated - Retail,Tech Analyst Webinars,2026-07-15,2026-07,13413,32354,826,66,37,13,7,4,1,6260888,Enterprise High-Value,Banking & Capital Markets,APAC & Australia,Retail Omnichannel & Supply Chain,Digital Inbound,Brand Authority & MQLs,6260888,184
TCS-CMP-01656,Cognitive Ops 2.0 - Cyber,Google Search,2026-04-04,2026-04,36590,80491,2827,214,116,46,27,16,5,11305160,Nurture / Mid-Market,Telecom & Media,APAC & Australia,Cyber Defense & Risk Governance,Digital Inbound,Executive Engagement,2261032,53
TCS-CMP-01657,BFSI Resiliency - Cognitive,Industry Display & Media,2026-09-19,2026-09,35303,143627,1139,42,16,4,2,1,0,0,Nurture / Mid-Market,Energy & Utilities,Europe & UK,Cognitive AI & Enterprise Automation,Digital Inbound,Strategic Account Penetration,1664502,71
TCS-CMP-01658,OmniCommerce Edge - Healthcare,Google Search,2025-11-04,2025-11,23025,54508,2235,172,109,57,32,19,8,22039936,Nurture / Mid-Market,Healthcare & Life Sciences,Nordics & Benelux,Healthcare & Life Sciences Digital Labs,Digital Inbound,Brand Authority & MQLs,2754992,52
TCS-CMP-01659,GenAI Catalyst - Cyber,Google Search,2026-09-09,2026-09,35144,54869,2324,192,123,46,23,17,4,29967472,Enterprise High-Value,Healthcare & Life Sciences,APAC & Australia,Cyber Defense & Risk Governance,Digital Inbound,Strategic Account Penetration,7491868,78
TCS-CMP-01660,NextGen CX - BFSI,Industry Display & Media,2025-12-10,2025-12,34515,146162,1555,56,22,5,2,1,0,0,Nurture / Mid-Market,Manufacturing & Auto,India & Middle East,BFSI Core Modernization,Digital Inbound,Strategic Account Penetration,1791635,132
TCS-CMP-01661,Q1 Cloud Scale - Cloud,Executive Events & Roundtables,2026-01-11,2026-01,90868,68480,883,104,72,25,9,5,1,11611307,Strategic Growth Accounts,Manufacturing & Auto,India & Middle East,Cloud & Infrastructure Transformation,Experiential,Strategic Account Penetration,11611307,58
TCS-CMP-01662,Cognitive Ops 2.0 - Cyber,Google Search,2025-11-15,2025-11,57033,135030,4802,327,197,73,45,31,10,16785150,Emerging Tier / High-CAC,Retail & CPG,North America,Cyber Defense & Risk Governance,Digital Inbound,Pipeline Generation,1678515,73
TCS-CMP-01663,Global Horizon - Retail,Industry Display & Media,2026-04-03,2026-04,23263,144583,1436,61,24,6,3,1,0,0,Enterprise High-Value,Energy & Utilities,Nordics & Benelux,Retail Omnichannel & Supply Chain,Digital Inbound,Executive Engagement,4460938,130
TCS-CMP-01664,Sustainable Tech Suite - Cloud,Executive Events & Roundtables,2025-11-08,2025-11,64047,78558,1299,184,116,39,19,11,4,62486244,Enterprise High-Value,Telecom & Media,Nordics & Benelux,Cloud & Infrastructure Transformation,Experiential,Executive Engagement,15621561,195
TCS-CMP-01665,Cognitive Ops 2.0 - Cloud,Account-Based Email,2026-02-12,2026-02,27132,46766,2329,171,139,91,59,44,20,75687500,Nurture / Mid-Market,Retail & CPG,Europe & UK,Cloud & Infrastructure Transformation,Outbound ABM,Pipeline Generation,3784375,69
TCS-CMP-01666,OmniCommerce Edge - Cognitive,Google Search,2026-04-25,2026-04,50993,78676,2858,266,133,51,26,20,8,63566600,Enterprise High-Value,Banking & Capital Markets,Nordics & Benelux,Cognitive AI & Enterprise Automation,Digital Inbound,Strategic Account Penetration,7945825,124
TCS-CMP-01667,Sustainable Tech Suite - Healthcare,Industry Display & Media,2026-09-01,2026-09,35591,197678,2116,64,27,8,3,2,1,5946659,Enterprise High-Value,Manufacturing & Auto,India & Middle East,Healthcare & Life Sciences Digital Labs,Digital Inbound,Brand Authority & MQLs,5946659,74
TCS-CMP-01668,Life Sciences DataHub - Cloud,Tech Analyst Webinars,2026-07-21,2026-07,38043,73542,1933,139,61,26,11,6,2,2846926,Emerging Tier / High-CAC,Energy & Utilities,Nordics & Benelux,Cloud & Infrastructure Transformation,Digital Inbound,Pipeline Generation,1423463,90
TCS-CMP-01669,Sustainable Tech Suite - Retail,Executive Events & Roundtables,2026-08-04,2026-08,78389,94293,1740,247,150,56,25,15,5,71133805,Enterprise High-Value,Telecom & Media,Europe & UK,Retail Omnichannel & Supply Chain,Experiential,Executive Engagement,14226761,150
TCS-CMP-01670,Cognitive Ops 2.0 - Cyber,Industry Display & Media,2026-03-09,2026-03,26513,99812,775,24,12,4,2,1,0,0,Strategic Growth Accounts,Telecom & Media,India & Middle East,Cyber Defense & Risk Governance,Digital Inbound,Executive Engagement,3315468,116
TCS-CMP-01671,OmniCommerce Edge - Cloud,Industry Display & Media,2026-07-13,2026-07,24514,100889,810,33,14,4,1,1,0,0,Nurture / Mid-Market,Manufacturing & Auto,APAC & Australia,Cloud & Infrastructure Transformation,Digital Inbound,Executive Engagement,1733041,99
TCS-CMP-01672,BFSI Resiliency - Retail,Executive Events & Roundtables,2026-09-18,2026-09,58053,40772,641,91,62,23,11,6,2,7786234,Emerging Tier / High-CAC,Manufacturing & Auto,Europe & UK,Retail Omnichannel & Supply Chain,Experiential,Pipeline Generation,3893117,142
TCS-CMP-01673,NextGen CX - Cognitive,Google Search,2026-04-14,2026-04,62743,94149,3050,251,120,44,22,13,5,14822505,Nurture / Mid-Market,Manufacturing & Auto,North America,Cognitive AI & Enterprise Automation,Digital Inbound,Brand Authority & MQLs,2964501,71
TCS-CMP-01674,Life Sciences DataHub - BFSI,Google Search,2026-06-23,2026-06,74439,112320,3853,354,185,89,44,33,9,24295707,Nurture / Mid-Market,Healthcare & Life Sciences,India & Middle East,BFSI Core Modernization,Digital Inbound,Brand Authority & MQLs,2699523,49
TCS-CMP-01675,Global Horizon - Cloud,Account-Based Email,2025-12-08,2025-12,22417,41168,1854,137,76,45,29,25,10,51816840,Strategic Growth Accounts,Banking & Capital Markets,North America,Cloud & Infrastructure Transformation,Outbound ABM,Brand Authority & MQLs,5181684,133
TCS-CMP-01676,Zero Trust Enterprise - Cyber,Account-Based Email,2026-07-23,2026-07,14301,40997,1636,130,74,34,27,22,7,33464326,Strategic Growth Accounts,Energy & Utilities,India & Middle East,Cyber Defense & Risk Governance,Outbound ABM,Executive Engagement,4780618,87
TCS-CMP-01677,Global Horizon - Retail,LinkedIn Enterprise,2025-10-21,2025-10,53200,152521,3523,324,206,96,55,36,16,30908320,Emerging Tier / High-CAC,Healthcare & Life Sciences,APAC & Australia,Retail Omnichannel & Supply Chain,Digital Inbound,Brand Authority & MQLs,1931770,69
TCS-CMP-01678,Life Sciences DataHub - Retail,Industry Display & Media,2026-03-22,2026-03,29498,112152,1058,40,19,5,2,1,0,0,Strategic Growth Accounts,Healthcare & Life Sciences,India & Middle East,Retail Omnichannel & Supply Chain,Digital Inbound,Brand Authority & MQLs,3207438,46
TCS-CMP-01679,GenAI Catalyst - BFSI,Tech Analyst Webinars,2026-06-20,2026-06,36676,71478,1433,84,41,19,10,6,2,9005946,Strategic Growth Accounts,Telecom & Media,India & Middle East,BFSI Core Modernization,Digital Inbound,Executive Engagement,4502973,131
TCS-CMP-01680,Life Sciences DataHub - Healthcare,Google Search,2025-10-18,2025-10,48475,78048,3089,236,145,67,39,26,6,10184406,Emerging Tier / High-CAC,Retail & CPG,APAC & Australia,Healthcare & Life Sciences Digital Labs,Digital Inbound,Strategic Account Penetration,1697401,84
TCS-CMP-01681,Global Horizon - Cognitive,Executive Events & Roundtables,2025-12-11,2025-12,134455,75271,1260,174,123,42,20,13,3,10409985,Emerging Tier / High-CAC,Energy & Utilities,North America,Cognitive AI & Enterprise Automation,Experiential,Pipeline Generation,3469995,96
TCS-CMP-01682,Global Horizon - Retail,Executive Events & Roundtables,2026-05-25,2026-05,72085,53179,659,64,51,16,8,5,2,6237844,Emerging Tier / High-CAC,Healthcare & Life Sciences,Nordics & Benelux,Retail Omnichannel & Supply Chain,Experiential,Brand Authority & MQLs,3118922,120
TCS-CMP-01683,Global Horizon - Cloud,LinkedIn Enterprise,2026-03-13,2026-03,28742,47380,1391,156,86,53,33,22,8,17386000,Emerging Tier / High-CAC,Banking & Capital Markets,North America,Cloud & Infrastructure Transformation,Digital Inbound,Pipeline Generation,2173250,118
TCS-CMP-01684,Cognitive Ops 2.0 - Cyber,Tech Analyst Webinars,2026-06-01,2026-06,15505,28347,581,31,18,7,3,2,1,7271043,Enterprise High-Value,Retail & CPG,India & Middle East,Cyber Defense & Risk Governance,Digital Inbound,Brand Authority & MQLs,7271043,79
TCS-CMP-01685,OmniCommerce Edge - Cognitive,Account-Based Email,2026-01-15,2026-01,8921,22540,1086,83,59,31,24,15,6,12038916,Emerging Tier / High-CAC,Retail & CPG,India & Middle East,Cognitive AI & Enterprise Automation,Outbound ABM,Pipeline Generation,2006486,130
TCS-CMP-01686,NextGen CX - Retail,Tech Analyst Webinars,2025-12-12,2025-12,27605,72426,1791,130,56,25,12,7,1,3974155,Strategic Growth Accounts,Banking & Capital Markets,APAC & Australia,Retail Omnichannel & Supply Chain,Digital Inbound,Strategic Account Penetration,3974155,97
TCS-CMP-01687,CyberShield 360 - Cyber,LinkedIn Enterprise,2026-07-26,2026-07,59217,82181,2520,197,144,79,56,37,15,56615235,Nurture / Mid-Market,Telecom & Media,Nordics & Benelux,Cyber Defense & Risk Governance,Digital Inbound,Brand Authority & MQLs,3774349,117
TCS-CMP-01688,SAP S/4 Hana Accelerated - Healthcare,Executive Events & Roundtables,2026-05-12,2026-05,105205,112518,1884,275,207,82,41,21,5,43334830,Strategic Growth Accounts,Manufacturing & Auto,APAC & Australia,Healthcare & Life Sciences Digital Labs,Experiential,Executive Engagement,8666966,112
TCS-CMP-01689,Sustainable Tech Suite - Healthcare,Executive Events & Roundtables,2025-10-21,2025-10,69565,43190,546,77,58,19,9,5,1,13725405,Enterprise High-Value,Energy & Utilities,North America,Healthcare & Life Sciences Digital Labs,Experiential,Executive Engagement,13725405,205
TCS-CMP-01690,BFSI Resiliency - Cloud,Tech Analyst Webinars,2026-07-15,2026-07,29961,51520,1061,64,30,12,7,5,2,2545832,Emerging Tier / High-CAC,Banking & Capital Markets,North America,Cloud & Infrastructure Transformation,Digital Inbound,Brand Authority & MQLs,1272916,67
TCS-CMP-01691,SAP S/4 Hana Accelerated - BFSI,Google Search,2026-05-25,2026-05,24602,54534,1999,138,78,32,21,13,4,6773608,Emerging Tier / High-CAC,Healthcare & Life Sciences,North America,BFSI Core Modernization,Digital Inbound,Pipeline Generation,1693402,91
TCS-CMP-01692,Q1 Cloud Scale - Cloud,LinkedIn Enterprise,2026-06-25,2026-06,40762,68980,1905,151,109,55,39,24,8,92554064,Enterprise High-Value,Telecom & Media,Nordics & Benelux,Cloud & Infrastructure Transformation,Digital Inbound,Executive Engagement,11569258,87
TCS-CMP-01693,Zero Trust Enterprise - Retail,Tech Analyst Webinars,2025-12-26,2025-12,24469,44791,1155,91,57,26,11,6,2,6756020,Strategic Growth Accounts,Energy & Utilities,India & Middle East,Retail Omnichannel & Supply Chain,Digital Inbound,Brand Authority & MQLs,3378010,68
TCS-CMP-01694,Global Horizon - Healthcare,Industry Display & Media,2025-11-10,2025-11,46222,226034,1833,49,17,6,2,1,0,0,Enterprise High-Value,Banking & Capital Markets,North America,Healthcare & Life Sciences Digital Labs,Digital Inbound,Strategic Account Penetration,5966776,70
TCS-CMP-01695,NextGen CX - Healthcare,Tech Analyst Webinars,2026-02-17,2026-02,31226,50908,970,74,45,18,11,8,3,7392597,Nurture / Mid-Market,Manufacturing & Auto,APAC & Australia,Healthcare & Life Sciences Digital Labs,Digital Inbound,Pipeline Generation,2464199,101
TCS-CMP-01696,NextGen CX - BFSI,Tech Analyst Webinars,2026-07-25,2026-07,22368,45642,959,63,29,12,6,4,1,1260694,Emerging Tier / High-CAC,Retail & CPG,Europe & UK,BFSI Core Modernization,Digital Inbound,Pipeline Generation,1260694,130
TCS-CMP-01697,Zero Trust Enterprise - BFSI,Tech Analyst Webinars,2025-12-19,2025-12,29254,76783,1890,126,53,21,11,7,2,3061742,Emerging Tier / High-CAC,Banking & Capital Markets,Nordics & Benelux,BFSI Core Modernization,Digital Inbound,Pipeline Generation,1530871,61
TCS-CMP-01698,GenAI Catalyst - Cognitive,Account-Based Email,2026-02-21,2026-02,10709,26220,1074,106,70,31,18,14,6,53672196,Enterprise High-Value,Energy & Utilities,Europe & UK,Cognitive AI & Enterprise Automation,Outbound ABM,Pipeline Generation,8945366,102
TCS-CMP-01699,SAP S/4 Hana Accelerated - Cyber,Account-Based Email,2026-03-03,2026-03,11324,24939,1197,94,63,35,24,20,9,55727685,Strategic Growth Accounts,Healthcare & Life Sciences,India & Middle East,Cyber Defense & Risk Governance,Outbound ABM,Pipeline Generation,6191965,86
TCS-CMP-01700,SAP S/4 Hana Accelerated - Cloud,Account-Based Email,2026-02-15,2026-02,15567,30284,1411,96,61,32,20,14,7,45642912,Strategic Growth Accounts,Healthcare & Life Sciences,India & Middle East,Cloud & Infrastructure Transformation,Outbound ABM,Brand Authority & MQLs,6520416,143
TCS-CMP-01701,Cognitive Ops 2.0 - BFSI,Executive Events & Roundtables,2026-09-04,2026-09,79494,92315,1541,182,131,37,17,8,3,19952742,Nurture / Mid-Market,Energy & Utilities,Nordics & Benelux,BFSI Core Modernization,Experiential,Pipeline Generation,6650914,83
TCS-CMP-01702,BFSI Resiliency - Retail,Tech Analyst Webinars,2026-09-11,2026-09,16023,26068,584,29,15,6,3,2,0,0,Enterprise High-Value,Healthcare & Life Sciences,Europe & UK,Retail Omnichannel & Supply Chain,Digital Inbound,Brand Authority & MQLs,6698182,154
TCS-CMP-01703,Q1 Cloud Scale - Healthcare,Tech Analyst Webinars,2026-02-01,2026-02,19158,57212,1182,58,30,12,6,4,1,3903826,Strategic Growth Accounts,Manufacturing & Auto,Europe & UK,Healthcare & Life Sciences Digital Labs,Digital Inbound,Executive Engagement,3903826,110
TCS-CMP-01704,Life Sciences DataHub - Cyber,Industry Display & Media,2026-06-24,2026-06,33719,140075,1246,36,16,4,2,1,0,0,Strategic Growth Accounts,Telecom & Media,Nordics & Benelux,Cyber Defense & Risk Governance,Digital Inbound,Pipeline Generation,3120536,137
TCS-CMP-01705,OmniCommerce Edge - Cyber,Google Search,2026-07-20,2026-07,46657,93420,4358,376,211,79,51,31,10,28913660,Nurture / Mid-Market,Retail & CPG,India & Middle East,Cyber Defense & Risk Governance,Digital Inbound,Executive Engagement,2891366,77
TCS-CMP-01706,Q1 Cloud Scale - Cloud,Google Search,2026-05-15,2026-05,52299,179860,6107,569,273,123,82,57,18,127702854,Enterprise High-Value,Banking & Capital Markets,North America,Cloud & Infrastructure Transformation,Digital Inbound,Executive Engagement,7094603,203
TCS-CMP-01707,CyberShield 360 - Cloud,Google Search,2026-09-25,2026-09,61299,86513,3598,299,200,96,54,40,13,61832043,Strategic Growth Accounts,Energy & Utilities,India & Middle East,Cloud & Infrastructure Transformation,Digital Inbound,Executive Engagement,4756311,103
TCS-CMP-01708,BFSI Resiliency - Healthcare,Account-Based Email,2026-01-05,2026-01,12243,34142,1442,135,93,58,35,31,12,34753908,Nurture / Mid-Market,Banking & Capital Markets,APAC & Australia,Healthcare & Life Sciences Digital Labs,Outbound ABM,Executive Engagement,2896159,45
TCS-CMP-01709,GenAI Catalyst - Cyber,Executive Events & Roundtables,2026-03-08,2026-03,60395,53176,945,94,72,21,10,5,1,6169302,Nurture / Mid-Market,Manufacturing & Auto,Nordics & Benelux,Cyber Defense & Risk Governance,Experiential,Pipeline Generation,6169302,75
TCS-CMP-01710,Sustainable Tech Suite - Cloud,Google Search,2026-04-13,2026-04,36665,106856,4178,327,212,108,61,42,11,64856264,Enterprise High-Value,Telecom & Media,Nordics & Benelux,Cloud & Infrastructure Transformation,Digital Inbound,Brand Authority & MQLs,5896024,167
TCS-CMP-01711,OmniCommerce Edge - Cognitive,LinkedIn Enterprise,2025-12-17,2025-12,44557,58207,1400,138,91,49,34,22,10,102983890,Enterprise High-Value,Manufacturing & Auto,Nordics & Benelux,Cognitive AI & Enterprise Automation,Digital Inbound,Brand Authority & MQLs,10298389,163
TCS-CMP-01712,Cognitive Ops 2.0 - BFSI,Account-Based Email,2025-10-18,2025-10,22182,42812,1953,182,126,59,34,26,10,78430140,Enterprise High-Value,Banking & Capital Markets,North America,BFSI Core Modernization,Outbound ABM,Pipeline Generation,7843014,119
TCS-CMP-01713,NextGen CX - Cognitive,Executive Events & Roundtables,2026-08-20,2026-08,82623,74172,1294,169,117,35,15,9,2,36442006,Enterprise High-Value,Telecom & Media,North America,Cognitive AI & Enterprise Automation,Experiential,Executive Engagement,18221003,154
TCS-CMP-01714,BFSI Resiliency - BFSI,Industry Display & Media,2026-02-24,2026-02,44910,171292,1833,63,30,9,3,2,0,0,Enterprise High-Value,Healthcare & Life Sciences,North America,BFSI Core Modernization,Digital Inbound,Strategic Account Penetration,4907448,169
TCS-CMP-01715,Cognitive Ops 2.0 - Cyber,LinkedIn Enterprise,2026-08-13,2026-08,54928,76095,1957,174,118,55,30,23,9,99312786,Enterprise High-Value,Manufacturing & Auto,North America,Cyber Defense & Risk Governance,Digital Inbound,Executive Engagement,11034754,169
TCS-CMP-01716,GenAI Catalyst - BFSI,Executive Events & Roundtables,2025-12-21,2025-12,103955,119386,1663,162,98,28,11,6,1,6327028,Nurture / Mid-Market,Healthcare & Life Sciences,Europe & UK,BFSI Core Modernization,Experiential,Executive Engagement,6327028,103
TCS-CMP-01717,GenAI Catalyst - Cyber,Industry Display & Media,2026-02-12,2026-02,28706,175804,1900,72,35,9,4,2,0,0,Strategic Growth Accounts,Retail & CPG,APAC & Australia,Cyber Defense & Risk Governance,Digital Inbound,Strategic Account Penetration,3264300,45
TCS-CMP-01718,Cognitive Ops 2.0 - Retail,Executive Events & Roundtables,2025-10-18,2025-10,100746,84520,1423,178,103,38,16,10,3,10773786,Emerging Tier / High-CAC,Energy & Utilities,India & Middle East,Retail Omnichannel & Supply Chain,Experiential,Pipeline Generation,3591262,61
TCS-CMP-01719,GenAI Catalyst - Cognitive,Industry Display & Media,2025-12-04,2025-12,24660,188321,1813,69,26,7,3,2,1,4953033,Enterprise High-Value,Retail & CPG,APAC & Australia,Cognitive AI & Enterprise Automation,Digital Inbound,Pipeline Generation,4953033,163
TCS-CMP-01720,Global Horizon - Retail,Google Search,2025-10-21,2025-10,45737,94704,3035,199,95,39,20,12,5,31147280,Enterprise High-Value,Banking & Capital Markets,Nordics & Benelux,Retail Omnichannel & Supply Chain,Digital Inbound,Executive Engagement,6229456,205
TCS-CMP-01721,CyberShield 360 - Healthcare,Account-Based Email,2026-05-03,2026-05,23262,36447,1735,131,101,54,37,33,16,167386384,Enterprise High-Value,Banking & Capital Markets,India & Middle East,Healthcare & Life Sciences Digital Labs,Outbound ABM,Pipeline Generation,10461649,178
TCS-CMP-01722,Global Horizon - Cognitive,Account-Based Email,2026-08-05,2026-08,21207,48215,2517,237,185,122,73,54,18,164429172,Enterprise High-Value,Banking & Capital Markets,Nordics & Benelux,Cognitive AI & Enterprise Automation,Outbound ABM,Strategic Account Penetration,9134954,187
TCS-CMP-01723,Sustainable Tech Suite - Cognitive,Executive Events & Roundtables,2026-09-27,2026-09,136293,145673,2652,261,200,79,29,15,4,43319964,Strategic Growth Accounts,Energy & Utilities,Europe & UK,Cognitive AI & Enterprise Automation,Experiential,Brand Authority & MQLs,10829991,110
TCS-CMP-01724,BFSI Resiliency - Retail,Industry Display & Media,2025-10-24,2025-10,22356,107387,1101,29,10,3,1,0,0,0,Nurture / Mid-Market,Healthcare & Life Sciences,Nordics & Benelux,Retail Omnichannel & Supply Chain,Digital Inbound,Brand Authority & MQLs,1903375,119
TCS-CMP-01725,Global Horizon - Retail,Industry Display & Media,2026-08-20,2026-08,30029,253033,1826,64,32,10,3,2,1,3322231,Strategic Growth Accounts,Retail & CPG,Nordics & Benelux,Retail Omnichannel & Supply Chain,Digital Inbound,Executive Engagement,3322231,67
TCS-CMP-01726,Zero Trust Enterprise - Cognitive,Tech Analyst Webinars,2026-02-07,2026-02,37548,97719,2297,160,87,30,17,12,3,18689076,Enterprise High-Value,Retail & CPG,North America,Cognitive AI & Enterprise Automation,Digital Inbound,Pipeline Generation,6229692,178
TCS-CMP-01727,OmniCommerce Edge - Cloud,Executive Events & Roundtables,2026-03-20,2026-03,71431,69863,936,122,84,30,13,7,2,37136770,Enterprise High-Value,Retail & CPG,North America,Cloud & Infrastructure Transformation,Experiential,Executive Engagement,18568385,163
TCS-CMP-01728,Global Horizon - Cyber,Tech Analyst Webinars,2026-01-13,2026-01,12044,27264,579,43,24,11,6,3,1,4308638,Strategic Growth Accounts,Telecom & Media,APAC & Australia,Cyber Defense & Risk Governance,Digital Inbound,Executive Engagement,4308638,90
TCS-CMP-01729,Life Sciences DataHub - BFSI,Tech Analyst Webinars,2025-11-06,2025-11,39936,68403,1825,90,45,18,8,5,1,1193922,Emerging Tier / High-CAC,Energy & Utilities,India & Middle East,BFSI Core Modernization,Digital Inbound,Pipeline Generation,1193922,59
TCS-CMP-01730,Global Horizon - BFSI,Tech Analyst Webinars,2025-10-07,2025-10,38579,109830,2109,113,63,28,14,9,2,7947406,Strategic Growth Accounts,Retail & CPG,India & Middle East,BFSI Core Modernization,Digital Inbound,Strategic Account Penetration,3973703,99
TCS-CMP-01731,Sustainable Tech Suite - Cyber,Account-Based Email,2026-08-15,2026-08,26886,39728,2013,163,95,53,41,33,10,35312960,Nurture / Mid-Market,Manufacturing & Auto,Nordics & Benelux,Cyber Defense & Risk Governance,Outbound ABM,Strategic Account Penetration,3531296,116
TCS-CMP-01732,NextGen CX - Retail,LinkedIn Enterprise,2025-12-13,2025-12,19370,39024,1095,85,46,20,13,11,5,47282030,Enterprise High-Value,Healthcare & Life Sciences,Nordics & Benelux,Retail Omnichannel & Supply Chain,Digital Inbound,Executive Engagement,9456406,103
TCS-CMP-01733,OmniCommerce Edge - Cloud,Tech Analyst Webinars,2026-02-10,2026-02,22730,44552,908,73,33,13,7,5,1,5592913,Enterprise High-Value,Healthcare & Life Sciences,North America,Cloud & Infrastructure Transformation,Digital Inbound,Brand Authority & MQLs,5592913,149
TCS-CMP-01734,BFSI Resiliency - Cognitive,Google Search,2026-02-27,2026-02,55968,137636,5761,466,280,130,73,54,18,79040268,Strategic Growth Accounts,Manufacturing & Auto,India & Middle East,Cognitive AI & Enterprise Automation,Digital Inbound,Strategic Account Penetration,4391126,79
TCS-CMP-01735,CyberShield 360 - Cognitive,Tech Analyst Webinars,2026-05-10,2026-05,20346,56367,1442,105,46,18,8,5,1,6876367,Enterprise High-Value,Healthcare & Life Sciences,India & Middle East,Cognitive AI & Enterprise Automation,Digital Inbound,Executive Engagement,6876367,197
TCS-CMP-01736,Q1 Cloud Scale - Healthcare,Executive Events & Roundtables,2026-07-04,2026-07,136273,104835,1364,138,86,25,11,7,2,7775658,Emerging Tier / High-CAC,Telecom & Media,APAC & Australia,Healthcare & Life Sciences Digital Labs,Experiential,Brand Authority & MQLs,3887829,95
TCS-CMP-01737,CyberShield 360 - BFSI,Tech Analyst Webinars,2026-06-21,2026-06,31612,66034,1305,65,38,13,8,5,1,2003261,Nurture / Mid-Market,Healthcare & Life Sciences,Europe & UK,BFSI Core Modernization,Digital Inbound,Executive Engagement,2003261,143
TCS-CMP-01738,Cognitive Ops 2.0 - Cognitive,Account-Based Email,2026-03-18,2026-03,12091,28805,1028,79,61,32,18,14,7,23596972,Nurture / Mid-Market,Banking & Capital Markets,India & Middle East,Cognitive AI & Enterprise Automation,Outbound ABM,Brand Authority & MQLs,3370996,78
TCS-CMP-01739,BFSI Resiliency - Cloud,Account-Based Email,2026-03-17,2026-03,10801,17142,758,54,43,21,13,11,4,13321532,Nurture / Mid-Market,Manufacturing & Auto,North America,Cloud & Infrastructure Transformation,Outbound ABM,Executive Engagement,3330383,84
TCS-CMP-01740,Sustainable Tech Suite - Cognitive,Account-Based Email,2025-11-21,2025-11,27089,38562,1919,181,139,63,48,31,14,52463264,Nurture / Mid-Market,Energy & Utilities,Nordics & Benelux,Cognitive AI & Enterprise Automation,Outbound ABM,Executive Engagement,3747376,80
TCS-CMP-01741,Life Sciences DataHub - Healthcare,Industry Display & Media,2026-06-11,2026-06,38099,171328,1791,50,18,5,2,1,0,0,Enterprise High-Value,Telecom & Media,Nordics & Benelux,Healthcare & Life Sciences Digital Labs,Digital Inbound,Executive Engagement,5125985,97
TCS-CMP-01742,OmniCommerce Edge - BFSI,LinkedIn Enterprise,2026-08-03,2026-08,19176,56695,1482,163,117,65,39,27,9,21004146,Emerging Tier / High-CAC,Telecom & Media,Nordics & Benelux,BFSI Core Modernization,Digital Inbound,Executive Engagement,2333794,125
TCS-CMP-01743,CyberShield 360 - Cyber,Account-Based Email,2026-07-19,2026-07,16579,26266,1328,96,69,42,31,25,12,122840172,Enterprise High-Value,Telecom & Media,North America,Cyber Defense & Risk Governance,Outbound ABM,Strategic Account Penetration,10236681,100
TCS-CMP-01744,Life Sciences DataHub - Cloud,Account-Based Email,2026-07-05,2026-07,17623,32537,1412,134,81,50,32,22,9,70192215,Enterprise High-Value,Telecom & Media,APAC & Australia,Cloud & Infrastructure Transformation,Outbound ABM,Strategic Account Penetration,7799135,79
TCS-CMP-01745,Life Sciences DataHub - Cyber,Tech Analyst Webinars,2026-07-17,2026-07,40948,138168,2687,205,117,52,29,16,4,12870220,Strategic Growth Accounts,Energy & Utilities,APAC & Australia,Cyber Defense & Risk Governance,Digital Inbound,Brand Authority & MQLs,3217555,50
TCS-CMP-01746,NextGen CX - Cloud,Account-Based Email,2026-06-05,2026-06,12448,35984,1734,164,123,58,40,26,9,19401426,Emerging Tier / High-CAC,Banking & Capital Markets,India & Middle East,Cloud & Infrastructure Transformation,Outbound ABM,Pipeline Generation,2155714,137
TCS-CMP-01747,Sustainable Tech Suite - Cloud,Executive Events & Roundtables,2026-04-26,2026-04,117037,120737,1936,212,146,44,18,9,3,43452201,Enterprise High-Value,Manufacturing & Auto,Europe & UK,Cloud & Infrastructure Transformation,Experiential,Pipeline Generation,14484067,123
TCS-CMP-01748,Sustainable Tech Suite - BFSI,Tech Analyst Webinars,2026-09-17,2026-09,21061,47612,1092,76,39,16,7,4,1,3381999,Strategic Growth Accounts,Manufacturing & Auto,APAC & Australia,BFSI Core Modernization,Digital Inbound,Strategic Account Penetration,3381999,93
TCS-CMP-01749,CyberShield 360 - Retail,LinkedIn Enterprise,2026-07-12,2026-07,45965,85256,2759,303,199,99,60,49,15,67635015,Nurture / Mid-Market,Retail & CPG,Nordics & Benelux,Retail Omnichannel & Supply Chain,Digital Inbound,Pipeline Generation,4509001,56
TCS-CMP-01750,Global Horizon - Cognitive,Tech Analyst Webinars,2026-07-26,2026-07,31950,68099,1527,85,50,17,8,4,1,4037862,Strategic Growth Accounts,Banking & Capital Markets,APAC & Australia,Cognitive AI & Enterprise Automation,Digital Inbound,Strategic Account Penetration,4037862,69
TCS-CMP-01751,BFSI Resiliency - BFSI,Executive Events & Roundtables,2026-08-23,2026-08,90802,64789,971,127,83,30,13,8,3,11631180,Emerging Tier / High-CAC,Retail & CPG,India & Middle East,BFSI Core Modernization,Experiential,Brand Authority & MQLs,3877060,106
TCS-CMP-01752,SAP S/4 Hana Accelerated - Cognitive,Account-Based Email,2025-11-21,2025-11,25851,34312,1239,118,84,50,27,22,7,15562687,Emerging Tier / High-CAC,Banking & Capital Markets,India & Middle East,Cognitive AI & Enterprise Automation,Outbound ABM,Executive Engagement,2223241,87
TCS-CMP-01753,CyberShield 360 - BFSI,Industry Display & Media,2026-08-27,2026-08,16577,106862,877,32,16,5,2,1,0,0,Nurture / Mid-Market,Healthcare & Life Sciences,Nordics & Benelux,BFSI Core Modernization,Digital Inbound,Executive Engagement,1985827,93
TCS-CMP-01754,NextGen CX - Cyber,LinkedIn Enterprise,2026-03-06,2026-03,37215,85697,1980,210,145,90,67,57,24,45747120,Emerging Tier / High-CAC,Energy & Utilities,Europe & UK,Cyber Defense & Risk Governance,Digital Inbound,Brand Authority & MQLs,1906130,79
TCS-CMP-01755,Cognitive Ops 2.0 - Cognitive,Tech Analyst Webinars,2026-06-10,2026-06,32455,115663,2213,160,72,28,13,9,2,2761626,Emerging Tier / High-CAC,Energy & Utilities,Europe & UK,Cognitive AI & Enterprise Automation,Digital Inbound,Strategic Account Penetration,1380813,110
TCS-CMP-01756,Q1 Cloud Scale - BFSI,Tech Analyst Webinars,2026-02-28,2026-02,25832,58235,1575,113,63,26,14,10,3,6996558,Nurture / Mid-Market,Telecom & Media,Europe & UK,BFSI Core Modernization,Digital Inbound,Executive Engagement,2332186,59
TCS-CMP-01757,Cognitive Ops 2.0 - BFSI,LinkedIn Enterprise,2025-10-08,2025-10,23919,74480,1648,169,125,64,38,29,13,81752333,Strategic Growth Accounts,Manufacturing & Auto,APAC & Australia,BFSI Core Modernization,Digital Inbound,Brand Authority & MQLs,6288641,67
TCS-CMP-01758,Life Sciences DataHub - Retail,LinkedIn Enterprise,2026-08-27,2026-08,31541,79216,1881,190,130,73,50,31,15,33079545,Emerging Tier / High-CAC,Banking & Capital Markets,APAC & Australia,Retail Omnichannel & Supply Chain,Digital Inbound,Brand Authority & MQLs,2205303,57
TCS-CMP-01759,Life Sciences DataHub - Retail,Industry Display & Media,2026-07-25,2026-07,25239,135059,1510,54,20,6,2,1,0,0,Nurture / Mid-Market,Healthcare & Life Sciences,Europe & UK,Retail Omnichannel & Supply Chain,Digital Inbound,Strategic Account Penetration,1956286,143
TCS-CMP-01760,Global Horizon - BFSI,Tech Analyst Webinars,2026-02-07,2026-02,16010,33355,812,40,24,10,6,3,1,6105684,Enterprise High-Value,Energy & Utilities,India & Middle East,BFSI Core Modernization,Digital Inbound,Pipeline Generation,6105684,173
TCS-CMP-01761,Life Sciences DataHub - BFSI,Industry Display & Media,2025-12-03,2025-12,34214,173328,1386,44,19,5,2,1,0,0,Enterprise High-Value,Banking & Capital Markets,North America,BFSI Core Modernization,Digital Inbound,Brand Authority & MQLs,5101161,133
TCS-CMP-01762,Q1 Cloud Scale - Cognitive,LinkedIn Enterprise,2025-10-26,2025-10,53997,100161,2164,240,161,85,54,40,18,210122262,Enterprise High-Value,Energy & Utilities,Europe & UK,Cognitive AI & Enterprise Automation,Digital Inbound,Executive Engagement,11673459,193
TCS-CMP-01763,OmniCommerce Edge - Retail,Google Search,2026-07-20,2026-07,64845,127532,4411,359,208,89,49,37,11,41211907,Strategic Growth Accounts,Telecom & Media,Europe & UK,Retail Omnichannel & Supply Chain,Digital Inbound,Executive Engagement,3746537,95
TCS-CMP-01764,CyberShield 360 - Cyber,Industry Display & Media,2026-07-05,2026-07,31362,137570,1480,52,21,6,2,1,0,0,Enterprise High-Value,Telecom & Media,North America,Cyber Defense & Risk Governance,Digital Inbound,Brand Authority & MQLs,5681449,133
TCS-CMP-01765,Zero Trust Enterprise - Cloud,Executive Events & Roundtables,2026-08-24,2026-08,108600,83100,1224,131,76,29,14,9,3,11114337,Emerging Tier / High-CAC,Energy & Utilities,North America,Cloud & Infrastructure Transformation,Experiential,Strategic Account Penetration,3704779,58
TCS-CMP-01766,OmniCommerce Edge - Cognitive,Industry Display & Media,2026-02-24,2026-02,41353,215424,1694,62,31,10,4,2,1,2234296,Nurture / Mid-Market,Healthcare & Life Sciences,Nordics & Benelux,Cognitive AI & Enterprise Automation,Digital Inbound,Pipeline Generation,2234296,64
TCS-CMP-01767,Zero Trust Enterprise - Cyber,Executive Events & Roundtables,2026-08-12,2026-08,129639,73652,1371,130,76,30,12,8,2,12766746,Nurture / Mid-Market,Retail & CPG,Europe & UK,Cyber Defense & Risk Governance,Experiential,Strategic Account Penetration,6383373,99
TCS-CMP-01768,SAP S/4 Hana Accelerated - Cyber,Google Search,2026-02-09,2026-02,53806,81200,2750,216,140,54,28,17,6,8179074,Emerging Tier / High-CAC,Banking & Capital Markets,North America,Cyber Defense & Risk Governance,Digital Inbound,Strategic Account Penetration,1363179,113
TCS-CMP-01769,Global Horizon - Retail,LinkedIn Enterprise,2026-04-14,2026-04,52893,92869,2885,271,151,89,56,47,16,155059440,Enterprise High-Value,Banking & Capital Markets,North America,Retail Omnichannel & Supply Chain,Digital Inbound,Brand Authority & MQLs,9691215,71
TCS-CMP-01770,BFSI Resiliency - Cloud,Tech Analyst Webinars,2026-08-03,2026-08,18309,39756,723,39,22,7,4,2,1,4498442,Strategic Growth Accounts,Energy & Utilities,Nordics & Benelux,Cloud & Infrastructure Transformation,Digital Inbound,Brand Authority & MQLs,4498442,79
TCS-CMP-01771,Q1 Cloud Scale - Healthcare,Industry Display & Media,2025-12-23,2025-12,28755,184793,1645,67,24,7,3,1,0,0,Strategic Growth Accounts,Banking & Capital Markets,Europe & UK,Healthcare & Life Sciences Digital Labs,Digital Inbound,Executive Engagement,3337973,71
TCS-CMP-01772,NextGen CX - Cyber,Industry Display & Media,2025-12-20,2025-12,25781,127528,1196,48,20,5,2,1,0,0,Nurture / Mid-Market,Telecom & Media,India & Middle East,Cyber Defense & Risk Governance,Digital Inbound,Executive Engagement,2211656,103
TCS-CMP-01773,Q1 Cloud Scale - BFSI,Google Search,2026-03-20,2026-03,58399,123614,4585,277,129,49,25,19,6,38943624,Enterprise High-Value,Telecom & Media,Europe & UK,BFSI Core Modernization,Digital Inbound,Strategic Account Penetration,6490604,174
TCS-CMP-01774,GenAI Catalyst - Cognitive,Industry Display & Media,2026-03-05,2026-03,36939,141862,1170,45,17,6,2,1,0,0,Emerging Tier / High-CAC,Energy & Utilities,APAC & Australia,Cognitive AI & Enterprise Automation,Digital Inbound,Executive Engagement,1182523,58
TCS-CMP-01775,Global Horizon - Healthcare,Industry Display & Media,2025-11-11,2025-11,21850,161685,1532,65,24,7,3,1,0,0,Enterprise High-Value,Retail & CPG,APAC & Australia,Healthcare & Life Sciences Digital Labs,Digital Inbound,Executive Engagement,4846494,88
TCS-CMP-01776,SAP S/4 Hana Accelerated - Cognitive,Account-Based Email,2026-07-25,2026-07,23414,45252,1617,155,120,62,41,35,18,29146482,Emerging Tier / High-CAC,Telecom & Media,Europe & UK,Cognitive AI & Enterprise Automation,Outbound ABM,Pipeline Generation,1619249,116
TCS-CMP-01777,Sustainable Tech Suite - Retail,Industry Display & Media,2026-08-16,2026-08,47992,240121,2160,90,33,9,3,2,0,0,Strategic Growth Accounts,Manufacturing & Auto,North America,Retail Omnichannel & Supply Chain,Digital Inbound,Strategic Account Penetration,2696521,141
TCS-CMP-01778,Q1 Cloud Scale - Cloud,Account-Based Email,2026-09-18,2026-09,16844,53025,2298,166,135,86,64,53,18,106431750,Strategic Growth Accounts,Energy & Utilities,Nordics & Benelux,Cloud & Infrastructure Transformation,Outbound ABM,Brand Authority & MQLs,5912875,122
TCS-CMP-01779,Sustainable Tech Suite - Cognitive,LinkedIn Enterprise,2026-04-22,2026-04,39725,64886,1715,128,82,41,28,22,9,19688382,Emerging Tier / High-CAC,Retail & CPG,Europe & UK,Cognitive AI & Enterprise Automation,Digital Inbound,Pipeline Generation,2187598,144
TCS-CMP-01780,Sustainable Tech Suite - Cyber,Industry Display & Media,2025-11-03,2025-11,30432,229410,2201,65,25,6,2,1,0,0,Strategic Growth Accounts,Telecom & Media,North America,Cyber Defense & Risk Governance,Digital Inbound,Executive Engagement,3479422,53
TCS-CMP-01781,Zero Trust Enterprise - Healthcare,Executive Events & Roundtables,2026-04-20,2026-04,47360,38112,510,56,33,11,5,3,1,9788823,Strategic Growth Accounts,Retail & CPG,India & Middle East,Healthcare & Life Sciences Digital Labs,Experiential,Strategic Account Penetration,9788823,131
TCS-CMP-01782,GenAI Catalyst - Cognitive,LinkedIn Enterprise,2026-09-25,2026-09,51492,140705,3682,363,212,112,65,47,18,100060524,Strategic Growth Accounts,Banking & Capital Markets,Nordics & Benelux,Cognitive AI & Enterprise Automation,Digital Inbound,Strategic Account Penetration,5558918,103
TCS-CMP-01783,Life Sciences DataHub - BFSI,Account-Based Email,2026-02-07,2026-02,23881,38387,1748,123,83,52,29,22,10,59425540,Strategic Growth Accounts,Healthcare & Life Sciences,Nordics & Benelux,BFSI Core Modernization,Outbound ABM,Pipeline Generation,5942554,131
TCS-CMP-01784,BFSI Resiliency - Cloud,Industry Display & Media,2026-08-02,2026-08,20935,86374,746,23,9,2,1,0,0,0,Enterprise High-Value,Retail & CPG,APAC & Australia,Cloud & Infrastructure Transformation,Digital Inbound,Executive Engagement,4378377,127
TCS-CMP-01785,OmniCommerce Edge - Cloud,Google Search,2026-06-20,2026-06,42767,110528,5032,310,182,89,53,39,12,45535824,Strategic Growth Accounts,Healthcare & Life Sciences,APAC & Australia,Cloud & Infrastructure Transformation,Digital Inbound,Executive Engagement,3794652,80
TCS-CMP-01786,OmniCommerce Edge - BFSI,LinkedIn Enterprise,2026-09-09,2026-09,57238,157271,3813,346,227,131,79,53,25,54803600,Emerging Tier / High-CAC,Healthcare & Life Sciences,Nordics & Benelux,BFSI Core Modernization,Digital Inbound,Pipeline Generation,2192144,90
TCS-CMP-01787,Global Horizon - Cyber,Account-Based Email,2026-05-02,2026-05,26269,35377,1476,156,85,54,40,34,12,102026448,Enterprise High-Value,Energy & Utilities,APAC & Australia,Cyber Defense & Risk Governance,Outbound ABM,Pipeline Generation,8502204,143
TCS-CMP-01788,Sustainable Tech Suite - Cyber,Executive Events & Roundtables,2026-07-25,2026-07,51832,54628,711,96,69,23,10,6,2,17320948,Strategic Growth Accounts,Energy & Utilities,Nordics & Benelux,Cyber Defense & Risk Governance,Experiential,Brand Authority & MQLs,8660474,63
TCS-CMP-01789,SAP S/4 Hana Accelerated - Retail,Executive Events & Roundtables,2026-06-19,2026-06,99648,101714,1813,181,129,54,21,12,2,29722200,Enterprise High-Value,Manufacturing & Auto,North America,Retail Omnichannel & Supply Chain,Experiential,Strategic Account Penetration,14861100,113
TCS-CMP-01790,Global Horizon - Cloud,Industry Display & Media,2025-12-24,2025-12,19478,152627,1580,60,25,8,3,1,0,0,Strategic Growth Accounts,Telecom & Media,India & Middle East,Cloud & Infrastructure Transformation,Digital Inbound,Brand Authority & MQLs,2870754,51
TCS-CMP-01791,Cognitive Ops 2.0 - BFSI,Executive Events & Roundtables,2026-04-01,2026-04,74529,56590,998,146,86,25,10,5,1,11393082,Strategic Growth Accounts,Energy & Utilities,Nordics & Benelux,BFSI Core Modernization,Experiential,Pipeline Generation,11393082,67
TCS-CMP-01792,NextGen CX - Retail,Industry Display & Media,2025-10-17,2025-10,32723,187554,1560,50,17,4,2,1,0,0,Enterprise High-Value,Healthcare & Life Sciences,Europe & UK,Retail Omnichannel & Supply Chain,Digital Inbound,Strategic Account Penetration,5976856,171
TCS-CMP-01793,BFSI Resiliency - Cognitive,Google Search,2026-09-20,2026-09,30233,77071,3500,323,162,79,51,31,9,63506286,Enterprise High-Value,Energy & Utilities,APAC & Australia,Cognitive AI & Enterprise Automation,Digital Inbound,Pipeline Generation,7056254,131
TCS-CMP-01794,Q1 Cloud Scale - Cyber,Account-Based Email,2026-04-20,2026-04,23766,52607,2758,189,109,66,51,36,14,67670834,Strategic Growth Accounts,Telecom & Media,Nordics & Benelux,Cyber Defense & Risk Governance,Outbound ABM,Brand Authority & MQLs,4833631,125
TCS-CMP-01795,Q1 Cloud Scale - Cyber,Executive Events & Roundtables,2026-03-11,2026-03,88477,85775,1321,175,134,52,21,11,4,60090360,Enterprise High-Value,Healthcare & Life Sciences,Europe & UK,Cyber Defense & Risk Governance,Experiential,Pipeline Generation,15022590,134
TCS-CMP-01796,NextGen CX - Cyber,Account-Based Email,2025-12-26,2025-12,19670,31132,1112,118,76,35,22,16,7,40954907,Strategic Growth Accounts,Telecom & Media,North America,Cyber Defense & Risk Governance,Outbound ABM,Pipeline Generation,5850701,108
TCS-CMP-01797,NextGen CX - Retail,Industry Display & Media,2026-06-15,2026-06,34874,160481,1278,55,19,5,2,1,0,0,Nurture / Mid-Market,Manufacturing & Auto,North America,Retail Omnichannel & Supply Chain,Digital Inbound,Executive Engagement,1632264,63
TCS-CMP-01798,Cognitive Ops 2.0 - Cognitive,Tech Analyst Webinars,2025-10-23,2025-10,25092,62035,1516,121,75,35,17,10,3,16589769,Enterprise High-Value,Energy & Utilities,North America,Cognitive AI & Enterprise Automation,Digital Inbound,Brand Authority & MQLs,5529923,195
TCS-CMP-01799,Zero Trust Enterprise - Healthcare,Executive Events & Roundtables,2026-06-15,2026-06,100315,98157,1392,129,95,35,14,9,3,43699818,Enterprise High-Value,Retail & CPG,Europe & UK,Healthcare & Life Sciences Digital Labs,Experiential,Pipeline Generation,14566606,106
TCS-CMP-01800,CyberShield 360 - Cognitive,Tech Analyst Webinars,2026-01-09,2026-01,14288,34662,912,65,36,16,9,6,2,2305018,Emerging Tier / High-CAC,Healthcare & Life Sciences,Nordics & Benelux,Cognitive AI & Enterprise Automation,Digital Inbound,Brand Authority & MQLs,1152509,47
TCS-CMP-01801,NextGen CX - BFSI,Executive Events & Roundtables,2025-12-21,2025-12,57859,60322,885,84,68,24,12,6,2,35927650,Enterprise High-Value,Manufacturing & Auto,North America,BFSI Core Modernization,Experiential,Strategic Account Penetration,17963825,105
TCS-CMP-01802,SAP S/4 Hana Accelerated - Retail,Tech Analyst Webinars,2026-09-19,2026-09,18823,43173,816,53,26,9,4,2,1,2290059,Nurture / Mid-Market,Retail & CPG,Europe & UK,Retail Omnichannel & Supply Chain,Digital Inbound,Executive Engagement,2290059,61
TCS-CMP-01803,Sustainable Tech Suite - Cloud,Executive Events & Roundtables,2025-11-17,2025-11,72775,74521,1066,124,99,28,12,8,3,48020427,Enterprise High-Value,Energy & Utilities,Nordics & Benelux,Cloud & Infrastructure Transformation,Experiential,Brand Authority & MQLs,16006809,112
TCS-CMP-01804,Zero Trust Enterprise - Cognitive,Tech Analyst Webinars,2026-07-11,2026-07,36780,66846,1506,87,42,16,8,4,2,5105638,Nurture / Mid-Market,Telecom & Media,Europe & UK,Cognitive AI & Enterprise Automation,Digital Inbound,Executive Engagement,2552819,130
TCS-CMP-01805,Sustainable Tech Suite - BFSI,Tech Analyst Webinars,2026-06-26,2026-06,40246,62237,1492,77,33,14,8,5,1,1511056,Emerging Tier / High-CAC,Manufacturing & Auto,India & Middle East,BFSI Core Modernization,Digital Inbound,Pipeline Generation,1511056,103
TCS-CMP-01806,BFSI Resiliency - Cloud,Google Search,2026-09-25,2026-09,58097,94101,4234,355,181,72,37,25,10,49186330,Strategic Growth Accounts,Banking & Capital Markets,North America,Cloud & Infrastructure Transformation,Digital Inbound,Executive Engagement,4918633,102
TCS-CMP-01807,OmniCommerce Edge - BFSI,Industry Display & Media,2026-08-14,2026-08,33274,233024,1944,74,32,8,3,2,0,0,Nurture / Mid-Market,Telecom & Media,Europe & UK,BFSI Core Modernization,Digital Inbound,Strategic Account Penetration,2064615,59
TCS-CMP-01808,GenAI Catalyst - Retail,Account-Based Email,2025-10-01,2025-10,16298,45472,1999,204,142,79,46,35,14,110997208,Enterprise High-Value,Telecom & Media,Europe & UK,Retail Omnichannel & Supply Chain,Outbound ABM,Brand Authority & MQLs,7928372,198
TCS-CMP-01809,Cognitive Ops 2.0 - Cognitive,Tech Analyst Webinars,2026-09-21,2026-09,20574,41151,760,41,21,9,4,3,1,3370223,Strategic Growth Accounts,Telecom & Media,Nordics & Benelux,Cognitive AI & Enterprise Automation,Digital Inbound,Brand Authority & MQLs,3370223,92
TCS-CMP-01810,CyberShield 360 - Retail,Industry Display & Media,2026-08-09,2026-08,25763,119171,1080,30,14,4,1,1,0,0,Enterprise High-Value,Retail & CPG,North America,Retail Omnichannel & Supply Chain,Digital Inbound,Strategic Account Penetration,4353711,152
TCS-CMP-01811,Cognitive Ops 2.0 - Cloud,Executive Events & Roundtables,2025-12-22,2025-12,107115,91625,1347,173,121,40,15,9,3,47999862,Enterprise High-Value,Energy & Utilities,APAC & Australia,Cloud & Infrastructure Transformation,Experiential,Strategic Account Penetration,15999954,130
TCS-CMP-01812,NextGen CX - BFSI,Account-Based Email,2025-10-19,2025-10,24439,45872,1825,139,112,71,50,32,17,164110571,Enterprise High-Value,Banking & Capital Markets,India & Middle East,BFSI Core Modernization,Outbound ABM,Strategic Account Penetration,9653563,182
TCS-CMP-01813,Sustainable Tech Suite - Healthcare,Tech Analyst Webinars,2025-10-19,2025-10,17193,48007,1218,89,50,20,10,5,2,11414978,Enterprise High-Value,Retail & CPG,Nordics & Benelux,Healthcare & Life Sciences Digital Labs,Digital Inbound,Executive Engagement,5707489,134
TCS-CMP-01814,Cognitive Ops 2.0 - Healthcare,Google Search,2026-06-14,2026-06,37929,107841,4906,452,251,91,51,30,7,26406450,Strategic Growth Accounts,Telecom & Media,Europe & UK,Healthcare & Life Sciences Digital Labs,Digital Inbound,Pipeline Generation,3772350,109
TCS-CMP-01815,Cognitive Ops 2.0 - BFSI,LinkedIn Enterprise,2026-08-07,2026-08,50358,87204,2604,180,127,53,33,20,6,14503644,Emerging Tier / High-CAC,Manufacturing & Auto,Europe & UK,BFSI Core Modernization,Digital Inbound,Pipeline Generation,2417274,52
TCS-CMP-01816,CyberShield 360 - Healthcare,Tech Analyst Webinars,2026-02-28,2026-02,14648,21040,576,34,15,6,4,2,0,0,Strategic Growth Accounts,Retail & CPG,APAC & Australia,Healthcare & Life Sciences Digital Labs,Digital Inbound,Brand Authority & MQLs,3875271,65
TCS-CMP-01817,BFSI Resiliency - Cloud,Industry Display & Media,2026-09-02,2026-09,26349,128158,1049,40,20,5,2,1,0,0,Emerging Tier / High-CAC,Retail & CPG,Nordics & Benelux,Cloud & Infrastructure Transformation,Digital Inbound,Pipeline Generation,1086675,60
TCS-CMP-01818,Life Sciences DataHub - Cognitive,Tech Analyst Webinars,2025-11-16,2025-11,33393,55330,1312,106,54,20,10,6,1,3840336,Strategic Growth Accounts,Manufacturing & Auto,APAC & Australia,Cognitive AI & Enterprise Automation,Digital Inbound,Executive Engagement,3840336,81
TCS-CMP-01819,NextGen CX - Healthcare,Google Search,2025-10-04,2025-10,70615,113818,4404,269,182,86,52,33,11,45292951,Strategic Growth Accounts,Retail & CPG,North America,Healthcare & Life Sciences Digital Labs,Digital Inbound,Brand Authority & MQLs,4117541,78
TCS-CMP-01820,OmniCommerce Edge - Retail,Google Search,2026-01-09,2026-01,39087,75796,2706,238,151,74,39,26,10,28481570,Nurture / Mid-Market,Telecom & Media,APAC & Australia,Retail Omnichannel & Supply Chain,Digital Inbound,Executive Engagement,2848157,112
TCS-CMP-01821,SAP S/4 Hana Accelerated - Healthcare,Executive Events & Roundtables,2026-01-22,2026-01,52309,38156,469,53,42,17,8,5,1,6431918,Nurture / Mid-Market,Banking & Capital Markets,Nordics & Benelux,Healthcare & Life Sciences Digital Labs,Experiential,Strategic Account Penetration,6431918,58
TCS-CMP-01822,CyberShield 360 - Cyber,Industry Display & Media,2026-08-27,2026-08,27692,180971,1434,58,25,7,3,1,0,0,Strategic Growth Accounts,Retail & CPG,Nordics & Benelux,Cyber Defense & Risk Governance,Digital Inbound,Strategic Account Penetration,3700099,126
TCS-CMP-01823,OmniCommerce Edge - Cyber,Account-Based Email,2025-10-18,2025-10,18825,60824,3052,202,153,88,57,47,15,31606590,Emerging Tier / High-CAC,Retail & CPG,Europe & UK,Cyber Defense & Risk Governance,Outbound ABM,Executive Engagement,2107106,137
TCS-CMP-01824,GenAI Catalyst - Retail,Tech Analyst Webinars,2026-06-01,2026-06,38573,88661,1566,87,37,16,7,3,1,3551689,Strategic Growth Accounts,Banking & Capital Markets,Europe & UK,Retail Omnichannel & Supply Chain,Digital Inbound,Strategic Account Penetration,3551689,140
TCS-CMP-01825,NextGen CX - Cognitive,Industry Display & Media,2025-10-21,2025-10,44949,227313,1779,55,24,7,2,1,0,0,Strategic Growth Accounts,Banking & Capital Markets,Europe & UK,Cognitive AI & Enterprise Automation,Digital Inbound,Pipeline Generation,3308060,47
TCS-CMP-01826,OmniCommerce Edge - Healthcare,Account-Based Email,2026-03-26,2026-03,11273,18902,664,62,38,23,14,11,5,38804490,Enterprise High-Value,Manufacturing & Auto,APAC & Australia,Healthcare & Life Sciences Digital Labs,Outbound ABM,Executive Engagement,7760898,187
TCS-CMP-01827,Sustainable Tech Suite - Cloud,Google Search,2025-10-28,2025-10,37496,71156,3015,178,83,40,22,16,5,6654135,Emerging Tier / High-CAC,Healthcare & Life Sciences,Nordics & Benelux,Cloud & Infrastructure Transformation,Digital Inbound,Strategic Account Penetration,1330827,58
TCS-CMP-01828,NextGen CX - BFSI,LinkedIn Enterprise,2026-06-24,2026-06,50888,184815,5762,588,322,145,93,80,34,70607562,Emerging Tier / High-CAC,Healthcare & Life Sciences,India & Middle East,BFSI Core Modernization,Digital Inbound,Pipeline Generation,2076693,104
TCS-CMP-01829,Q1 Cloud Scale - Cloud,Google Search,2025-10-12,2025-10,45133,110100,4109,350,179,87,48,32,8,28948208,Strategic Growth Accounts,Manufacturing & Auto,Nordics & Benelux,Cloud & Infrastructure Transformation,Digital Inbound,Executive Engagement,3618526,61
TCS-CMP-01830,OmniCommerce Edge - Retail,Industry Display & Media,2026-04-05,2026-04,27595,186282,1592,47,21,6,3,1,0,0,Strategic Growth Accounts,Energy & Utilities,Nordics & Benelux,Retail Omnichannel & Supply Chain,Digital Inbound,Strategic Account Penetration,2721703,94
TCS-CMP-01831,CyberShield 360 - Retail,Google Search,2026-06-13,2026-06,44009,76766,2871,267,181,82,52,32,11,16008872,Emerging Tier / High-CAC,Manufacturing & Auto,Europe & UK,Retail Omnichannel & Supply Chain,Digital Inbound,Pipeline Generation,1455352,62
TCS-CMP-01832,SAP S/4 Hana Accelerated - Cyber,LinkedIn Enterprise,2025-10-06,2025-10,32588,56156,1654,148,110,59,33,26,12,47973360,Nurture / Mid-Market,Telecom & Media,APAC & Australia,Cyber Defense & Risk Governance,Digital Inbound,Pipeline Generation,3997780,61
TCS-CMP-01833,BFSI Resiliency - Cloud,Industry Display & Media,2026-04-01,2026-04,45475,308721,2412,72,33,11,5,3,1,3482354,Strategic Growth Accounts,Retail & CPG,North America,Cloud & Infrastructure Transformation,Digital Inbound,Pipeline Generation,3482354,78
TCS-CMP-01834,Life Sciences DataHub - BFSI,Account-Based Email,2025-11-01,2025-11,26891,59566,2547,196,129,59,41,28,14,81687382,Strategic Growth Accounts,Telecom & Media,Nordics & Benelux,BFSI Core Modernization,Outbound ABM,Executive Engagement,5834813,123
TCS-CMP-01835,Global Horizon - Cyber,LinkedIn Enterprise,2026-08-02,2026-08,36209,66528,2031,143,87,54,40,32,10,36979030,Nurture / Mid-Market,Manufacturing & Auto,APAC & Australia,Cyber Defense & Risk Governance,Digital Inbound,Executive Engagement,3697903,114
TCS-CMP-01836,Cognitive Ops 2.0 - Healthcare,Google Search,2026-06-18,2026-06,33386,63687,2657,209,107,56,31,18,5,39905070,Enterprise High-Value,Retail & CPG,Europe & UK,Healthcare & Life Sciences Digital Labs,Digital Inbound,Executive Engagement,7981014,81
TCS-CMP-01837,Global Horizon - Cyber,Industry Display & Media,2026-04-17,2026-04,35180,250166,2150,78,33,10,4,2,1,2949955,Strategic Growth Accounts,Healthcare & Life Sciences,Europe & UK,Cyber Defense & Risk Governance,Digital Inbound,Executive Engagement,2949955,105
TCS-CMP-01838,CyberShield 360 - Cloud,Google Search,2025-12-11,2025-12,32950,100577,3858,265,184,71,44,27,11,41308432,Strategic Growth Accounts,Retail & CPG,Europe & UK,Cloud & Infrastructure Transformation,Digital Inbound,Strategic Account Penetration,3755312,139
TCS-CMP-01839,GenAI Catalyst - Healthcare,Executive Events & Roundtables,2026-01-06,2026-01,95353,76936,1208,119,78,29,12,6,1,8486584,Strategic Growth Accounts,Manufacturing & Auto,India & Middle East,Healthcare & Life Sciences Digital Labs,Experiential,Executive Engagement,8486584,94
TCS-CMP-01840,CyberShield 360 - Cloud,Tech Analyst Webinars,2026-05-03,2026-05,17120,36608,686,50,31,12,5,3,1,2583212,Nurture / Mid-Market,Manufacturing & Auto,North America,Cloud & Infrastructure Transformation,Digital Inbound,Strategic Account Penetration,2583212,117
TCS-CMP-01841,Life Sciences DataHub - Retail,Google Search,2026-02-26,2026-02,49397,72404,3116,278,181,79,44,29,11,18625618,Emerging Tier / High-CAC,Banking & Capital Markets,North America,Retail Omnichannel & Supply Chain,Digital Inbound,Executive Engagement,1693238,55
TCS-CMP-01842,Sustainable Tech Suite - Cloud,Industry Display & Media,2026-08-02,2026-08,15672,84471,832,27,12,3,1,1,0,0,Nurture / Mid-Market,Banking & Capital Markets,India & Middle East,Cloud & Infrastructure Transformation,Digital Inbound,Strategic Account Penetration,2008209,104
TCS-CMP-01843,SAP S/4 Hana Accelerated - Cognitive,Account-Based Email,2026-04-26,2026-04,13798,17939,787,67,43,25,19,17,5,41528880,Enterprise High-Value,Retail & CPG,India & Middle East,Cognitive AI & Enterprise Automation,Outbound ABM,Pipeline Generation,8305776,120
TCS-CMP-01844,Global Horizon - BFSI,Industry Display & Media,2026-07-15,2026-07,42251,189163,1664,45,22,6,2,1,0,0,Emerging Tier / High-CAC,Energy & Utilities,Europe & UK,BFSI Core Modernization,Digital Inbound,Pipeline Generation,1290212,99
TCS-CMP-01845,BFSI Resiliency - Healthcare,Industry Display & Media,2026-06-13,2026-06,31489,195499,1754,62,21,5,2,1,0,0,Nurture / Mid-Market,Telecom & Media,North America,Healthcare & Life Sciences Digital Labs,Digital Inbound,Pipeline Generation,2042130,89
TCS-CMP-01846,Life Sciences DataHub - Healthcare,Account-Based Email,2025-11-04,2025-11,23851,58841,2096,162,94,60,40,26,11,104155667,Enterprise High-Value,Retail & CPG,North America,Healthcare & Life Sciences Digital Labs,Outbound ABM,Executive Engagement,9468697,170
TCS-CMP-01847,Sustainable Tech Suite - Retail,Industry Display & Media,2026-07-26,2026-07,24027,116617,1093,46,21,6,3,2,1,2087936,Nurture / Mid-Market,Energy & Utilities,India & Middle East,Retail Omnichannel & Supply Chain,Digital Inbound,Strategic Account Penetration,2087936,74
TCS-CMP-01848,Cognitive Ops 2.0 - Retail,LinkedIn Enterprise,2025-10-25,2025-10,53706,76991,2090,209,125,54,33,25,8,28686400,Nurture / Mid-Market,Energy & Utilities,Nordics & Benelux,Retail Omnichannel & Supply Chain,Digital Inbound,Brand Authority & MQLs,3585800,92
TCS-CMP-01849,Life Sciences DataHub - Healthcare,Account-Based Email,2025-12-25,2025-12,18718,32577,1596,139,85,51,38,33,17,129060668,Enterprise High-Value,Energy & Utilities,Nordics & Benelux,Healthcare & Life Sciences Digital Labs,Outbound ABM,Brand Authority & MQLs,7591804,154
TCS-CMP-01850,Zero Trust Enterprise - Cognitive,Executive Events & Roundtables,2026-07-24,2026-07,136506,131755,1917,198,131,53,22,11,3,27446163,Strategic Growth Accounts,Telecom & Media,India & Middle East,Cognitive AI & Enterprise Automation,Experiential,Executive Engagement,9148721,130
TCS-CMP-01851,SAP S/4 Hana Accelerated - Retail,Google Search,2025-10-18,2025-10,23821,35289,1202,110,66,24,13,10,3,4489326,Emerging Tier / High-CAC,Banking & Capital Markets,Nordics & Benelux,Retail Omnichannel & Supply Chain,Digital Inbound,Pipeline Generation,1496442,61
TCS-CMP-01852,NextGen CX - Cognitive,Google Search,2026-01-12,2026-01,41788,97827,4461,294,142,66,44,32,12,28906356,Nurture / Mid-Market,Energy & Utilities,Europe & UK,Cognitive AI & Enterprise Automation,Digital Inbound,Brand Authority & MQLs,2408863,134
TCS-CMP-01853,Sustainable Tech Suite - BFSI,LinkedIn Enterprise,2026-08-12,2026-08,56662,91356,2683,244,166,88,50,33,13,54565953,Nurture / Mid-Market,Telecom & Media,Nordics & Benelux,BFSI Core Modernization,Digital Inbound,Strategic Account Penetration,4197381,64
TCS-CMP-01854,BFSI Resiliency - BFSI,Account-Based Email,2026-03-08,2026-03,22423,33735,1386,122,83,46,31,22,11,57160675,Strategic Growth Accounts,Healthcare & Life Sciences,India & Middle East,BFSI Core Modernization,Outbound ABM,Brand Authority & MQLs,5196425,53
TCS-CMP-01855,OmniCommerce Edge - Healthcare,Google Search,2026-04-03,2026-04,37665,57520,2217,167,116,44,25,18,7,50960189,Enterprise High-Value,Telecom & Media,North America,Healthcare & Life Sciences Digital Labs,Digital Inbound,Executive Engagement,7280027,150
TCS-CMP-01856,OmniCommerce Edge - Retail,Tech Analyst Webinars,2025-12-17,2025-12,35011,93586,1893,135,67,29,12,7,2,8952254,Strategic Growth Accounts,Healthcare & Life Sciences,North America,Retail Omnichannel & Supply Chain,Digital Inbound,Executive Engagement,4476127,110
TCS-CMP-01857,NextGen CX - BFSI,Account-Based Email,2026-05-27,2026-05,16998,25914,1025,75,52,27,21,15,5,9125870,Emerging Tier / High-CAC,Banking & Capital Markets,Nordics & Benelux,BFSI Core Modernization,Outbound ABM,Strategic Account Penetration,1825174,75
TCS-CMP-01858,CyberShield 360 - BFSI,Industry Display & Media,2025-10-14,2025-10,18868,134755,1138,46,17,4,2,1,0,0,Strategic Growth Accounts,Energy & Utilities,APAC & Australia,BFSI Core Modernization,Digital Inbound,Pipeline Generation,2855481,113
TCS-CMP-01859,Life Sciences DataHub - Cyber,Industry Display & Media,2025-11-27,2025-11,44099,250432,1904,66,24,8,3,2,1,1076878,Emerging Tier / High-CAC,Healthcare & Life Sciences,India & Middle East,Cyber Defense & Risk Governance,Digital Inbound,Executive Engagement,1076878,115
TCS-CMP-01860,Sustainable Tech Suite - BFSI,LinkedIn Enterprise,2026-05-05,2026-05,22353,36611,993,93,56,29,19,15,5,21704865,Nurture / Mid-Market,Banking & Capital Markets,APAC & Australia,BFSI Core Modernization,Digital Inbound,Pipeline Generation,4340973,113
TCS-CMP-01861,Sustainable Tech Suite - Cloud,Account-Based Email,2026-03-06,2026-03,19363,48711,2120,199,145,93,56,45,17,86690939,Strategic Growth Accounts,Telecom & Media,India & Middle East,Cloud & Infrastructure Transformation,Outbound ABM,Brand Authority & MQLs,5099467,143
TCS-CMP-01862,CyberShield 360 - Retail,Executive Events & Roundtables,2026-08-17,2026-08,77046,60875,1095,106,86,32,14,9,3,17297148,Nurture / Mid-Market,Retail & CPG,North America,Retail Omnichannel & Supply Chain,Experiential,Strategic Account Penetration,5765716,128
TCS-CMP-01863,Sustainable Tech Suite - Retail,Industry Display & Media,2026-05-26,2026-05,19954,91535,944,37,18,5,2,1,0,0,Nurture / Mid-Market,Energy & Utilities,North America,Retail Omnichannel & Supply Chain,Digital Inbound,Brand Authority & MQLs,2062564,61
TCS-CMP-01864,OmniCommerce Edge - Cognitive,Industry Display & Media,2026-02-18,2026-02,38879,214645,2118,57,28,8,3,1,0,0,Nurture / Mid-Market,Retail & CPG,Nordics & Benelux,Cognitive AI & Enterprise Automation,Digital Inbound,Brand Authority & MQLs,2237949,52
TCS-CMP-01865,NextGen CX - Cloud,Tech Analyst Webinars,2026-06-25,2026-06,27183,44080,1001,65,38,13,6,4,1,3998569,Strategic Growth Accounts,Telecom & Media,North America,Cloud & Infrastructure Transformation,Digital Inbound,Brand Authority & MQLs,3998569,91
TCS-CMP-01866,CyberShield 360 - Cloud,Account-Based Email,2026-09-13,2026-09,17355,28882,1051,84,63,37,25,17,8,15721664,Emerging Tier / High-CAC,Manufacturing & Auto,India & Middle East,Cloud & Infrastructure Transformation,Outbound ABM,Strategic Account Penetration,1965208,127
TCS-CMP-01867,BFSI Resiliency - Retail,Industry Display & Media,2025-10-02,2025-10,33514,254142,2509,89,40,11,4,2,1,1129252,Emerging Tier / High-CAC,Energy & Utilities,APAC & Australia,Retail Omnichannel & Supply Chain,Digital Inbound,Strategic Account Penetration,1129252,111
TCS-CMP-01868,Sustainable Tech Suite - Retail,Industry Display & Media,2026-08-20,2026-08,32808,190448,1913,54,25,8,3,1,0,0,Strategic Growth Accounts,Retail & CPG,North America,Retail Omnichannel & Supply Chain,Digital Inbound,Executive Engagement,2963856,80
TCS-CMP-01869,CyberShield 360 - BFSI,Executive Events & Roundtables,2025-11-24,2025-11,111306,120754,1730,164,93,34,14,9,2,13886350,Nurture / Mid-Market,Banking & Capital Markets,North America,BFSI Core Modernization,Experiential,Strategic Account Penetration,6943175,84
TCS-CMP-01870,BFSI Resiliency - Cyber,Tech Analyst Webinars,2025-11-21,2025-11,33729,60640,1389,106,48,16,7,5,2,11471942,Enterprise High-Value,Retail & CPG,Nordics & Benelux,Cyber Defense & Risk Governance,Digital Inbound,Strategic Account Penetration,5735971,75
TCS-CMP-01871,Q1 Cloud Scale - Cyber,Executive Events & Roundtables,2025-12-26,2025-12,76437,48687,615,73,59,23,11,7,2,13770376,Nurture / Mid-Market,Retail & CPG,North America,Cyber Defense & Risk Governance,Experiential,Executive Engagement,6885188,77
TCS-CMP-01872,BFSI Resiliency - Cognitive,Google Search,2026-09-16,2026-09,45255,83210,3571,280,182,67,32,22,7,44912889,Enterprise High-Value,Telecom & Media,Europe & UK,Cognitive AI & Enterprise Automation,Digital Inbound,Pipeline Generation,6416127,76
TCS-CMP-01873,Q1 Cloud Scale - Cloud,Tech Analyst Webinars,2026-06-28,2026-06,35996,89112,2230,171,87,38,21,11,3,3845397,Emerging Tier / High-CAC,Retail & CPG,Europe & UK,Cloud & Infrastructure Transformation,Digital Inbound,Brand Authority & MQLs,1281799,121
TCS-CMP-01874,Life Sciences DataHub - BFSI,Account-Based Email,2025-12-20,2025-12,22095,48385,1646,128,91,43,32,23,7,67820557,Enterprise High-Value,Banking & Capital Markets,APAC & Australia,BFSI Core Modernization,Outbound ABM,Brand Authority & MQLs,9688651,164
TCS-CMP-01875,OmniCommerce Edge - BFSI,Industry Display & Media,2025-12-05,2025-12,47787,276200,2745,119,59,16,6,2,0,0,Enterprise High-Value,Manufacturing & Auto,APAC & Australia,BFSI Core Modernization,Digital Inbound,Brand Authority & MQLs,5365517,119
TCS-CMP-01876,NextGen CX - Retail,Tech Analyst Webinars,2026-08-11,2026-08,17154,25007,546,27,14,6,3,2,1,5521712,Enterprise High-Value,Manufacturing & Auto,Europe & UK,Retail Omnichannel & Supply Chain,Digital Inbound,Brand Authority & MQLs,5521712,155
TCS-CMP-01877,SAP S/4 Hana Accelerated - Cognitive,Executive Events & Roundtables,2026-08-12,2026-08,139857,86896,1215,148,89,35,18,10,4,12855552,Emerging Tier / High-CAC,Healthcare & Life Sciences,Nordics & Benelux,Cognitive AI & Enterprise Automation,Experiential,Brand Authority & MQLs,3213888,84
TCS-CMP-01878,CyberShield 360 - Healthcare,Tech Analyst Webinars,2026-05-27,2026-05,38821,83884,2097,127,73,33,16,8,2,11434114,Enterprise High-Value,Telecom & Media,North America,Healthcare & Life Sciences Digital Labs,Digital Inbound,Pipeline Generation,5717057,164
TCS-CMP-01879,Global Horizon - Healthcare,LinkedIn Enterprise,2026-06-21,2026-06,59835,83167,2679,286,189,118,70,53,20,65412720,Nurture / Mid-Market,Manufacturing & Auto,APAC & Australia,Healthcare & Life Sciences Digital Labs,Digital Inbound,Brand Authority & MQLs,3270636,54
TCS-CMP-01880,CyberShield 360 - Healthcare,LinkedIn Enterprise,2026-02-15,2026-02,30391,71186,2130,196,142,59,34,28,14,31104640,Emerging Tier / High-CAC,Banking & Capital Markets,APAC & Australia,Healthcare & Life Sciences Digital Labs,Digital Inbound,Executive Engagement,2221760,137
TCS-CMP-01881,Life Sciences DataHub - Cloud,Industry Display & Media,2026-09-06,2026-09,25374,107267,1169,35,17,5,2,1,0,0,Enterprise High-Value,Banking & Capital Markets,Europe & UK,Cloud & Infrastructure Transformation,Digital Inbound,Brand Authority & MQLs,6012410,150
TCS-CMP-01882,GenAI Catalyst - Cloud,LinkedIn Enterprise,2026-05-06,2026-05,45363,102763,2373,229,147,82,49,39,14,84050316,Strategic Growth Accounts,Energy & Utilities,North America,Cloud & Infrastructure Transformation,Digital Inbound,Strategic Account Penetration,6003594,127
TCS-CMP-01883,Life Sciences DataHub - Cyber,Google Search,2026-07-08,2026-07,30174,77919,2819,260,179,79,45,31,12,59611356,Strategic Growth Accounts,Banking & Capital Markets,North America,Cyber Defense & Risk Governance,Digital Inbound,Brand Authority & MQLs,4967613,94
TCS-CMP-01884,Sustainable Tech Suite - BFSI,Executive Events & Roundtables,2026-02-15,2026-02,75588,68131,904,121,83,24,11,6,2,30839314,Enterprise High-Value,Retail & CPG,Nordics & Benelux,BFSI Core Modernization,Experiential,Strategic Account Penetration,15419657,95
TCS-CMP-01885,SAP S/4 Hana Accelerated - Healthcare,Google Search,2026-07-22,2026-07,30652,63337,2287,129,89,37,21,16,5,6810890,Emerging Tier / High-CAC,Telecom & Media,India & Middle East,Healthcare & Life Sciences Digital Labs,Digital Inbound,Executive Engagement,1362178,140
TCS-CMP-01886,OmniCommerce Edge - BFSI,Industry Display & Media,2026-08-05,2026-08,42951,228955,1823,69,28,6,2,1,0,0,Emerging Tier / High-CAC,Healthcare & Life Sciences,North America,BFSI Core Modernization,Digital Inbound,Executive Engagement,926979,138
TCS-CMP-01887,BFSI Resiliency - Cyber,Industry Display & Media,2026-03-08,2026-03,42298,230673,2437,78,32,8,3,2,0,0,Strategic Growth Accounts,Healthcare & Life Sciences,Nordics & Benelux,Cyber Defense & Risk Governance,Digital Inbound,Strategic Account Penetration,3127711,60
TCS-CMP-01888,CyberShield 360 - Retail,LinkedIn Enterprise,2025-11-01,2025-11,44591,86236,1928,141,108,54,35,22,7,62470345,Enterprise High-Value,Energy & Utilities,India & Middle East,Retail Omnichannel & Supply Chain,Digital Inbound,Brand Authority & MQLs,8924335,173
TCS-CMP-01889,Q1 Cloud Scale - Healthcare,Tech Analyst Webinars,2026-05-10,2026-05,16662,29362,625,36,20,8,4,2,1,2033064,Nurture / Mid-Market,Energy & Utilities,India & Middle East,Healthcare & Life Sciences Digital Labs,Digital Inbound,Strategic Account Penetration,2033064,55
TCS-CMP-01890,BFSI Resiliency - Cognitive,Executive Events & Roundtables,2026-03-13,2026-03,99305,77628,943,122,102,37,15,10,3,56431104,Enterprise High-Value,Healthcare & Life Sciences,Nordics & Benelux,Cognitive AI & Enterprise Automation,Experiential,Brand Authority & MQLs,18810368,114
TCS-CMP-01891,Global Horizon - Retail,Tech Analyst Webinars,2025-12-27,2025-12,39911,53494,1223,99,50,17,9,5,2,13200590,Enterprise High-Value,Healthcare & Life Sciences,India & Middle East,Retail Omnichannel & Supply Chain,Digital Inbound,Pipeline Generation,6600295,136
TCS-CMP-01892,SAP S/4 Hana Accelerated - Cognitive,Account-Based Email,2026-01-03,2026-01,8352,11796,592,42,30,15,11,7,3,25118331,Enterprise High-Value,Retail & CPG,North America,Cognitive AI & Enterprise Automation,Outbound ABM,Executive Engagement,8372777,152
TCS-CMP-01893,Sustainable Tech Suite - Cloud,LinkedIn Enterprise,2026-02-23,2026-02,45770,81788,1939,179,138,63,33,26,8,88799128,Enterprise High-Value,Retail & CPG,India & Middle East,Cloud & Infrastructure Transformation,Digital Inbound,Brand Authority & MQLs,11099891,160
TCS-CMP-01894,OmniCommerce Edge - Cloud,LinkedIn Enterprise,2025-12-07,2025-12,62389,202347,4703,467,268,147,108,92,27,55509462,Emerging Tier / High-CAC,Healthcare & Life Sciences,APAC & Australia,Cloud & Infrastructure Transformation,Digital Inbound,Brand Authority & MQLs,2055906,106
TCS-CMP-01895,Life Sciences DataHub - Cognitive,LinkedIn Enterprise,2026-03-04,2026-03,41102,65082,1424,106,69,38,27,23,9,17639946,Emerging Tier / High-CAC,Manufacturing & Auto,Nordics & Benelux,Cognitive AI & Enterprise Automation,Digital Inbound,Brand Authority & MQLs,1959994,106
TCS-CMP-01896,Global Horizon - Cyber,Executive Events & Roundtables,2026-04-06,2026-04,105774,131318,1879,264,199,63,30,19,6,18951492,Emerging Tier / High-CAC,Healthcare & Life Sciences,APAC & Australia,Cyber Defense & Risk Governance,Experiential,Strategic Account Penetration,3158582,142
TCS-CMP-01897,Global Horizon - Cloud,Executive Events & Roundtables,2025-10-24,2025-10,113116,72365,1184,115,77,29,12,7,2,11792088,Nurture / Mid-Market,Manufacturing & Auto,India & Middle East,Cloud & Infrastructure Transformation,Experiential,Executive Engagement,5896044,52
TCS-CMP-01898,NextGen CX - Cognitive,LinkedIn Enterprise,2025-10-07,2025-10,35633,51041,1103,98,76,38,20,13,6,31876950,Strategic Growth Accounts,Energy & Utilities,Europe & UK,Cognitive AI & Enterprise Automation,Digital Inbound,Executive Engagement,5312825,105
TCS-CMP-01899,OmniCommerce Edge - Cloud,LinkedIn Enterprise,2026-08-27,2026-08,31535,43829,1351,127,91,45,30,22,11,20907689,Emerging Tier / High-CAC,Retail & CPG,Europe & UK,Cloud & Infrastructure Transformation,Digital Inbound,Pipeline Generation,1900699,65
TCS-CMP-01900,Life Sciences DataHub - Cyber,Executive Events & Roundtables,2026-03-08,2026-03,59332,45879,634,82,51,17,7,4,1,3959091,Emerging Tier / High-CAC,Retail & CPG,Europe & UK,Cyber Defense & Risk Governance,Experiential,Executive Engagement,3959091,94
TCS-CMP-01901,OmniCommerce Edge - Cyber,Google Search,2026-01-01,2026-01,54415,86085,3340,312,163,62,34,24,9,24056667,Nurture / Mid-Market,Telecom & Media,India & Middle East,Cyber Defense & Risk Governance,Digital Inbound,Strategic Account Penetration,2672963,52
TCS-CMP-01902,Cognitive Ops 2.0 - BFSI,Google Search,2026-07-09,2026-07,43816,113730,4109,296,151,72,35,20,5,6335555,Emerging Tier / High-CAC,Telecom & Media,Europe & UK,BFSI Core Modernization,Digital Inbound,Brand Authority & MQLs,1267111,119
TCS-CMP-01903,CyberShield 360 - Retail,Account-Based Email,2026-02-11,2026-02,18911,54917,2130,195,111,67,47,31,9,18910116,Emerging Tier / High-CAC,Energy & Utilities,Nordics & Benelux,Retail Omnichannel & Supply Chain,Outbound ABM,Executive Engagement,2101124,93
TCS-CMP-01904,Cognitive Ops 2.0 - Cloud,Industry Display & Media,2026-04-06,2026-04,16017,81413,768,32,15,4,2,1,0,0,Strategic Growth Accounts,Telecom & Media,North America,Cloud & Infrastructure Transformation,Digital Inbound,Strategic Account Penetration,3536828,94
TCS-CMP-01905,CyberShield 360 - Cyber,LinkedIn Enterprise,2026-02-06,2026-02,43347,72791,2221,168,96,59,32,25,7,26007254,Nurture / Mid-Market,Banking & Capital Markets,North America,Cyber Defense & Risk Governance,Digital Inbound,Executive Engagement,3715322,76
TCS-CMP-01906,Life Sciences DataHub - Cloud,Account-Based Email,2025-10-02,2025-10,18540,46851,2383,206,162,90,49,42,19,75561176,Nurture / Mid-Market,Energy & Utilities,North America,Cloud & Infrastructure Transformation,Outbound ABM,Strategic Account Penetration,3976904,64
TCS-CMP-01907,Life Sciences DataHub - Healthcare,Google Search,2026-03-01,2026-03,59834,153982,5807,357,167,83,39,21,6,39338790,Enterprise High-Value,Healthcare & Life Sciences,North America,Healthcare & Life Sciences Digital Labs,Digital Inbound,Executive Engagement,6556465,107
TCS-CMP-01908,Life Sciences DataHub - Healthcare,Account-Based Email,2026-03-18,2026-03,15201,36902,1842,153,112,51,29,22,12,44025444,Nurture / Mid-Market,Telecom & Media,North America,Healthcare & Life Sciences Digital Labs,Outbound ABM,Pipeline Generation,3668787,97
TCS-CMP-01909,BFSI Resiliency - Cyber,LinkedIn Enterprise,2026-01-03,2026-01,28144,45631,1258,131,86,45,32,24,7,40989025,Strategic Growth Accounts,Telecom & Media,Europe & UK,Cyber Defense & Risk Governance,Digital Inbound,Strategic Account Penetration,5855575,56
TCS-CMP-01910,Sustainable Tech Suite - Healthcare,Tech Analyst Webinars,2025-12-15,2025-12,38558,68611,1235,96,47,20,8,5,1,5602881,Enterprise High-Value,Retail & CPG,APAC & Australia,Healthcare & Life Sciences Digital Labs,Digital Inbound,Pipeline Generation,5602881,144
TCS-CMP-01911,Global Horizon - Healthcare,Executive Events & Roundtables,2026-05-19,2026-05,86585,81940,1318,132,85,25,9,6,2,6597410,Emerging Tier / High-CAC,Banking & Capital Markets,Nordics & Benelux,Healthcare & Life Sciences Digital Labs,Experiential,Brand Authority & MQLs,3298705,50
TCS-CMP-01912,Q1 Cloud Scale - Cyber,Google Search,2026-03-14,2026-03,24912,47311,1973,165,110,56,29,22,8,64445064,Enterprise High-Value,Banking & Capital Markets,APAC & Australia,Cyber Defense & Risk Governance,Digital Inbound,Brand Authority & MQLs,8055633,134
TCS-CMP-01913,Zero Trust Enterprise - Cyber,LinkedIn Enterprise,2026-06-24,2026-06,46332,124375,3133,220,146,84,52,38,14,161652806,Enterprise High-Value,Healthcare & Life Sciences,APAC & Australia,Cyber Defense & Risk Governance,Digital Inbound,Brand Authority & MQLs,11546629,108
TCS-CMP-01914,Life Sciences DataHub - Healthcare,Tech Analyst Webinars,2025-12-07,2025-12,41344,65879,1300,87,45,19,11,8,2,4543232,Nurture / Mid-Market,Retail & CPG,APAC & Australia,Healthcare & Life Sciences Digital Labs,Digital Inbound,Brand Authority & MQLs,2271616,70
TCS-CMP-01915,Sustainable Tech Suite - Healthcare,Executive Events & Roundtables,2026-07-23,2026-07,110292,76605,1047,154,113,43,17,9,2,11939122,Nurture / Mid-Market,Telecom & Media,India & Middle East,Healthcare & Life Sciences Digital Labs,Experiential,Executive Engagement,5969561,50
TCS-CMP-01916,Cognitive Ops 2.0 - Cyber,Google Search,2025-10-19,2025-10,66516,111223,3510,302,183,70,46,30,10,73414080,Enterprise High-Value,Healthcare & Life Sciences,North America,Cyber Defense & Risk Governance,Digital Inbound,Executive Engagement,7341408,153
TCS-CMP-01917,BFSI Resiliency - Cognitive,Tech Analyst Webinars,2026-04-25,2026-04,26099,38768,707,43,24,11,5,3,1,1276507,Emerging Tier / High-CAC,Telecom & Media,Europe & UK,Cognitive AI & Enterprise Automation,Digital Inbound,Executive Engagement,1276507,120
TCS-CMP-01918,BFSI Resiliency - BFSI,LinkedIn Enterprise,2026-03-13,2026-03,60089,125852,3385,338,215,123,69,50,22,201182520,Enterprise High-Value,Banking & Capital Markets,Nordics & Benelux,BFSI Core Modernization,Digital Inbound,Strategic Account Penetration,9144660,158
TCS-CMP-01919,SAP S/4 Hana Accelerated - Healthcare,Industry Display & Media,2025-12-05,2025-12,34977,242541,1847,75,32,8,3,1,0,0,Strategic Growth Accounts,Telecom & Media,India & Middle East,Healthcare & Life Sciences Digital Labs,Digital Inbound,Executive Engagement,3491721,86
TCS-CMP-01920,Global Horizon - BFSI,LinkedIn Enterprise,2026-06-09,2026-06,31143,97907,2422,180,100,57,32,24,8,46064056,Strategic Growth Accounts,Healthcare & Life Sciences,North America,BFSI Core Modernization,Digital Inbound,Executive Engagement,5758007,143
TCS-CMP-01921,Cognitive Ops 2.0 - Retail,Google Search,2026-02-28,2026-02,59842,169850,6123,448,208,104,50,34,13,17440410,Emerging Tier / High-CAC,Manufacturing & Auto,Nordics & Benelux,Retail Omnichannel & Supply Chain,Digital Inbound,Pipeline Generation,1341570,129
TCS-CMP-01922,BFSI Resiliency - Cloud,Executive Events & Roundtables,2026-01-18,2026-01,85895,68358,949,131,86,29,13,8,2,17950420,Strategic Growth Accounts,Retail & CPG,Nordics & Benelux,Cloud & Infrastructure Transformation,Experiential,Pipeline Generation,8975210,62
TCS-CMP-01923,Zero Trust Enterprise - Cloud,Executive Events & Roundtables,2026-05-14,2026-05,97288,70305,1158,136,105,34,14,7,2,29892216,Enterprise High-Value,Healthcare & Life Sciences,India & Middle East,Cloud & Infrastructure Transformation,Experiential,Brand Authority & MQLs,14946108,126
TCS-CMP-01924,Global Horizon - BFSI,Tech Analyst Webinars,2026-06-18,2026-06,16853,24439,628,45,24,10,5,3,1,2173010,Nurture / Mid-Market,Banking & Capital Markets,Nordics & Benelux,BFSI Core Modernization,Digital Inbound,Executive Engagement,2173010,91
TCS-CMP-01925,NextGen CX - Retail,Tech Analyst Webinars,2026-06-16,2026-06,38336,73093,1654,85,43,17,7,4,1,4088845,Strategic Growth Accounts,Telecom & Media,India & Middle East,Retail Omnichannel & Supply Chain,Digital Inbound,Executive Engagement,4088845,103
TCS-CMP-01926,Life Sciences DataHub - Healthcare,Account-Based Email,2026-01-01,2026-01,10285,21394,932,81,62,37,25,16,7,23002357,Nurture / Mid-Market,Telecom & Media,India & Middle East,Healthcare & Life Sciences Digital Labs,Outbound ABM,Pipeline Generation,3286051,138
TCS-CMP-01927,SAP S/4 Hana Accelerated - Retail,Google Search,2025-11-04,2025-11,62848,139881,5502,405,224,86,46,25,10,57795330,Enterprise High-Value,Energy & Utilities,Europe & UK,Retail Omnichannel & Supply Chain,Digital Inbound,Executive Engagement,5779533,202
TCS-CMP-01928,Cognitive Ops 2.0 - BFSI,Account-Based Email,2025-12-27,2025-12,23858,36151,1411,134,85,41,32,24,12,118520496,Enterprise High-Value,Manufacturing & Auto,Europe & UK,BFSI Core Modernization,Outbound ABM,Brand Authority & MQLs,9876708,204
TCS-CMP-01929,BFSI Resiliency - Cyber,Industry Display & Media,2025-10-01,2025-10,22605,159107,1744,56,26,9,4,2,0,0,Emerging Tier / High-CAC,Healthcare & Life Sciences,India & Middle East,Cyber Defense & Risk Governance,Digital Inbound,Strategic Account Penetration,1273874,129
TCS-CMP-01930,Q1 Cloud Scale - Retail,Account-Based Email,2025-10-04,2025-10,20769,50084,1702,114,91,52,36,26,10,29541190,Nurture / Mid-Market,Healthcare & Life Sciences,Europe & UK,Retail Omnichannel & Supply Chain,Outbound ABM,Strategic Account Penetration,2954119,99
TCS-CMP-01931,BFSI Resiliency - Cognitive,Google Search,2026-01-01,2026-01,67828,154677,4793,281,147,56,32,20,8,21561800,Nurture / Mid-Market,Banking & Capital Markets,India & Middle East,Cognitive AI & Enterprise Automation,Digital Inbound,Executive Engagement,2695225,110
TCS-CMP-01932,SAP S/4 Hana Accelerated - BFSI,LinkedIn Enterprise,2026-02-23,2026-02,61288,128979,3670,389,252,153,97,80,27,161493588,Strategic Growth Accounts,Banking & Capital Markets,Nordics & Benelux,BFSI Core Modernization,Digital Inbound,Executive Engagement,5981244,81
TCS-CMP-01933,Q1 Cloud Scale - BFSI,Industry Display & Media,2026-05-03,2026-05,31051,149679,1544,63,30,9,3,2,0,0,Strategic Growth Accounts,Banking & Capital Markets,Europe & UK,BFSI Core Modernization,Digital Inbound,Pipeline Generation,2970188,118
TCS-CMP-01934,Cognitive Ops 2.0 - Cloud,Account-Based Email,2025-10-02,2025-10,27560,49734,1954,153,93,49,38,24,11,89057903,Enterprise High-Value,Healthcare & Life Sciences,APAC & Australia,Cloud & Infrastructure Transformation,Outbound ABM,Pipeline Generation,8096173,107
TCS-CMP-01935,Q1 Cloud Scale - Cyber,Industry Display & Media,2026-04-18,2026-04,37417,193610,1637,70,31,10,4,2,0,0,Enterprise High-Value,Manufacturing & Auto,North America,Cyber Defense & Risk Governance,Digital Inbound,Pipeline Generation,5609305,100
TCS-CMP-01936,Zero Trust Enterprise - Cognitive,Executive Events & Roundtables,2026-02-13,2026-02,64211,36705,527,48,32,10,4,2,1,3507223,Emerging Tier / High-CAC,Manufacturing & Auto,North America,Cognitive AI & Enterprise Automation,Experiential,Pipeline Generation,3507223,67
TCS-CMP-01937,Cognitive Ops 2.0 - Healthcare,Tech Analyst Webinars,2026-04-02,2026-04,23325,52329,1095,85,42,14,6,3,1,1297245,Emerging Tier / High-CAC,Retail & CPG,APAC & Australia,Healthcare & Life Sciences Digital Labs,Digital Inbound,Strategic Account Penetration,1297245,89
TCS-CMP-01938,Sustainable Tech Suite - Healthcare,LinkedIn Enterprise,2025-12-18,2025-12,38503,88087,2765,214,142,85,59,48,20,78607340,Nurture / Mid-Market,Energy & Utilities,APAC & Australia,Healthcare & Life Sciences Digital Labs,Digital Inbound,Brand Authority & MQLs,3930367,53
TCS-CMP-01939,Q1 Cloud Scale - BFSI,Tech Analyst Webinars,2026-05-12,2026-05,14690,19379,392,25,14,5,3,2,1,1385312,Emerging Tier / High-CAC,Banking & Capital Markets,India & Middle East,BFSI Core Modernization,Digital Inbound,Strategic Account Penetration,1385312,105
TCS-CMP-01940,SAP S/4 Hana Accelerated - Healthcare,Executive Events & Roundtables,2025-12-27,2025-12,54073,53515,776,79,62,21,8,5,1,9306835,Strategic Growth Accounts,Energy & Utilities,Europe & UK,Healthcare & Life Sciences Digital Labs,Experiential,Executive Engagement,9306835,134
TCS-CMP-01941,Q1 Cloud Scale - Cyber,Industry Display & Media,2026-02-13,2026-02,30766,159655,1676,48,22,7,2,1,0,0,Enterprise High-Value,Banking & Capital Markets,Nordics & Benelux,Cyber Defense & Risk Governance,Digital Inbound,Pipeline Generation,5388918,163
TCS-CMP-01942,OmniCommerce Edge - Healthcare,LinkedIn Enterprise,2026-01-25,2026-01,53665,150933,4739,473,361,162,85,57,26,119645318,Nurture / Mid-Market,Manufacturing & Auto,Europe & UK,Healthcare & Life Sciences Digital Labs,Digital Inbound,Brand Authority & MQLs,4601743,128
TCS-CMP-01943,Sustainable Tech Suite - Retail,Industry Display & Media,2026-01-12,2026-01,19706,110690,877,25,12,3,1,0,0,0,Nurture / Mid-Market,Energy & Utilities,Nordics & Benelux,Retail Omnichannel & Supply Chain,Digital Inbound,Brand Authority & MQLs,2215195,60
TCS-CMP-01944,BFSI Resiliency - Cognitive,Industry Display & Media,2026-01-11,2026-01,45340,285992,2062,58,29,7,3,1,0,0,Emerging Tier / High-CAC,Energy & Utilities,India & Middle East,Cognitive AI & Enterprise Automation,Digital Inbound,Executive Engagement,965582,124
TCS-CMP-01945,Life Sciences DataHub - Retail,Account-Based Email,2026-02-18,2026-02,14332,24364,1019,102,63,28,21,15,5,19759225,Nurture / Mid-Market,Banking & Capital Markets,North America,Retail Omnichannel & Supply Chain,Outbound ABM,Strategic Account Penetration,3951845,89
TCS-CMP-01946,Global Horizon - Retail,Industry Display & Media,2026-03-10,2026-03,48803,386927,3407,109,40,9,3,1,0,0,Strategic Growth Accounts,Telecom & Media,APAC & Australia,Retail Omnichannel & Supply Chain,Digital Inbound,Brand Authority & MQLs,3489636,127
TCS-CMP-01947,Sustainable Tech Suite - Retail,Tech Analyst Webinars,2026-04-23,2026-04,13325,41189,732,39,18,8,4,2,1,2658613,Nurture / Mid-Market,Healthcare & Life Sciences,India & Middle East,Retail Omnichannel & Supply Chain,Digital Inbound,Strategic Account Penetration,2658613,73
TCS-CMP-01948,Cognitive Ops 2.0 - Healthcare,Industry Display & Media,2026-02-06,2026-02,44824,234912,2458,85,36,10,4,2,0,0,Nurture / Mid-Market,Healthcare & Life Sciences,India & Middle East,Healthcare & Life Sciences Digital Labs,Digital Inbound,Executive Engagement,1979023,68
TCS-CMP-01949,GenAI Catalyst - Cloud,Tech Analyst Webinars,2026-06-02,2026-06,27328,46229,930,59,32,11,5,3,1,3731719,Strategic Growth Accounts,Manufacturing & Auto,India & Middle East,Cloud & Infrastructure Transformation,Digital Inbound,Brand Authority & MQLs,3731719,114
TCS-CMP-01950,Global Horizon - Cognitive,Google Search,2026-07-14,2026-07,73546,103981,3977,276,163,65,32,24,8,34222872,Strategic Growth Accounts,Energy & Utilities,Nordics & Benelux,Cognitive AI & Enterprise Automation,Digital Inbound,Pipeline Generation,4277859,65
TCS-CMP-01951,BFSI Resiliency - BFSI,Industry Display & Media,2026-06-04,2026-06,38320,212861,1918,56,25,6,2,1,0,0,Nurture / Mid-Market,Retail & CPG,India & Middle East,BFSI Core Modernization,Digital Inbound,Strategic Account Penetration,2117775,141
TCS-CMP-01952,Zero Trust Enterprise - Healthcare,Google Search,2025-10-18,2025-10,30074,43430,1719,139,66,25,15,11,4,5325084,Emerging Tier / High-CAC,Banking & Capital Markets,North America,Healthcare & Life Sciences Digital Labs,Digital Inbound,Strategic Account Penetration,1331271,101
TCS-CMP-01953,Zero Trust Enterprise - Cloud,Executive Events & Roundtables,2026-03-28,2026-03,89474,99191,1324,146,88,36,19,12,4,70593640,Enterprise High-Value,Banking & Capital Markets,Europe & UK,Cloud & Infrastructure Transformation,Experiential,Pipeline Generation,17648410,107
TCS-CMP-01954,Sustainable Tech Suite - Cloud,Executive Events & Roundtables,2025-12-25,2025-12,87262,73870,1329,152,95,27,13,8,2,6162792,Emerging Tier / High-CAC,Retail & CPG,Europe & UK,Cloud & Infrastructure Transformation,Experiential,Executive Engagement,3081396,117
TCS-CMP-01955,NextGen CX - Cyber,Google Search,2026-05-24,2026-05,38573,107746,4494,294,193,86,56,35,12,71032296,Enterprise High-Value,Retail & CPG,APAC & Australia,Cyber Defense & Risk Governance,Digital Inbound,Pipeline Generation,5919358,154
TCS-CMP-01956,BFSI Resiliency - Cognitive,Tech Analyst Webinars,2026-08-25,2026-08,17692,26092,651,41,24,10,5,3,1,6246262,Enterprise High-Value,Retail & CPG,APAC & Australia,Cognitive AI & Enterprise Automation,Digital Inbound,Pipeline Generation,6246262,110
TCS-CMP-01957,Q1 Cloud Scale - Retail,Account-Based Email,2026-03-07,2026-03,8076,12726,547,43,33,18,12,8,4,20449392,Strategic Growth Accounts,Healthcare & Life Sciences,Europe & UK,Retail Omnichannel & Supply Chain,Outbound ABM,Strategic Account Penetration,5112348,96
TCS-CMP-01958,GenAI Catalyst - Cognitive,Tech Analyst Webinars,2025-12-10,2025-12,38834,116373,2239,172,102,45,21,13,4,17493792,Strategic Growth Accounts,Retail & CPG,Europe & UK,Cognitive AI & Enterprise Automation,Digital Inbound,Pipeline Generation,4373448,101
TCS-CMP-01959,Global Horizon - BFSI,Google Search,2025-10-08,2025-10,72968,119948,5237,442,244,114,56,31,11,87737188,Enterprise High-Value,Banking & Capital Markets,Europe & UK,BFSI Core Modernization,Digital Inbound,Strategic Account Penetration,7976108,192
TCS-CMP-01960,OmniCommerce Edge - Cyber,Google Search,2026-01-14,2026-01,72935,92093,3384,297,180,73,47,35,12,18314316,Emerging Tier / High-CAC,Manufacturing & Auto,APAC & Australia,Cyber Defense & Risk Governance,Digital Inbound,Brand Authority & MQLs,1526193,120
TCS-CMP-01961,CyberShield 360 - Cognitive,LinkedIn Enterprise,2026-03-08,2026-03,18080,51503,1136,94,61,29,20,14,4,8140784,Emerging Tier / High-CAC,Manufacturing & Auto,India & Middle East,Cognitive AI & Enterprise Automation,Digital Inbound,Pipeline Generation,2035196,61
TCS-CMP-01962,CyberShield 360 - Cyber,Google Search,2026-07-06,2026-07,59349,102296,3456,197,125,55,36,28,10,25347390,Nurture / Mid-Market,Telecom & Media,North America,Cyber Defense & Risk Governance,Digital Inbound,Pipeline Generation,2534739,108
TCS-CMP-01963,Global Horizon - Retail,Account-Based Email,2026-06-23,2026-06,25651,39287,1943,126,82,48,37,31,14,117132120,Enterprise High-Value,Energy & Utilities,APAC & Australia,Retail Omnichannel & Supply Chain,Outbound ABM,Pipeline Generation,8366580,113
TCS-CMP-01964,SAP S/4 Hana Accelerated - BFSI,Google Search,2026-09-19,2026-09,35914,54164,2064,171,105,42,21,14,5,11651880,Nurture / Mid-Market,Energy & Utilities,North America,BFSI Core Modernization,Digital Inbound,Strategic Account Penetration,2330376,133
TCS-CMP-01965,Sustainable Tech Suite - Cloud,Executive Events & Roundtables,2025-10-20,2025-10,83373,58873,869,83,59,18,7,4,1,15257602,Enterprise High-Value,Retail & CPG,Nordics & Benelux,Cloud & Infrastructure Transformation,Experiential,Strategic Account Penetration,15257602,82
TCS-CMP-01966,NextGen CX - Cyber,Google Search,2026-04-27,2026-04,59876,114616,5377,423,233,88,55,38,12,17452932,Emerging Tier / High-CAC,Telecom & Media,North America,Cyber Defense & Risk Governance,Digital Inbound,Strategic Account Penetration,1454411,85
TCS-CMP-01967,OmniCommerce Edge - Healthcare,Account-Based Email,2026-04-17,2026-04,14151,42329,1625,130,102,48,34,29,10,74973510,Enterprise High-Value,Retail & CPG,North America,Healthcare & Life Sciences Digital Labs,Outbound ABM,Pipeline Generation,7497351,148
TCS-CMP-01968,Global Horizon - Cloud,Executive Events & Roundtables,2026-07-04,2026-07,97908,73156,1079,114,64,19,8,5,1,14834475,Enterprise High-Value,Manufacturing & Auto,Nordics & Benelux,Cloud & Infrastructure Transformation,Experiential,Pipeline Generation,14834475,169
TCS-CMP-01969,OmniCommerce Edge - Retail,Account-Based Email,2025-12-27,2025-12,19282,52900,2031,172,97,64,49,31,15,31454475,Emerging Tier / High-CAC,Manufacturing & Auto,Europe & UK,Retail Omnichannel & Supply Chain,Outbound ABM,Executive Engagement,2096965,125
TCS-CMP-01970,SAP S/4 Hana Accelerated - Retail,Google Search,2025-10-15,2025-10,63537,135084,5507,459,239,94,58,44,10,16695010,Emerging Tier / High-CAC,Energy & Utilities,India & Middle East,Retail Omnichannel & Supply Chain,Digital Inbound,Pipeline Generation,1669501,144
TCS-CMP-01971,GenAI Catalyst - Cyber,Google Search,2026-01-08,2026-01,74907,181310,6101,475,236,109,62,45,13,29820947,Nurture / Mid-Market,Manufacturing & Auto,India & Middle East,Cyber Defense & Risk Governance,Digital Inbound,Pipeline Generation,2293919,93
TCS-CMP-01972,SAP S/4 Hana Accelerated - Cyber,Account-Based Email,2026-06-02,2026-06,18143,44925,1619,131,91,48,34,22,11,43844592,Nurture / Mid-Market,Energy & Utilities,APAC & Australia,Cyber Defense & Risk Governance,Outbound ABM,Executive Engagement,3985872,88
TCS-CMP-01973,BFSI Resiliency - Cognitive,Executive Events & Roundtables,2025-10-05,2025-10,82877,48535,789,97,55,17,6,3,1,3818490,Emerging Tier / High-CAC,Telecom & Media,North America,Cognitive AI & Enterprise Automation,Experiential,Strategic Account Penetration,3818490,77
TCS-CMP-01974,Zero Trust Enterprise - Cloud,Google Search,2026-04-05,2026-04,36889,64563,2529,210,106,48,28,16,5,10975570,Nurture / Mid-Market,Retail & CPG,Nordics & Benelux,Cloud & Infrastructure Transformation,Digital Inbound,Strategic Account Penetration,2195114,73
TCS-CMP-01975,SAP S/4 Hana Accelerated - BFSI,LinkedIn Enterprise,2026-09-28,2026-09,46413,118036,3216,284,167,90,49,40,14,61855052,Nurture / Mid-Market,Manufacturing & Auto,North America,BFSI Core Modernization,Digital Inbound,Pipeline Generation,4418218,56
TCS-CMP-01976,OmniCommerce Edge - Retail,Executive Events & Roundtables,2026-05-07,2026-05,61743,37613,538,79,61,24,10,5,2,19093230,Strategic Growth Accounts,Banking & Capital Markets,Europe & UK,Retail Omnichannel & Supply Chain,Experiential,Pipeline Generation,9546615,106
TCS-CMP-01977,Q1 Cloud Scale - Retail,LinkedIn Enterprise,2026-01-24,2026-01,51245,97358,2692,271,179,98,63,48,17,77556635,Nurture / Mid-Market,Manufacturing & Auto,APAC & Australia,Retail Omnichannel & Supply Chain,Digital Inbound,Executive Engagement,4562155,115
TCS-CMP-01978,Cognitive Ops 2.0 - Retail,Tech Analyst Webinars,2026-01-15,2026-01,34858,50755,1013,81,36,16,9,6,2,5542236,Nurture / Mid-Market,Retail & CPG,Europe & UK,Retail Omnichannel & Supply Chain,Digital Inbound,Strategic Account Penetration,2771118,69
TCS-CMP-01979,GenAI Catalyst - Cyber,Tech Analyst Webinars,2026-03-18,2026-03,33744,51624,1081,73,38,16,9,6,2,5252932,Nurture / Mid-Market,Retail & CPG,India & Middle East,Cyber Defense & Risk Governance,Digital Inbound,Pipeline Generation,2626466,120
TCS-CMP-01980,BFSI Resiliency - BFSI,Tech Analyst Webinars,2026-04-02,2026-04,33807,100653,2519,164,69,24,13,7,2,10656248,Enterprise High-Value,Telecom & Media,India & Middle East,BFSI Core Modernization,Digital Inbound,Pipeline Generation,5328124,95
TCS-CMP-01981,SAP S/4 Hana Accelerated - Cloud,Executive Events & Roundtables,2026-08-18,2026-08,95161,66753,1089,113,70,20,10,6,2,20788558,Strategic Growth Accounts,Energy & Utilities,Nordics & Benelux,Cloud & Infrastructure Transformation,Experiential,Brand Authority & MQLs,10394279,97
TCS-CMP-01982,SAP S/4 Hana Accelerated - Cloud,LinkedIn Enterprise,2026-06-23,2026-06,21516,28140,622,54,41,18,12,7,2,11410980,Strategic Growth Accounts,Energy & Utilities,Europe & UK,Cloud & Infrastructure Transformation,Digital Inbound,Brand Authority & MQLs,5705490,118
TCS-CMP-01983,NextGen CX - BFSI,Account-Based Email,2025-12-25,2025-12,25405,47241,2170,179,100,60,37,30,12,19877004,Emerging Tier / High-CAC,Banking & Capital Markets,North America,BFSI Core Modernization,Outbound ABM,Strategic Account Penetration,1656417,104
TCS-CMP-01984,GenAI Catalyst - BFSI,Executive Events & Roundtables,2026-08-06,2026-08,66203,71075,927,138,85,30,11,7,2,11023804,Nurture / Mid-Market,Banking & Capital Markets,APAC & Australia,BFSI Core Modernization,Experiential,Brand Authority & MQLs,5511902,101
TCS-CMP-01985,SAP S/4 Hana Accelerated - Cognitive,Executive Events & Roundtables,2026-02-12,2026-02,67071,39949,661,94,62,21,10,6,2,18401088,Strategic Growth Accounts,Telecom & Media,India & Middle East,Cognitive AI & Enterprise Automation,Experiential,Pipeline Generation,9200544,93
TCS-CMP-01986,SAP S/4 Hana Accelerated - Cognitive,Industry Display & Media,2026-08-11,2026-08,36869,178830,1517,58,27,9,4,2,1,3469927,Strategic Growth Accounts,Telecom & Media,Nordics & Benelux,Cognitive AI & Enterprise Automation,Digital Inbound,Pipeline Generation,3469927,54
TCS-CMP-01987,Q1 Cloud Scale - Cognitive,Account-Based Email,2026-09-22,2026-09,17071,34706,1652,141,80,38,26,18,7,65260328,Enterprise High-Value,Banking & Capital Markets,Europe & UK,Cognitive AI & Enterprise Automation,Outbound ABM,Executive Engagement,9322904,131
TCS-CMP-01988,SAP S/4 Hana Accelerated - Cloud,Google Search,2026-05-09,2026-05,47156,71444,2721,188,110,43,20,11,4,31106304,Enterprise High-Value,Telecom & Media,India & Middle East,Cloud & Infrastructure Transformation,Digital Inbound,Strategic Account Penetration,7776576,201
TCS-CMP-01989,BFSI Resiliency - Retail,Industry Display & Media,2026-07-05,2026-07,24111,124221,1109,44,19,6,2,1,0,0,Enterprise High-Value,Banking & Capital Markets,North America,Retail Omnichannel & Supply Chain,Digital Inbound,Pipeline Generation,5078374,178
TCS-CMP-01990,Life Sciences DataHub - Healthcare,LinkedIn Enterprise,2025-12-08,2025-12,62380,148718,4111,324,249,104,62,42,18,121372488,Strategic Growth Accounts,Banking & Capital Markets,Europe & UK,Healthcare & Life Sciences Digital Labs,Digital Inbound,Pipeline Generation,6742916,142
TCS-CMP-01991,Sustainable Tech Suite - BFSI,Executive Events & Roundtables,2025-12-20,2025-12,103233,119773,2094,207,157,58,22,15,4,22405244,Nurture / Mid-Market,Banking & Capital Markets,North America,BFSI Core Modernization,Experiential,Brand Authority & MQLs,5601311,55
TCS-CMP-01992,Cognitive Ops 2.0 - Cognitive,Executive Events & Roundtables,2026-02-20,2026-02,111763,110842,1750,254,163,51,19,13,3,11213781,Emerging Tier / High-CAC,Banking & Capital Markets,Europe & UK,Cognitive AI & Enterprise Automation,Experiential,Pipeline Generation,3737927,72
TCS-CMP-01993,SAP S/4 Hana Accelerated - Healthcare,Executive Events & Roundtables,2026-08-09,2026-08,124414,94912,1662,188,125,37,19,12,3,27796179,Strategic Growth Accounts,Manufacturing & Auto,Nordics & Benelux,Healthcare & Life Sciences Digital Labs,Experiential,Pipeline Generation,9265393,137
TCS-CMP-01994,CyberShield 360 - Cloud,Account-Based Email,2026-05-18,2026-05,19163,32430,1359,120,97,61,41,36,12,34368996,Nurture / Mid-Market,Energy & Utilities,North America,Cloud & Infrastructure Transformation,Outbound ABM,Strategic Account Penetration,2864083,134
TCS-CMP-01995,CyberShield 360 - Cloud,Tech Analyst Webinars,2026-08-04,2026-08,27713,70373,1706,98,54,21,11,7,2,10911138,Enterprise High-Value,Manufacturing & Auto,Europe & UK,Cloud & Infrastructure Transformation,Digital Inbound,Executive Engagement,5455569,91
TCS-CMP-01996,OmniCommerce Edge - Healthcare,Industry Display & Media,2026-02-12,2026-02,30532,180676,1856,68,29,9,3,2,0,0,Strategic Growth Accounts,Manufacturing & Auto,Nordics & Benelux,Healthcare & Life Sciences Digital Labs,Digital Inbound,Executive Engagement,2731194,96
TCS-CMP-01997,Q1 Cloud Scale - BFSI,LinkedIn Enterprise,2026-01-26,2026-01,56768,86380,2628,292,180,77,56,40,17,37069843,Emerging Tier / High-CAC,Manufacturing & Auto,India & Middle East,BFSI Core Modernization,Digital Inbound,Strategic Account Penetration,2180579,99
TCS-CMP-01998,GenAI Catalyst - Healthcare,Google Search,2026-05-19,2026-05,52030,143285,6381,472,328,167,110,84,24,152016528,Enterprise High-Value,Telecom & Media,Europe & UK,Healthcare & Life Sciences Digital Labs,Digital Inbound,Strategic Account Penetration,6334022,158
TCS-CMP-01999,NextGen CX - Retail,LinkedIn Enterprise,2026-02-25,2026-02,38132,116673,2574,191,128,62,41,34,10,54362270,Strategic Growth Accounts,Energy & Utilities,North America,Retail Omnichannel & Supply Chain,Digital Inbound,Strategic Account Penetration,5436227,109
TCS-CMP-02000,Global Horizon - Cognitive,Google Search,2026-03-15,2026-03,32488,114640,5254,350,177,80,41,25,9,66145797,Enterprise High-Value,Telecom & Media,APAC & Australia,Cognitive AI & Enterprise Automation,Digital Inbound,Strategic Account Penetration,7349533,159
TCS-CMP-02001,GenAI Catalyst - BFSI,LinkedIn Enterprise,2026-01-05,2026-01,44225,128096,3408,318,182,83,59,43,21,46827564,Emerging Tier / High-CAC,Manufacturing & Auto,Europe & UK,BFSI Core Modernization,Digital Inbound,Strategic Account Penetration,2229884,134
TCS-CMP-02002,Cognitive Ops 2.0 - Healthcare,Account-Based Email,2026-09-06,2026-09,10614,15146,678,71,56,34,20,13,4,14003956,Nurture / Mid-Market,Healthcare & Life Sciences,India & Middle East,Healthcare & Life Sciences Digital Labs,Outbound ABM,Pipeline Generation,3500989,99
TCS-CMP-02003,OmniCommerce Edge - BFSI,Executive Events & Roundtables,2026-02-23,2026-02,71485,66966,1027,144,97,35,16,9,2,7906454,Emerging Tier / High-CAC,Banking & Capital Markets,Nordics & Benelux,BFSI Core Modernization,Experiential,Pipeline Generation,3953227,88
TCS-CMP-02004,Sustainable Tech Suite - Cloud,Google Search,2025-12-11,2025-12,41474,70233,3069,244,117,47,27,19,6,23304180,Strategic Growth Accounts,Banking & Capital Markets,Nordics & Benelux,Cloud & Infrastructure Transformation,Digital Inbound,Strategic Account Penetration,3884030,113
TCS-CMP-02005,Cognitive Ops 2.0 - BFSI,Industry Display & Media,2025-11-05,2025-11,25940,174526,1536,60,25,6,2,1,0,0,Strategic Growth Accounts,Healthcare & Life Sciences,Nordics & Benelux,BFSI Core Modernization,Digital Inbound,Brand Authority & MQLs,2843014,49
TCS-CMP-02006,Global Horizon - Cyber,Google Search,2026-08-10,2026-08,66407,151006,5383,376,193,81,46,35,10,61477740,Enterprise High-Value,Healthcare & Life Sciences,North America,Cyber Defense & Risk Governance,Digital Inbound,Strategic Account Penetration,6147774,192
TCS-CMP-02007,Zero Trust Enterprise - BFSI,Account-Based Email,2026-09-07,2026-09,21419,32465,1379,144,93,44,32,27,12,25887504,Emerging Tier / High-CAC,Banking & Capital Markets,India & Middle East,BFSI Core Modernization,Outbound ABM,Brand Authority & MQLs,2157292,60
TCS-CMP-02008,BFSI Resiliency - Retail,Executive Events & Roundtables,2026-06-12,2026-06,112484,111820,1868,254,172,62,30,18,6,38677296,Nurture / Mid-Market,Healthcare & Life Sciences,Nordics & Benelux,Retail Omnichannel & Supply Chain,Experiential,Brand Authority & MQLs,6446216,108
TCS-CMP-02009,SAP S/4 Hana Accelerated - Cloud,Tech Analyst Webinars,2026-08-14,2026-08,38736,76851,1366,82,39,14,8,5,2,2478706,Emerging Tier / High-CAC,Energy & Utilities,India & Middle East,Cloud & Infrastructure Transformation,Digital Inbound,Brand Authority & MQLs,1239353,69
TCS-CMP-02010,Zero Trust Enterprise - BFSI,Google Search,2025-11-17,2025-11,73589,119516,3762,305,177,65,43,28,9,70069716,Enterprise High-Value,Telecom & Media,APAC & Australia,BFSI Core Modernization,Digital Inbound,Brand Authority & MQLs,7785524,112
TCS-CMP-02011,Life Sciences DataHub - Healthcare,Executive Events & Roundtables,2026-08-04,2026-08,57238,50944,876,103,82,23,10,6,2,12575124,Nurture / Mid-Market,Energy & Utilities,APAC & Australia,Healthcare & Life Sciences Digital Labs,Experiential,Executive Engagement,6287562,125
TCS-CMP-02012,Zero Trust Enterprise - Cognitive,Google Search,2026-04-19,2026-04,44848,73762,2778,183,102,54,32,18,7,40276166,Enterprise High-Value,Telecom & Media,Europe & UK,Cognitive AI & Enterprise Automation,Digital Inbound,Strategic Account Penetration,5753738,127
TCS-CMP-02013,BFSI Resiliency - Retail,Industry Display & Media,2026-07-03,2026-07,48721,332403,2493,93,36,10,3,2,0,0,Nurture / Mid-Market,Telecom & Media,North America,Retail Omnichannel & Supply Chain,Digital Inbound,Executive Engagement,1675539,128
TCS-CMP-02014,NextGen CX - Cognitive,Tech Analyst Webinars,2025-10-15,2025-10,27670,74693,2025,145,61,29,14,10,3,6670263,Nurture / Mid-Market,Retail & CPG,APAC & Australia,Cognitive AI & Enterprise Automation,Digital Inbound,Strategic Account Penetration,2223421,89
TCS-CMP-02015,BFSI Resiliency - BFSI,Executive Events & Roundtables,2026-04-12,2026-04,118367,110706,1565,164,105,42,20,10,2,19875690,Strategic Growth Accounts,Healthcare & Life Sciences,Europe & UK,BFSI Core Modernization,Experiential,Executive Engagement,9937845,112
TCS-CMP-02016,SAP S/4 Hana Accelerated - Retail,Executive Events & Roundtables,2026-04-19,2026-04,89853,123512,1620,151,124,52,19,11,2,12849070,Nurture / Mid-Market,Retail & CPG,APAC & Australia,Retail Omnichannel & Supply Chain,Experiential,Pipeline Generation,6424535,99
TCS-CMP-02017,Cognitive Ops 2.0 - BFSI,Executive Events & Roundtables,2026-09-11,2026-09,116324,140227,2571,329,211,85,32,20,4,37514016,Strategic Growth Accounts,Energy & Utilities,Nordics & Benelux,BFSI Core Modernization,Experiential,Executive Engagement,9378504,77
TCS-CMP-02018,SAP S/4 Hana Accelerated - Healthcare,Industry Display & Media,2025-12-12,2025-12,17196,99322,1078,45,21,7,3,2,0,0,Enterprise High-Value,Energy & Utilities,North America,Healthcare & Life Sciences Digital Labs,Digital Inbound,Pipeline Generation,5621828,208
TCS-CMP-02019,Q1 Cloud Scale - Cloud,LinkedIn Enterprise,2026-01-03,2026-01,34713,52397,1234,126,89,53,28,18,9,85596885,Enterprise High-Value,Telecom & Media,India & Middle East,Cloud & Infrastructure Transformation,Digital Inbound,Pipeline Generation,9510765,152
TCS-CMP-02020,GenAI Catalyst - Cognitive,Google Search,2025-10-14,2025-10,30446,92649,3214,189,88,42,22,12,4,6653208,Emerging Tier / High-CAC,Manufacturing & Auto,India & Middle East,Cognitive AI & Enterprise Automation,Digital Inbound,Brand Authority & MQLs,1663302,93
TCS-CMP-02021,Global Horizon - Healthcare,Google Search,2026-04-21,2026-04,35948,86732,2722,233,155,76,46,35,11,14286987,Emerging Tier / High-CAC,Retail & CPG,North America,Healthcare & Life Sciences Digital Labs,Digital Inbound,Pipeline Generation,1298817,70
TCS-CMP-02022,Life Sciences DataHub - Healthcare,Executive Events & Roundtables,2025-11-28,2025-11,136589,159373,2178,241,150,53,23,12,4,40362008,Strategic Growth Accounts,Manufacturing & Auto,Europe & UK,Healthcare & Life Sciences Digital Labs,Experiential,Executive Engagement,10090502,105
TCS-CMP-02023,SAP S/4 Hana Accelerated - BFSI,Google Search,2026-08-07,2026-08,62771,88611,3304,187,95,41,23,18,6,15060630,Nurture / Mid-Market,Retail & CPG,North America,BFSI Core Modernization,Digital Inbound,Strategic Account Penetration,2510105,104
TCS-CMP-02024,CyberShield 360 - BFSI,Account-Based Email,2026-03-02,2026-03,26280,77638,2962,265,206,136,101,87,26,253434480,Enterprise High-Value,Healthcare & Life Sciences,North America,BFSI Core Modernization,Outbound ABM,Brand Authority & MQLs,9747480,137
TCS-CMP-02025,Q1 Cloud Scale - Healthcare,Tech Analyst Webinars,2026-05-16,2026-05,33900,48121,949,69,40,16,8,5,1,3308900,Strategic Growth Accounts,Healthcare & Life Sciences,India & Middle East,Healthcare & Life Sciences Digital Labs,Digital Inbound,Brand Authority & MQLs,3308900,56
TCS-CMP-02026,Global Horizon - Cognitive,Account-Based Email,2026-05-25,2026-05,20034,51292,2356,233,144,85,56,42,16,32116496,Emerging Tier / High-CAC,Banking & Capital Markets,Nordics & Benelux,Cognitive AI & Enterprise Automation,Outbound ABM,Pipeline Generation,2007281,95
TCS-CMP-02027,BFSI Resiliency - Healthcare,Account-Based Email,2026-08-13,2026-08,13120,22078,896,92,64,36,26,16,6,46693872,Enterprise High-Value,Banking & Capital Markets,India & Middle East,Healthcare & Life Sciences Digital Labs,Outbound ABM,Pipeline Generation,7782312,104
TCS-CMP-02028,Global Horizon - Retail,Account-Based Email,2025-10-16,2025-10,24847,42666,1478,106,86,56,35,22,10,21386960,Emerging Tier / High-CAC,Manufacturing & Auto,India & Middle East,Retail Omnichannel & Supply Chain,Outbound ABM,Executive Engagement,2138696,74
TCS-CMP-02029,Q1 Cloud Scale - Cloud,Account-Based Email,2025-11-18,2025-11,13406,31334,1180,80,64,32,23,16,7,38569454,Strategic Growth Accounts,Energy & Utilities,North America,Cloud & Infrastructure Transformation,Outbound ABM,Brand Authority & MQLs,5509922,129
TCS-CMP-02030,GenAI Catalyst - Cognitive,Tech Analyst Webinars,2025-11-16,2025-11,24496,73674,1664,124,63,26,12,6,2,6530348,Strategic Growth Accounts,Energy & Utilities,India & Middle East,Cognitive AI & Enterprise Automation,Digital Inbound,Pipeline Generation,3265174,47
TCS-CMP-02031,Life Sciences DataHub - BFSI,Executive Events & Roundtables,2026-08-07,2026-08,128061,87139,1590,179,120,47,19,11,3,16621137,Nurture / Mid-Market,Energy & Utilities,APAC & Australia,BFSI Core Modernization,Experiential,Pipeline Generation,5540379,91
TCS-CMP-02032,Global Horizon - Cognitive,LinkedIn Enterprise,2025-11-01,2025-11,34530,60309,1514,159,110,53,35,30,9,97230420,Enterprise High-Value,Energy & Utilities,Nordics & Benelux,Cognitive AI & Enterprise Automation,Digital Inbound,Pipeline Generation,10803380,201
TCS-CMP-02033,SAP S/4 Hana Accelerated - Cyber,Account-Based Email,2026-02-10,2026-02,16080,31449,1274,86,61,30,20,17,6,23402760,Nurture / Mid-Market,Retail & CPG,Europe & UK,Cyber Defense & Risk Governance,Outbound ABM,Brand Authority & MQLs,3900460,140
TCS-CMP-02034,Life Sciences DataHub - Retail,Tech Analyst Webinars,2026-03-06,2026-03,38436,60986,1267,90,45,17,10,6,2,2665846,Emerging Tier / High-CAC,Healthcare & Life Sciences,Nordics & Benelux,Retail Omnichannel & Supply Chain,Digital Inbound,Executive Engagement,1332923,71
TCS-CMP-02035,Zero Trust Enterprise - Cloud,LinkedIn Enterprise,2026-03-03,2026-03,59197,136085,3367,342,266,117,87,66,19,127709735,Strategic Growth Accounts,Manufacturing & Auto,APAC & Australia,Cloud & Infrastructure Transformation,Digital Inbound,Executive Engagement,6721565,91
TCS-CMP-02036,BFSI Resiliency - Cognitive,Google Search,2026-02-28,2026-02,48212,125185,4895,375,216,96,48,27,9,12075489,Emerging Tier / High-CAC,Telecom & Media,APAC & Australia,Cognitive AI & Enterprise Automation,Digital Inbound,Brand Authority & MQLs,1341721,64
TCS-CMP-02037,Life Sciences DataHub - Cyber,Tech Analyst Webinars,2026-02-06,2026-02,29512,59156,1301,94,56,25,12,8,2,4492642,Nurture / Mid-Market,Healthcare & Life Sciences,Nordics & Benelux,Cyber Defense & Risk Governance,Digital Inbound,Executive Engagement,2246321,92
TCS-CMP-02038,Life Sciences DataHub - Cloud,Google Search,2026-01-27,2026-01,71281,112358,4133,343,178,69,38,21,9,15485544,Emerging Tier / High-CAC,Energy & Utilities,Europe & UK,Cloud & Infrastructure Transformation,Digital Inbound,Strategic Account Penetration,1720616,94
TCS-CMP-02039,NextGen CX - Healthcare,Industry Display & Media,2026-08-22,2026-08,37445,309547,2946,99,41,10,4,2,1,1889316,Nurture / Mid-Market,Telecom & Media,APAC & Australia,Healthcare & Life Sciences Digital Labs,Digital Inbound,Executive Engagement,1889316,101
TCS-CMP-02040,Zero Trust Enterprise - Cyber,Industry Display & Media,2026-06-05,2026-06,45527,238826,2310,69,24,6,2,1,0,0,Strategic Growth Accounts,Telecom & Media,India & Middle East,Cyber Defense & Risk Governance,Digital Inbound,Strategic Account Penetration,3333076,115
TCS-CMP-02041,GenAI Catalyst - Cloud,Industry Display & Media,2025-12-03,2025-12,40506,309960,3382,113,57,16,7,3,1,2969260,Strategic Growth Accounts,Banking & Capital Markets,India & Middle East,Cloud & Infrastructure Transformation,Digital Inbound,Executive Engagement,2969260,70
TCS-CMP-02042,Global Horizon - Cloud,Account-Based Email,2026-06-09,2026-06,23934,48310,2142,137,84,49,38,34,13,65524004,Strategic Growth Accounts,Banking & Capital Markets,Nordics & Benelux,Cloud & Infrastructure Transformation,Outbound ABM,Executive Engagement,5040308,122
TCS-CMP-02043,Cognitive Ops 2.0 - Cognitive,Industry Display & Media,2025-11-19,2025-11,25962,125271,1009,32,11,3,1,0,0,0,Nurture / Mid-Market,Manufacturing & Auto,Europe & UK,Cognitive AI & Enterprise Automation,Digital Inbound,Pipeline Generation,2054475,130
TCS-CMP-02044,Zero Trust Enterprise - Healthcare,Executive Events & Roundtables,2026-04-25,2026-04,63430,86238,1508,151,101,40,16,7,2,7972206,Emerging Tier / High-CAC,Energy & Utilities,Europe & UK,Healthcare & Life Sciences Digital Labs,Experiential,Brand Authority & MQLs,3986103,68
TCS-CMP-02045,SAP S/4 Hana Accelerated - BFSI,Tech Analyst Webinars,2025-12-21,2025-12,27217,63726,1650,81,44,19,9,6,2,3056028,Emerging Tier / High-CAC,Energy & Utilities,Nordics & Benelux,BFSI Core Modernization,Digital Inbound,Strategic Account Penetration,1528014,140
TCS-CMP-02046,OmniCommerce Edge - Cloud,Industry Display & Media,2026-09-25,2026-09,18539,144817,1260,51,23,7,3,1,0,0,Strategic Growth Accounts,Healthcare & Life Sciences,North America,Cloud & Infrastructure Transformation,Digital Inbound,Executive Engagement,3205527,132
TCS-CMP-02047,Cognitive Ops 2.0 - Cognitive,Tech Analyst Webinars,2026-09-11,2026-09,14287,34729,805,52,31,11,6,3,1,2448552,Nurture / Mid-Market,Telecom & Media,Nordics & Benelux,Cognitive AI & Enterprise Automation,Digital Inbound,Strategic Account Penetration,2448552,60
TCS-CMP-02048,Q1 Cloud Scale - Retail,Google Search,2026-02-18,2026-02,33015,52841,2099,120,60,32,21,13,4,22898960,Enterprise High-Value,Retail & CPG,Europe & UK,Retail Omnichannel & Supply Chain,Digital Inbound,Pipeline Generation,5724740,117
TCS-CMP-02049,Life Sciences DataHub - Healthcare,LinkedIn Enterprise,2026-04-04,2026-04,34015,74948,2257,168,114,62,36,28,12,125419092,Enterprise High-Value,Energy & Utilities,Europe & UK,Healthcare & Life Sciences Digital Labs,Digital Inbound,Pipeline Generation,10451591,185
TCS-CMP-02050,CyberShield 360 - Cognitive,Executive Events & Roundtables,2026-08-09,2026-08,107628,111222,1871,265,212,86,41,22,6,57917676,Strategic Growth Accounts,Energy & Utilities,Nordics & Benelux,Cognitive AI & Enterprise Automation,Experiential,Brand Authority & MQLs,9652946,131
TCS-CMP-02051,CyberShield 360 - Retail,Tech Analyst Webinars,2026-06-06,2026-06,21347,44643,904,52,29,9,4,3,1,1321450,Emerging Tier / High-CAC,Telecom & Media,Europe & UK,Retail Omnichannel & Supply Chain,Digital Inbound,Strategic Account Penetration,1321450,111
TCS-CMP-02052,Zero Trust Enterprise - BFSI,Executive Events & Roundtables,2026-07-19,2026-07,91245,115587,2078,255,190,68,33,22,6,90959988,Enterprise High-Value,Telecom & Media,India & Middle East,BFSI Core Modernization,Experiential,Brand Authority & MQLs,15159998,132
TCS-CMP-02053,CyberShield 360 - BFSI,Account-Based Email,2025-12-23,2025-12,13693,39940,1390,136,81,38,26,23,8,27387872,Nurture / Mid-Market,Retail & CPG,India & Middle East,BFSI Core Modernization,Outbound ABM,Pipeline Generation,3423484,118
TCS-CMP-02054,GenAI Catalyst - Healthcare,Tech Analyst Webinars,2026-04-11,2026-04,23441,53949,1269,85,39,15,8,5,1,2041740,Nurture / Mid-Market,Telecom & Media,Europe & UK,Healthcare & Life Sciences Digital Labs,Digital Inbound,Brand Authority & MQLs,2041740,134
TCS-CMP-02055,Life Sciences DataHub - BFSI,Industry Display & Media,2026-03-10,2026-03,49270,276361,2286,69,26,8,3,1,0,0,Strategic Growth Accounts,Energy & Utilities,APAC & Australia,BFSI Core Modernization,Digital Inbound,Brand Authority & MQLs,2987650,103
TCS-CMP-02056,BFSI Resiliency - BFSI,Account-Based Email,2026-09-14,2026-09,8920,12261,537,51,30,18,14,11,4,40664008,Enterprise High-Value,Healthcare & Life Sciences,Nordics & Benelux,BFSI Core Modernization,Outbound ABM,Pipeline Generation,10166002,78
TCS-CMP-02057,NextGen CX - BFSI,Account-Based Email,2025-10-28,2025-10,19427,25542,1012,107,75,48,35,30,11,37338928,Nurture / Mid-Market,Retail & CPG,Europe & UK,BFSI Core Modernization,Outbound ABM,Brand Authority & MQLs,3394448,131
TCS-CMP-02058,OmniCommerce Edge - Cognitive,Google Search,2025-11-02,2025-11,50623,115042,4353,313,207,105,69,43,15,117645690,Enterprise High-Value,Banking & Capital Markets,Europe & UK,Cognitive AI & Enterprise Automation,Digital Inbound,Brand Authority & MQLs,7843046,112
TCS-CMP-02059,Sustainable Tech Suite - Cloud,Industry Display & Media,2026-03-17,2026-03,41311,173821,1704,54,24,7,3,2,1,1725154,Nurture / Mid-Market,Energy & Utilities,India & Middle East,Cloud & Infrastructure Transformation,Digital Inbound,Pipeline Generation,1725154,92
TCS-CMP-02060,GenAI Catalyst - Cloud,Account-Based Email,2026-09-12,2026-09,26060,56572,2482,171,125,70,40,28,14,42810348,Nurture / Mid-Market,Retail & CPG,Nordics & Benelux,Cloud & Infrastructure Transformation,Outbound ABM,Pipeline Generation,3057882,73
TCS-CMP-02061,CyberShield 360 - BFSI,Tech Analyst Webinars,2025-12-12,2025-12,27947,54166,1185,79,44,18,9,6,2,10671134,Enterprise High-Value,Manufacturing & Auto,North America,BFSI Core Modernization,Digital Inbound,Brand Authority & MQLs,5335567,181
TCS-CMP-02062,Q1 Cloud Scale - Retail,Account-Based Email,2026-04-02,2026-04,15084,24624,887,75,59,28,17,13,6,58283484,Enterprise High-Value,Healthcare & Life Sciences,Nordics & Benelux,Retail Omnichannel & Supply Chain,Outbound ABM,Strategic Account Penetration,9713914,172
TCS-CMP-02063,BFSI Resiliency - Cyber,Tech Analyst Webinars,2026-03-20,2026-03,20280,71796,1436,106,59,28,13,7,2,6921570,Strategic Growth Accounts,Manufacturing & Auto,APAC & Australia,Cyber Defense & Risk Governance,Digital Inbound,Strategic Account Penetration,3460785,55
TCS-CMP-02064,Q1 Cloud Scale - Retail,Executive Events & Roundtables,2025-10-01,2025-10,57809,66686,1190,121,92,34,17,10,2,17458046,Strategic Growth Accounts,Telecom & Media,India & Middle East,Retail Omnichannel & Supply Chain,Experiential,Brand Authority & MQLs,8729023,99
TCS-CMP-02065,Sustainable Tech Suite - Retail,Industry Display & Media,2026-06-18,2026-06,18306,69903,557,17,6,2,1,1,0,0,Strategic Growth Accounts,Manufacturing & Auto,Nordics & Benelux,Retail Omnichannel & Supply Chain,Digital Inbound,Pipeline Generation,3423735,46
TCS-CMP-02066,BFSI Resiliency - BFSI,Executive Events & Roundtables,2026-04-01,2026-04,120550,87215,1271,157,99,30,12,6,2,34948956,Enterprise High-Value,Banking & Capital Markets,Europe & UK,BFSI Core Modernization,Experiential,Executive Engagement,17474478,143
TCS-CMP-02067,Zero Trust Enterprise - Cognitive,LinkedIn Enterprise,2026-08-18,2026-08,21327,30506,893,66,50,29,18,13,6,35979432,Strategic Growth Accounts,Manufacturing & Auto,Europe & UK,Cognitive AI & Enterprise Automation,Digital Inbound,Brand Authority & MQLs,5996572,97
TCS-CMP-02068,Cognitive Ops 2.0 - Healthcare,Industry Display & Media,2026-05-11,2026-05,40620,244279,2396,96,39,11,4,2,1,1110621,Emerging Tier / High-CAC,Banking & Capital Markets,Nordics & Benelux,Healthcare & Life Sciences Digital Labs,Digital Inbound,Executive Engagement,1110621,79
TCS-CMP-02069,NextGen CX - Retail,LinkedIn Enterprise,2026-02-10,2026-02,45717,90709,2905,249,158,93,50,32,15,60489255,Nurture / Mid-Market,Manufacturing & Auto,Europe & UK,Retail Omnichannel & Supply Chain,Digital Inbound,Pipeline Generation,4032617,58
TCS-CMP-02070,Cognitive Ops 2.0 - BFSI,Tech Analyst Webinars,2026-09-28,2026-09,30794,67045,1470,73,32,11,6,4,2,11562104,Enterprise High-Value,Telecom & Media,India & Middle East,BFSI Core Modernization,Digital Inbound,Strategic Account Penetration,5781052,163
TCS-CMP-02071,Cognitive Ops 2.0 - BFSI,Account-Based Email,2026-09-07,2026-09,11202,20913,722,55,30,19,13,9,5,46675460,Enterprise High-Value,Energy & Utilities,North America,BFSI Core Modernization,Outbound ABM,Brand Authority & MQLs,9335092,78
TCS-CMP-02072,GenAI Catalyst - Cyber,Account-Based Email,2026-03-19,2026-03,26708,65530,2551,257,207,113,79,63,20,35861400,Emerging Tier / High-CAC,Retail & CPG,APAC & Australia,Cyber Defense & Risk Governance,Outbound ABM,Executive Engagement,1793070,92
TCS-CMP-02073,SAP S/4 Hana Accelerated - Retail,Google Search,2026-04-06,2026-04,73472,144405,5236,374,212,111,62,36,13,38937782,Nurture / Mid-Market,Manufacturing & Auto,Europe & UK,Retail Omnichannel & Supply Chain,Digital Inbound,Brand Authority & MQLs,2995214,143
TCS-CMP-02074,Sustainable Tech Suite - Cloud,Executive Events & Roundtables,2025-11-19,2025-11,103814,80857,1137,144,108,42,17,10,3,54981090,Enterprise High-Value,Retail & CPG,Europe & UK,Cloud & Infrastructure Transformation,Experiential,Brand Authority & MQLs,18327030,168
TCS-CMP-02075,OmniCommerce Edge - Cyber,Account-Based Email,2026-06-25,2026-06,21009,59865,2118,218,165,88,51,35,13,132889757,Enterprise High-Value,Banking & Capital Markets,North America,Cyber Defense & Risk Governance,Outbound ABM,Strategic Account Penetration,10222289,173
TCS-CMP-02076,NextGen CX - BFSI,Account-Based Email,2025-10-13,2025-10,25281,46389,2434,210,136,63,47,37,18,169580196,Enterprise High-Value,Healthcare & Life Sciences,North America,BFSI Core Modernization,Outbound ABM,Brand Authority & MQLs,9421122,72
TCS-CMP-02077,Life Sciences DataHub - BFSI,Google Search,2026-05-14,2026-05,25992,61637,2373,205,103,51,29,20,8,53243328,Enterprise High-Value,Healthcare & Life Sciences,Europe & UK,BFSI Core Modernization,Digital Inbound,Executive Engagement,6655416,156
TCS-CMP-02078,Q1 Cloud Scale - Cloud,Google Search,2026-08-19,2026-08,35170,57312,2087,142,75,39,25,14,5,11433085,Nurture / Mid-Market,Energy & Utilities,Europe & UK,Cloud & Infrastructure Transformation,Digital Inbound,Executive Engagement,2286617,130
TCS-CMP-02079,Cognitive Ops 2.0 - BFSI,Executive Events & Roundtables,2026-01-05,2026-01,99552,80487,1354,168,124,47,22,13,3,11848173,Emerging Tier / High-CAC,Manufacturing & Auto,North America,BFSI Core Modernization,Experiential,Pipeline Generation,3949391,87
TCS-CMP-02080,Zero Trust Enterprise - Cyber,Tech Analyst Webinars,2026-05-25,2026-05,20786,63614,1234,64,33,15,7,5,1,3328127,Strategic Growth Accounts,Healthcare & Life Sciences,North America,Cyber Defense & Risk Governance,Digital Inbound,Pipeline Generation,3328127,52
TCS-CMP-02081,Life Sciences DataHub - Healthcare,Account-Based Email,2026-02-11,2026-02,17636,56885,2154,178,124,62,37,23,12,23661600,Emerging Tier / High-CAC,Retail & CPG,Nordics & Benelux,Healthcare & Life Sciences Digital Labs,Outbound ABM,Executive Engagement,1971800,135
TCS-CMP-02082,Cognitive Ops 2.0 - Cyber,Google Search,2025-10-02,2025-10,27117,35121,1632,102,54,22,11,8,2,8185240,Strategic Growth Accounts,Retail & CPG,North America,Cyber Defense & Risk Governance,Digital Inbound,Pipeline Generation,4092620,75
TCS-CMP-02083,Global Horizon - BFSI,Google Search,2025-11-28,2025-11,59300,113433,3478,196,101,53,28,15,5,22593365,Strategic Growth Accounts,Retail & CPG,Nordics & Benelux,BFSI Core Modernization,Digital Inbound,Strategic Account Penetration,4518673,59
TCS-CMP-02084,Cognitive Ops 2.0 - Retail,Executive Events & Roundtables,2026-01-19,2026-01,128070,97144,1723,157,123,46,23,11,3,10254282,Emerging Tier / High-CAC,Banking & Capital Markets,India & Middle East,Retail Omnichannel & Supply Chain,Experiential,Brand Authority & MQLs,3418094,64
TCS-CMP-02085,GenAI Catalyst - Retail,Account-Based Email,2025-11-16,2025-11,9331,24529,931,68,43,27,18,15,7,22708098,Nurture / Mid-Market,Energy & Utilities,North America,Retail Omnichannel & Supply Chain,Outbound ABM,Brand Authority & MQLs,3244014,97
TCS-CMP-02086,Sustainable Tech Suite - Healthcare,Account-Based Email,2026-05-02,2026-05,15453,26728,1381,117,78,48,33,29,9,95241195,Enterprise High-Value,Healthcare & Life Sciences,India & Middle East,Healthcare & Life Sciences Digital Labs,Outbound ABM,Executive Engagement,10582355,136
TCS-CMP-02087,BFSI Resiliency - Cognitive,LinkedIn Enterprise,2026-07-05,2026-07,36747,101286,3238,251,134,64,45,31,12,123624132,Enterprise High-Value,Retail & CPG,India & Middle East,Cognitive AI & Enterprise Automation,Digital Inbound,Executive Engagement,10302011,120
TCS-CMP-02088,BFSI Resiliency - Healthcare,LinkedIn Enterprise,2026-02-19,2026-02,28363,64858,1425,110,59,36,22,16,7,44254126,Strategic Growth Accounts,Manufacturing & Auto,APAC & Australia,Healthcare & Life Sciences Digital Labs,Digital Inbound,Pipeline Generation,6322018,101
TCS-CMP-02089,Global Horizon - BFSI,LinkedIn Enterprise,2026-06-17,2026-06,24888,69040,1610,159,84,45,24,18,6,20774526,Nurture / Mid-Market,Telecom & Media,North America,BFSI Core Modernization,Digital Inbound,Executive Engagement,3462421,66
TCS-CMP-02090,Cognitive Ops 2.0 - Healthcare,Tech Analyst Webinars,2026-03-14,2026-03,19289,25493,606,45,27,13,8,5,2,6912494,Strategic Growth Accounts,Banking & Capital Markets,Nordics & Benelux,Healthcare & Life Sciences Digital Labs,Digital Inbound,Executive Engagement,3456247,131
TCS-CMP-02091,Life Sciences DataHub - Healthcare,Tech Analyst Webinars,2025-10-04,2025-10,26179,79753,1718,117,70,26,11,7,2,6441416,Strategic Growth Accounts,Banking & Capital Markets,Nordics & Benelux,Healthcare & Life Sciences Digital Labs,Digital Inbound,Pipeline Generation,3220708,125
TCS-CMP-02092,BFSI Resiliency - Cyber,Executive Events & Roundtables,2026-07-06,2026-07,135264,126542,2026,292,195,73,30,16,5,79996435,Enterprise High-Value,Retail & CPG,APAC & Australia,Cyber Defense & Risk Governance,Experiential,Strategic Account Penetration,15999287,171
TCS-CMP-02093,Cognitive Ops 2.0 - Cognitive,LinkedIn Enterprise,2026-06-11,2026-06,46609,69953,2229,184,105,65,46,30,12,140284104,Enterprise High-Value,Energy & Utilities,Europe & UK,Cognitive AI & Enterprise Automation,Digital Inbound,Strategic Account Penetration,11690342,115
TCS-CMP-02094,NextGen CX - Healthcare,Account-Based Email,2026-09-19,2026-09,17192,33206,1126,91,50,29,18,14,4,19658120,Strategic Growth Accounts,Healthcare & Life Sciences,Nordics & Benelux,Healthcare & Life Sciences Digital Labs,Outbound ABM,Executive Engagement,4914530,86
TCS-CMP-02095,Cognitive Ops 2.0 - Cloud,Google Search,2026-07-03,2026-07,23174,32904,1075,85,45,22,11,6,2,8962390,Strategic Growth Accounts,Energy & Utilities,APAC & Australia,Cloud & Infrastructure Transformation,Digital Inbound,Executive Engagement,4481195,138
TCS-CMP-02096,GenAI Catalyst - BFSI,Industry Display & Media,2026-07-12,2026-07,33759,160957,1252,45,21,6,3,2,1,2291583,Nurture / Mid-Market,Manufacturing & Auto,APAC & Australia,BFSI Core Modernization,Digital Inbound,Executive Engagement,2291583,105
TCS-CMP-02097,Global Horizon - BFSI,Industry Display & Media,2026-08-28,2026-08,22876,170145,1700,64,24,6,2,1,0,0,Nurture / Mid-Market,Retail & CPG,APAC & Australia,BFSI Core Modernization,Digital Inbound,Executive Engagement,1923144,57
TCS-CMP-02098,NextGen CX - BFSI,LinkedIn Enterprise,2026-05-25,2026-05,19415,30376,890,90,53,24,14,10,4,14580192,Nurture / Mid-Market,Banking & Capital Markets,Europe & UK,BFSI Core Modernization,Digital Inbound,Executive Engagement,3645048,78
TCS-CMP-02099,Q1 Cloud Scale - Retail,Google Search,2026-02-01,2026-02,68538,139653,5328,306,181,75,39,30,11,13528702,Emerging Tier / High-CAC,Telecom & Media,Europe & UK,Retail Omnichannel & Supply Chain,Digital Inbound,Strategic Account Penetration,1229882,61
TCS-CMP-02100,Zero Trust Enterprise - Healthcare,Google Search,2026-09-18,2026-09,33802,117206,5108,337,196,73,47,29,12,92252316,Enterprise High-Value,Banking & Capital Markets,India & Middle East,Healthcare & Life Sciences Digital Labs,Digital Inbound,Pipeline Generation,7687693,104
TCS-CMP-02101,NextGen CX - Retail,Executive Events & Roundtables,2025-10-26,2025-10,83300,92918,1222,178,149,61,29,19,6,52858266,Strategic Growth Accounts,Manufacturing & Auto,North America,Retail Omnichannel & Supply Chain,Experiential,Pipeline Generation,8809711,131
TCS-CMP-02102,Life Sciences DataHub - Cognitive,Account-Based Email,2025-11-22,2025-11,27714,36196,1697,140,90,49,38,31,15,25555125,Emerging Tier / High-CAC,Retail & CPG,North America,Cognitive AI & Enterprise Automation,Outbound ABM,Pipeline Generation,1703675,141
TCS-CMP-02103,Global Horizon - BFSI,Industry Display & Media,2025-12-14,2025-12,28496,130599,983,43,16,4,1,0,0,0,Strategic Growth Accounts,Energy & Utilities,Nordics & Benelux,BFSI Core Modernization,Digital Inbound,Pipeline Generation,3166716,73
TCS-CMP-02104,Life Sciences DataHub - BFSI,Tech Analyst Webinars,2026-07-17,2026-07,16654,44429,1004,60,32,15,9,5,2,6465856,Strategic Growth Accounts,Energy & Utilities,India & Middle East,BFSI Core Modernization,Digital Inbound,Executive Engagement,3232928,65
TCS-CMP-02105,Life Sciences DataHub - Cyber,Industry Display & Media,2026-06-24,2026-06,43442,216242,1943,59,26,8,3,1,0,0,Strategic Growth Accounts,Manufacturing & Auto,India & Middle East,Cyber Defense & Risk Governance,Digital Inbound,Pipeline Generation,3515484,90
TCS-CMP-02106,Life Sciences DataHub - Retail,Account-Based Email,2026-06-27,2026-06,19931,55796,2713,186,144,80,60,54,25,84410425,Nurture / Mid-Market,Telecom & Media,North America,Retail Omnichannel & Supply Chain,Outbound ABM,Executive Engagement,3376417,132
TCS-CMP-02107,Sustainable Tech Suite - BFSI,Industry Display & Media,2025-12-10,2025-12,26428,172891,1881,51,24,8,3,1,0,0,Nurture / Mid-Market,Energy & Utilities,Europe & UK,BFSI Core Modernization,Digital Inbound,Pipeline Generation,2014735,86
TCS-CMP-02108,Global Horizon - BFSI,Google Search,2026-01-22,2026-01,47004,114435,4327,264,172,66,39,24,9,15117471,Emerging Tier / High-CAC,Banking & Capital Markets,APAC & Australia,BFSI Core Modernization,Digital Inbound,Strategic Account Penetration,1679719,104
TCS-CMP-02109,Cognitive Ops 2.0 - Retail,Tech Analyst Webinars,2026-08-16,2026-08,32622,90843,1650,114,67,25,14,8,3,7748988,Nurture / Mid-Market,Retail & CPG,India & Middle East,Retail Omnichannel & Supply Chain,Digital Inbound,Pipeline Generation,2582996,48
TCS-CMP-02110,SAP S/4 Hana Accelerated - Cognitive,Industry Display & Media,2026-05-21,2026-05,38053,231708,2549,80,29,8,3,1,0,0,Enterprise High-Value,Healthcare & Life Sciences,India & Middle East,Cognitive AI & Enterprise Automation,Digital Inbound,Executive Engagement,4748002,170
TCS-CMP-02111,CyberShield 360 - Cyber,LinkedIn Enterprise,2026-08-27,2026-08,32686,75703,2073,158,109,56,34,22,9,106385139,Enterprise High-Value,Healthcare & Life Sciences,Europe & UK,Cyber Defense & Risk Governance,Digital Inbound,Executive Engagement,11820571,154
TCS-CMP-02112,CyberShield 360 - Cognitive,Executive Events & Roundtables,2026-05-22,2026-05,107498,64595,946,132,96,34,18,10,2,22557108,Strategic Growth Accounts,Energy & Utilities,North America,Cognitive AI & Enterprise Automation,Experiential,Executive Engagement,11278554,137
TCS-CMP-02113,Life Sciences DataHub - BFSI,LinkedIn Enterprise,2026-04-24,2026-04,42033,89679,2467,266,161,89,48,31,11,48646191,Nurture / Mid-Market,Manufacturing & Auto,Nordics & Benelux,BFSI Core Modernization,Digital Inbound,Executive Engagement,4422381,140
TCS-CMP-02114,NextGen CX - Cognitive,Tech Analyst Webinars,2026-05-11,2026-05,22686,83951,2121,111,68,23,13,8,3,4016982,Emerging Tier / High-CAC,Telecom & Media,North America,Cognitive AI & Enterprise Automation,Digital Inbound,Brand Authority & MQLs,1338994,122
TCS-CMP-02115,NextGen CX - BFSI,Industry Display & Media,2026-05-11,2026-05,29779,202389,2121,57,21,6,3,1,0,0,Nurture / Mid-Market,Retail & CPG,Europe & UK,BFSI Core Modernization,Digital Inbound,Brand Authority & MQLs,2155517,104
TCS-CMP-02116,CyberShield 360 - BFSI,Tech Analyst Webinars,2025-10-16,2025-10,40208,83887,1671,101,63,30,15,9,2,2493640,Emerging Tier / High-CAC,Healthcare & Life Sciences,Europe & UK,BFSI Core Modernization,Digital Inbound,Strategic Account Penetration,1246820,103
TCS-CMP-02117,NextGen CX - Cyber,Executive Events & Roundtables,2026-07-25,2026-07,132370,123346,1606,175,115,43,21,13,4,60109768,Enterprise High-Value,Banking & Capital Markets,North America,Cyber Defense & Risk Governance,Experiential,Pipeline Generation,15027442,141
TCS-CMP-02118,SAP S/4 Hana Accelerated - Cognitive,Industry Display & Media,2025-12-13,2025-12,49185,228075,2531,75,31,7,2,1,0,0,Nurture / Mid-Market,Manufacturing & Auto,Nordics & Benelux,Cognitive AI & Enterprise Automation,Digital Inbound,Pipeline Generation,1941416,72
TCS-CMP-02119,CyberShield 360 - BFSI,Executive Events & Roundtables,2026-08-08,2026-08,69326,82576,1344,175,103,37,16,9,2,7592034,Emerging Tier / High-CAC,Energy & Utilities,North America,BFSI Core Modernization,Experiential,Executive Engagement,3796017,144
TCS-CMP-02120,Global Horizon - BFSI,Account-Based Email,2026-04-06,2026-04,18305,31848,1268,83,51,29,16,10,5,29530425,Strategic Growth Accounts,Energy & Utilities,Europe & UK,BFSI Core Modernization,Outbound ABM,Strategic Account Penetration,5906085,119
TCS-CMP-02121,Cognitive Ops 2.0 - BFSI,LinkedIn Enterprise,2026-05-26,2026-05,21648,46577,1236,135,99,43,27,22,8,34032992,Nurture / Mid-Market,Healthcare & Life Sciences,North America,BFSI Core Modernization,Digital Inbound,Strategic Account Penetration,4254124,127
TCS-CMP-02122,Cognitive Ops 2.0 - Cognitive,Account-Based Email,2026-07-27,2026-07,14585,22939,863,74,54,31,21,18,9,15816483,Emerging Tier / High-CAC,Manufacturing & Auto,Nordics & Benelux,Cognitive AI & Enterprise Automation,Outbound ABM,Brand Authority & MQLs,1757387,77
TCS-CMP-02123,SAP S/4 Hana Accelerated - Healthcare,LinkedIn Enterprise,2025-11-03,2025-11,27124,45381,1089,74,46,27,15,11,4,23918052,Strategic Growth Accounts,Telecom & Media,India & Middle East,Healthcare & Life Sciences Digital Labs,Digital Inbound,Pipeline Generation,5979513,135
TCS-CMP-02124,CyberShield 360 - Cloud,LinkedIn Enterprise,2026-01-14,2026-01,40302,126667,3788,323,200,115,74,61,20,107513400,Strategic Growth Accounts,Healthcare & Life Sciences,India & Middle East,Cloud & Infrastructure Transformation,Digital Inbound,Strategic Account Penetration,5375670,120
TCS-CMP-02125,GenAI Catalyst - Healthcare,Executive Events & Roundtables,2026-04-14,2026-04,113686,115680,1567,183,150,61,23,15,5,35800675,Nurture / Mid-Market,Energy & Utilities,Europe & UK,Healthcare & Life Sciences Digital Labs,Experiential,Strategic Account Penetration,7160135,72
TCS-CMP-02126,BFSI Resiliency - BFSI,LinkedIn Enterprise,2026-04-27,2026-04,46250,76462,2107,160,99,54,29,22,7,41567659,Strategic Growth Accounts,Healthcare & Life Sciences,Europe & UK,BFSI Core Modernization,Digital Inbound,Strategic Account Penetration,5938237,99
TCS-CMP-02127,Zero Trust Enterprise - Cognitive,Industry Display & Media,2026-04-12,2026-04,28966,106582,1140,48,18,5,2,1,0,0,Enterprise High-Value,Retail & CPG,India & Middle East,Cognitive AI & Enterprise Automation,Digital Inbound,Strategic Account Penetration,5523875,69
TCS-CMP-02128,Global Horizon - Healthcare,Google Search,2025-10-22,2025-10,57776,161415,6077,535,352,151,93,63,20,154351660,Enterprise High-Value,Telecom & Media,India & Middle East,Healthcare & Life Sciences Digital Labs,Digital Inbound,Executive Engagement,7717583,105
TCS-CMP-02129,Zero Trust Enterprise - Retail,Industry Display & Media,2025-12-21,2025-12,26890,212309,2277,97,46,11,5,2,0,0,Nurture / Mid-Market,Energy & Utilities,India & Middle East,Retail Omnichannel & Supply Chain,Digital Inbound,Pipeline Generation,2144971,52
TCS-CMP-02130,SAP S/4 Hana Accelerated - Cloud,Google Search,2025-10-05,2025-10,24218,37905,1537,115,64,25,15,8,3,8804211,Nurture / Mid-Market,Manufacturing & Auto,North America,Cloud & Infrastructure Transformation,Digital Inbound,Strategic Account Penetration,2934737,126
TCS-CMP-02131,Zero Trust Enterprise - BFSI,Tech Analyst Webinars,2026-07-25,2026-07,38897,67965,1797,116,52,19,9,5,1,6743774,Enterprise High-Value,Energy & Utilities,APAC & Australia,BFSI Core Modernization,Digital Inbound,Executive Engagement,6743774,81
TCS-CMP-02132,Global Horizon - Cloud,Account-Based Email,2025-12-08,2025-12,9876,28777,1406,114,64,32,23,17,6,11229978,Emerging Tier / High-CAC,Healthcare & Life Sciences,APAC & Australia,Cloud & Infrastructure Transformation,Outbound ABM,Brand Authority & MQLs,1871663,57
TCS-CMP-02133,SAP S/4 Hana Accelerated - Cognitive,Account-Based Email,2025-10-01,2025-10,18530,27535,1404,142,102,50,33,26,10,79735970,Enterprise High-Value,Banking & Capital Markets,Europe & UK,Cognitive AI & Enterprise Automation,Outbound ABM,Brand Authority & MQLs,7973597,191
TCS-CMP-02134,BFSI Resiliency - Cloud,Tech Analyst Webinars,2026-02-24,2026-02,34750,66174,1180,72,43,17,8,4,1,1134255,Emerging Tier / High-CAC,Energy & Utilities,APAC & Australia,Cloud & Infrastructure Transformation,Digital Inbound,Executive Engagement,1134255,63
TCS-CMP-02135,BFSI Resiliency - Retail,Executive Events & Roundtables,2026-09-14,2026-09,85947,69887,1014,136,87,28,10,6,2,21476866,Strategic Growth Accounts,Banking & Capital Markets,APAC & Australia,Retail Omnichannel & Supply Chain,Experiential,Strategic Account Penetration,10738433,52
TCS-CMP-02136,BFSI Resiliency - Healthcare,Industry Display & Media,2025-10-23,2025-10,19806,96269,1057,45,22,6,3,2,1,2107622,Nurture / Mid-Market,Telecom & Media,India & Middle East,Healthcare & Life Sciences Digital Labs,Digital Inbound,Executive Engagement,2107622,65
TCS-CMP-02137,NextGen CX - Cloud,LinkedIn Enterprise,2026-08-28,2026-08,36419,111812,3535,331,203,100,58,40,19,123071417,Strategic Growth Accounts,Manufacturing & Auto,India & Middle East,Cloud & Infrastructure Transformation,Digital Inbound,Executive Engagement,6477443,131
TCS-CMP-02138,Life Sciences DataHub - Cyber,Tech Analyst Webinars,2025-10-07,2025-10,27072,55538,1185,86,48,21,9,5,1,1162324,Emerging Tier / High-CAC,Retail & CPG,Nordics & Benelux,Cyber Defense & Risk Governance,Digital Inbound,Pipeline Generation,1162324,71
TCS-CMP-02139,Zero Trust Enterprise - BFSI,LinkedIn Enterprise,2026-05-21,2026-05,27380,46660,1188,120,92,47,24,19,9,106672266,Enterprise High-Value,Manufacturing & Auto,APAC & Australia,BFSI Core Modernization,Digital Inbound,Brand Authority & MQLs,11852474,69
TCS-CMP-02140,Zero Trust Enterprise - Cloud,Account-Based Email,2026-03-26,2026-03,26044,54660,2325,161,127,66,50,41,16,146169728,Enterprise High-Value,Manufacturing & Auto,India & Middle East,Cloud & Infrastructure Transformation,Outbound ABM,Strategic Account Penetration,9135608,175
TCS-CMP-02141,Zero Trust Enterprise - BFSI,Account-Based Email,2026-02-06,2026-02,8679,16575,691,58,42,19,14,10,4,40620868,Enterprise High-Value,Telecom & Media,APAC & Australia,BFSI Core Modernization,Outbound ABM,Brand Authority & MQLs,10155217,75
TCS-CMP-02142,Life Sciences DataHub - BFSI,Tech Analyst Webinars,2026-02-08,2026-02,38314,127768,2837,200,125,52,30,15,5,5668410,Emerging Tier / High-CAC,Telecom & Media,India & Middle East,BFSI Core Modernization,Digital Inbound,Strategic Account Penetration,1133682,56
TCS-CMP-02143,Global Horizon - BFSI,LinkedIn Enterprise,2026-03-17,2026-03,26238,52408,1101,98,59,28,20,17,5,16928725,Nurture / Mid-Market,Healthcare & Life Sciences,Europe & UK,BFSI Core Modernization,Digital Inbound,Executive Engagement,3385745,128
TCS-CMP-02144,Q1 Cloud Scale - Healthcare,Executive Events & Roundtables,2026-06-28,2026-06,97465,106980,1530,177,138,46,23,14,4,36608532,Strategic Growth Accounts,Healthcare & Life Sciences,APAC & Australia,Healthcare & Life Sciences Digital Labs,Experiential,Strategic Account Penetration,9152133,84
TCS-CMP-02145,Sustainable Tech Suite - Retail,Tech Analyst Webinars,2026-04-25,2026-04,23630,63952,1567,95,57,19,10,6,2,14217418,Enterprise High-Value,Energy & Utilities,APAC & Australia,Retail Omnichannel & Supply Chain,Digital Inbound,Executive Engagement,7108709,200
TCS-CMP-02146,BFSI Resiliency - Retail,LinkedIn Enterprise,2025-11-08,2025-11,58072,197136,5508,411,311,182,109,89,37,216724984,Strategic Growth Accounts,Telecom & Media,APAC & Australia,Retail Omnichannel & Supply Chain,Digital Inbound,Pipeline Generation,5857432,114
TCS-CMP-02147,BFSI Resiliency - Cloud,Tech Analyst Webinars,2026-06-27,2026-06,23432,75122,1584,118,54,23,12,7,2,6954056,Strategic Growth Accounts,Energy & Utilities,India & Middle East,Cloud & Infrastructure Transformation,Digital Inbound,Strategic Account Penetration,3477028,135
TCS-CMP-02148,GenAI Catalyst - BFSI,Industry Display & Media,2026-07-13,2026-07,19072,106290,910,33,15,5,2,1,0,0,Enterprise High-Value,Telecom & Media,Europe & UK,BFSI Core Modernization,Digital Inbound,Pipeline Generation,5989154,152
TCS-CMP-02149,Zero Trust Enterprise - Healthcare,Executive Events & Roundtables,2025-11-19,2025-11,55086,35918,506,64,45,16,8,4,1,14199403,Enterprise High-Value,Energy & Utilities,Nordics & Benelux,Healthcare & Life Sciences Digital Labs,Experiential,Executive Engagement,14199403,99
TCS-CMP-02150,CyberShield 360 - Cognitive,Tech Analyst Webinars,2026-04-11,2026-04,22475,70551,1493,100,48,15,9,6,2,2286300,Emerging Tier / High-CAC,Healthcare & Life Sciences,India & Middle East,Cognitive AI & Enterprise Automation,Digital Inbound,Pipeline Generation,1143150,83
TCS-CMP-02151,Sustainable Tech Suite - Retail,Account-Based Email,2025-12-19,2025-12,23677,39141,1399,113,81,51,38,28,12,43592004,Nurture / Mid-Market,Telecom & Media,India & Middle East,Retail Omnichannel & Supply Chain,Outbound ABM,Pipeline Generation,3632667,112
TCS-CMP-02152,CyberShield 360 - Healthcare,Account-Based Email,2026-04-08,2026-04,20632,37890,1465,153,108,70,38,30,14,23573872,Emerging Tier / High-CAC,Manufacturing & Auto,APAC & Australia,Healthcare & Life Sciences Digital Labs,Outbound ABM,Strategic Account Penetration,1683848,103
TCS-CMP-02153,Q1 Cloud Scale - Cloud,Account-Based Email,2025-10-09,2025-10,14779,35543,1250,114,76,38,22,17,9,49094973,Strategic Growth Accounts,Telecom & Media,North America,Cloud & Infrastructure Transformation,Outbound ABM,Brand Authority & MQLs,5454997,49
TCS-CMP-02154,BFSI Resiliency - Healthcare,Account-Based Email,2026-08-01,2026-08,24258,31596,1651,115,63,32,21,19,6,18965850,Nurture / Mid-Market,Telecom & Media,APAC & Australia,Healthcare & Life Sciences Digital Labs,Outbound ABM,Brand Authority & MQLs,3160975,83
TCS-CMP-02155,BFSI Resiliency - Healthcare,Google Search,2026-04-13,2026-04,58284,138252,4372,255,130,68,40,25,9,14881644,Emerging Tier / High-CAC,Banking & Capital Markets,India & Middle East,Healthcare & Life Sciences Digital Labs,Digital Inbound,Pipeline Generation,1653516,53
TCS-CMP-02156,Zero Trust Enterprise - Cognitive,Industry Display & Media,2026-09-21,2026-09,46632,309214,3188,134,66,18,7,3,0,0,Strategic Growth Accounts,Energy & Utilities,Nordics & Benelux,Cognitive AI & Enterprise Automation,Digital Inbound,Executive Engagement,3056481,127
TCS-CMP-02157,Sustainable Tech Suite - Cyber,Executive Events & Roundtables,2025-10-06,2025-10,71059,68676,1279,159,95,39,19,10,2,11309486,Nurture / Mid-Market,Healthcare & Life Sciences,Nordics & Benelux,Cyber Defense & Risk Governance,Experiential,Executive Engagement,5654743,143
TCS-CMP-02158,NextGen CX - Healthcare,Tech Analyst Webinars,2026-03-19,2026-03,16278,27942,716,36,21,7,3,2,1,6480276,Enterprise High-Value,Energy & Utilities,North America,Healthcare & Life Sciences Digital Labs,Digital Inbound,Strategic Account Penetration,6480276,141
TCS-CMP-02159,SAP S/4 Hana Accelerated - Retail,LinkedIn Enterprise,2026-04-14,2026-04,34839,111070,2628,257,187,108,71,57,18,187553124,Enterprise High-Value,Energy & Utilities,North America,Retail Omnichannel & Supply Chain,Digital Inbound,Brand Authority & MQLs,10419618,81
TCS-CMP-02160,Sustainable Tech Suite - Retail,Industry Display & Media,2026-05-07,2026-05,28024,164340,1804,50,17,5,2,1,0,0,Nurture / Mid-Market,Healthcare & Life Sciences,India & Middle East,Retail Omnichannel & Supply Chain,Digital Inbound,Strategic Account Penetration,1723027,135
TCS-CMP-02161,NextGen CX - BFSI,Google Search,2025-10-25,2025-10,39900,93277,3125,233,159,72,41,28,8,20199960,Nurture / Mid-Market,Telecom & Media,North America,BFSI Core Modernization,Digital Inbound,Brand Authority & MQLs,2524995,143
TCS-CMP-02162,NextGen CX - BFSI,Tech Analyst Webinars,2026-04-16,2026-04,28393,40081,937,68,38,15,7,5,2,7422844,Strategic Growth Accounts,Manufacturing & Auto,APAC & Australia,BFSI Core Modernization,Digital Inbound,Executive Engagement,3711422,96
TCS-CMP-02163,CyberShield 360 - Retail,LinkedIn Enterprise,2026-01-28,2026-01,55332,84235,2100,170,101,45,30,21,6,24038448,Nurture / Mid-Market,Banking & Capital Markets,North America,Retail Omnichannel & Supply Chain,Digital Inbound,Strategic Account Penetration,4006408,64
TCS-CMP-02164,Life Sciences DataHub - Cloud,Tech Analyst Webinars,2026-05-17,2026-05,32335,71324,1511,110,48,18,9,5,2,2751034,Emerging Tier / High-CAC,Energy & Utilities,Europe & UK,Cloud & Infrastructure Transformation,Digital Inbound,Pipeline Generation,1375517,84
TCS-CMP-02165,CyberShield 360 - BFSI,LinkedIn Enterprise,2025-12-13,2025-12,33517,55643,1219,88,46,27,15,10,4,8194784,Emerging Tier / High-CAC,Retail & CPG,Nordics & Benelux,BFSI Core Modernization,Digital Inbound,Pipeline Generation,2048696,91
TCS-CMP-02166,BFSI Resiliency - BFSI,LinkedIn Enterprise,2025-10-12,2025-10,34176,90663,2143,203,141,67,49,36,16,159652912,Enterprise High-Value,Healthcare & Life Sciences,India & Middle East,BFSI Core Modernization,Digital Inbound,Brand Authority & MQLs,9978307,161
TCS-CMP-02167,NextGen CX - Cognitive,Account-Based Email,2026-05-20,2026-05,26062,50158,2523,207,147,93,56,41,16,151065296,Enterprise High-Value,Energy & Utilities,North America,Cognitive AI & Enterprise Automation,Outbound ABM,Executive Engagement,9441581,139
TCS-CMP-02168,OmniCommerce Edge - Cyber,Tech Analyst Webinars,2026-02-27,2026-02,14434,20881,416,25,15,5,2,1,0,0,Strategic Growth Accounts,Telecom & Media,India & Middle East,Cyber Defense & Risk Governance,Digital Inbound,Brand Authority & MQLs,3936674,108
TCS-CMP-02169,BFSI Resiliency - BFSI,Account-Based Email,2026-04-05,2026-04,17393,27618,1259,102,79,43,32,25,9,57045384,Strategic Growth Accounts,Banking & Capital Markets,Europe & UK,BFSI Core Modernization,Outbound ABM,Executive Engagement,6338376,64
TCS-CMP-02170,Sustainable Tech Suite - Cyber,Account-Based Email,2025-11-11,2025-11,15658,26531,944,72,48,22,15,12,4,20479548,Strategic Growth Accounts,Retail & CPG,Europe & UK,Cyber Defense & Risk Governance,Outbound ABM,Brand Authority & MQLs,5119887,71
TCS-CMP-02171,Cognitive Ops 2.0 - Cognitive,Google Search,2026-03-17,2026-03,28645,60373,2421,185,109,47,27,15,5,18157020,Strategic Growth Accounts,Healthcare & Life Sciences,Nordics & Benelux,Cognitive AI & Enterprise Automation,Digital Inbound,Brand Authority & MQLs,3631404,63
TCS-CMP-02172,Sustainable Tech Suite - Healthcare,LinkedIn Enterprise,2026-01-19,2026-01,57284,115711,3664,301,209,123,80,66,18,167253282,Enterprise High-Value,Healthcare & Life Sciences,North America,Healthcare & Life Sciences Digital Labs,Digital Inbound,Brand Authority & MQLs,9291849,70
TCS-CMP-02173,Global Horizon - Cyber,Google Search,2026-05-03,2026-05,57006,117918,4654,368,195,84,42,25,7,24847438,Strategic Growth Accounts,Healthcare & Life Sciences,Nordics & Benelux,Cyber Defense & Risk Governance,Digital Inbound,Strategic Account Penetration,3549634,117
TCS-CMP-02174,BFSI Resiliency - BFSI,Executive Events & Roundtables,2026-01-08,2026-01,98094,109113,2020,302,189,56,24,16,3,40504152,Enterprise High-Value,Retail & CPG,APAC & Australia,BFSI Core Modernization,Experiential,Pipeline Generation,13501384,113
TCS-CMP-02175,BFSI Resiliency - Cognitive,LinkedIn Enterprise,2025-10-12,2025-10,48580,60137,1422,136,78,40,21,15,5,45750290,Enterprise High-Value,Healthcare & Life Sciences,Europe & UK,Cognitive AI & Enterprise Automation,Digital Inbound,Pipeline Generation,9150058,65
TCS-CMP-02176,Cognitive Ops 2.0 - Healthcare,Google Search,2026-06-10,2026-06,29389,69871,2215,178,113,46,26,16,5,19279085,Strategic Growth Accounts,Healthcare & Life Sciences,APAC & Australia,Healthcare & Life Sciences Digital Labs,Digital Inbound,Pipeline Generation,3855817,66
TCS-CMP-02177,Cognitive Ops 2.0 - BFSI,Tech Analyst Webinars,2026-03-28,2026-03,13640,21195,553,41,23,9,5,3,1,6391944,Enterprise High-Value,Telecom & Media,North America,BFSI Core Modernization,Digital Inbound,Brand Authority & MQLs,6391944,121
TCS-CMP-02178,Life Sciences DataHub - Cyber,Account-Based Email,2026-02-07,2026-02,8075,23166,851,62,44,21,15,10,3,15468591,Strategic Growth Accounts,Retail & CPG,North America,Cyber Defense & Risk Governance,Outbound ABM,Pipeline Generation,5156197,48
TCS-CMP-02179,Global Horizon - Cloud,Google Search,2026-05-02,2026-05,46135,70651,2948,166,107,56,26,15,4,10691872,Nurture / Mid-Market,Energy & Utilities,North America,Cloud & Infrastructure Transformation,Digital Inbound,Executive Engagement,2672968,108
TCS-CMP-02180,SAP S/4 Hana Accelerated - Cyber,LinkedIn Enterprise,2026-09-17,2026-09,58238,157605,4852,448,259,144,101,76,21,147749448,Strategic Growth Accounts,Banking & Capital Markets,North America,Cyber Defense & Risk Governance,Digital Inbound,Executive Engagement,7035688,65
TCS-CMP-02181,Sustainable Tech Suite - Cognitive,Account-Based Email,2026-04-20,2026-04,24893,43934,2260,204,155,98,59,51,27,105089616,Nurture / Mid-Market,Telecom & Media,India & Middle East,Cognitive AI & Enterprise Automation,Outbound ABM,Strategic Account Penetration,3892208,122
TCS-CMP-02182,GenAI Catalyst - Cyber,Tech Analyst Webinars,2026-02-07,2026-02,20758,38039,766,44,24,10,5,3,1,2501148,Nurture / Mid-Market,Retail & CPG,APAC & Australia,Cyber Defense & Risk Governance,Digital Inbound,Strategic Account Penetration,2501148,81
TCS-CMP-02183,NextGen CX - Cloud,Google Search,2026-04-01,2026-04,57122,114034,4430,373,205,104,66,40,11,85730524,Enterprise High-Value,Energy & Utilities,North America,Cloud & Infrastructure Transformation,Digital Inbound,Brand Authority & MQLs,7793684,93
TCS-CMP-02184,CyberShield 360 - Retail,Industry Display & Media,2026-03-10,2026-03,47087,290084,2989,117,59,17,6,2,0,0,Strategic Growth Accounts,Manufacturing & Auto,Nordics & Benelux,Retail Omnichannel & Supply Chain,Digital Inbound,Brand Authority & MQLs,3479615,133
TCS-CMP-02185,Sustainable Tech Suite - Cognitive,Account-Based Email,2026-01-20,2026-01,25816,68711,3289,310,193,117,79,50,22,85559980,Nurture / Mid-Market,Manufacturing & Auto,Nordics & Benelux,Cognitive AI & Enterprise Automation,Outbound ABM,Strategic Account Penetration,3889090,85
TCS-CMP-02186,Zero Trust Enterprise - Cloud,Executive Events & Roundtables,2026-04-18,2026-04,59323,41665,686,74,59,22,9,6,2,10768852,Nurture / Mid-Market,Energy & Utilities,Europe & UK,Cloud & Infrastructure Transformation,Experiential,Brand Authority & MQLs,5384426,82
TCS-CMP-02187,Sustainable Tech Suite - Cloud,Tech Analyst Webinars,2026-09-21,2026-09,35883,77881,1464,96,44,19,9,5,2,10437270,Enterprise High-Value,Manufacturing & Auto,Europe & UK,Cloud & Infrastructure Transformation,Digital Inbound,Executive Engagement,5218635,163
TCS-CMP-02188,Cognitive Ops 2.0 - Cognitive,Google Search,2025-10-24,2025-10,41040,71780,2310,159,79,35,22,13,5,24228260,Strategic Growth Accounts,Healthcare & Life Sciences,Europe & UK,Cognitive AI & Enterprise Automation,Digital Inbound,Pipeline Generation,4845652,113
TCS-CMP-02189,Cognitive Ops 2.0 - Cyber,Google Search,2026-03-19,2026-03,46545,128000,4069,332,196,98,46,31,10,77540350,Enterprise High-Value,Healthcare & Life Sciences,India & Middle East,Cyber Defense & Risk Governance,Digital Inbound,Executive Engagement,7754035,168
TCS-CMP-02190,Zero Trust Enterprise - Cognitive,Executive Events & Roundtables,2026-05-07,2026-05,123707,102900,1841,231,181,66,34,17,6,107044434,Enterprise High-Value,Healthcare & Life Sciences,North America,Cognitive AI & Enterprise Automation,Experiential,Brand Authority & MQLs,17840739,188
TCS-CMP-02191,NextGen CX - Cognitive,Google Search,2026-02-07,2026-02,46363,73617,3403,297,139,60,32,20,5,24512120,Strategic Growth Accounts,Retail & CPG,North America,Cognitive AI & Enterprise Automation,Digital Inbound,Strategic Account Penetration,4902424,71
TCS-CMP-02192,Life Sciences DataHub - Cognitive,Industry Display & Media,2026-03-04,2026-03,42299,173478,1647,61,28,8,3,2,0,0,Strategic Growth Accounts,Energy & Utilities,Nordics & Benelux,Cognitive AI & Enterprise Automation,Digital Inbound,Strategic Account Penetration,2959699,125
TCS-CMP-02193,CyberShield 360 - Healthcare,Tech Analyst Webinars,2026-01-02,2026-01,41633,59864,1172,71,38,14,6,4,1,6584564,Enterprise High-Value,Banking & Capital Markets,APAC & Australia,Healthcare & Life Sciences Digital Labs,Digital Inbound,Strategic Account Penetration,6584564,123
TCS-CMP-02194,BFSI Resiliency - BFSI,Tech Analyst Webinars,2025-10-08,2025-10,29885,78829,2144,160,69,29,14,10,4,22675900,Enterprise High-Value,Retail & CPG,India & Middle East,BFSI Core Modernization,Digital Inbound,Strategic Account Penetration,5668975,183
TCS-CMP-02195,OmniCommerce Edge - Cognitive,Executive Events & Roundtables,2026-06-16,2026-06,124547,94733,1445,200,164,59,23,15,3,31016484,Strategic Growth Accounts,Manufacturing & Auto,APAC & Australia,Cognitive AI & Enterprise Automation,Experiential,Executive Engagement,10338828,125
TCS-CMP-02196,OmniCommerce Edge - Cognitive,Account-Based Email,2026-07-12,2026-07,23149,62439,2357,197,140,86,56,42,14,24354890,Emerging Tier / High-CAC,Telecom & Media,APAC & Australia,Cognitive AI & Enterprise Automation,Outbound ABM,Pipeline Generation,1739635,48
TCS-CMP-02197,SAP S/4 Hana Accelerated - Retail,LinkedIn Enterprise,2025-12-12,2025-12,40351,86880,1858,150,98,57,39,33,11,44360580,Nurture / Mid-Market,Banking & Capital Markets,APAC & Australia,Retail Omnichannel & Supply Chain,Digital Inbound,Brand Authority & MQLs,4032780,134
TCS-CMP-02198,SAP S/4 Hana Accelerated - Cognitive,LinkedIn Enterprise,2025-11-24,2025-11,22048,36867,890,69,46,23,13,8,3,34127133,Enterprise High-Value,Telecom & Media,APAC & Australia,Cognitive AI & Enterprise Automation,Digital Inbound,Brand Authority & MQLs,11375711,169
TCS-CMP-02199,BFSI Resiliency - Cognitive,Executive Events & Roundtables,2026-04-27,2026-04,138956,120861,1495,174,113,33,13,8,3,25039170,Strategic Growth Accounts,Manufacturing & Auto,Nordics & Benelux,Cognitive AI & Enterprise Automation,Experiential,Pipeline Generation,8346390,127
TCS-CMP-02200,SAP S/4 Hana Accelerated - BFSI,Executive Events & Roundtables,2026-01-11,2026-01,58503,51603,865,79,54,21,10,6,2,7501258,Emerging Tier / High-CAC,Healthcare & Life Sciences,North America,BFSI Core Modernization,Experiential,Strategic Account Penetration,3750629,108
TCS-CMP-02201,GenAI Catalyst - Cyber,LinkedIn Enterprise,2026-09-11,2026-09,44492,87135,2106,179,121,56,40,28,12,42397380,Nurture / Mid-Market,Banking & Capital Markets,North America,Cyber Defense & Risk Governance,Digital Inbound,Strategic Account Penetration,3533115,102
TCS-CMP-02202,NextGen CX - Cloud,Account-Based Email,2026-01-22,2026-01,19637,58922,2408,197,143,65,37,28,14,54252268,Nurture / Mid-Market,Manufacturing & Auto,India & Middle East,Cloud & Infrastructure Transformation,Outbound ABM,Strategic Account Penetration,3875162,119
TCS-CMP-02203,GenAI Catalyst - Cognitive,Executive Events & Roundtables,2026-09-02,2026-09,118195,85642,1090,139,94,39,20,11,3,40350645,Enterprise High-Value,Manufacturing & Auto,India & Middle East,Cognitive AI & Enterprise Automation,Experiential,Executive Engagement,13450215,134
TCS-CMP-02204,Sustainable Tech Suite - BFSI,Tech Analyst Webinars,2026-01-13,2026-01,37046,88300,1757,141,67,25,11,7,2,11315922,Enterprise High-Value,Healthcare & Life Sciences,India & Middle East,BFSI Core Modernization,Digital Inbound,Brand Authority & MQLs,5657961,192
TCS-CMP-02205,NextGen CX - BFSI,Google Search,2025-10-25,2025-10,72144,214018,9848,557,308,158,91,60,14,22218280,Emerging Tier / High-CAC,Telecom & Media,India & Middle East,BFSI Core Modernization,Digital Inbound,Executive Engagement,1587020,109
TCS-CMP-02206,Cognitive Ops 2.0 - Healthcare,Executive Events & Roundtables,2026-04-19,2026-04,59214,48454,696,66,43,15,6,3,1,3200939,Emerging Tier / High-CAC,Healthcare & Life Sciences,North America,Healthcare & Life Sciences Digital Labs,Experiential,Brand Authority & MQLs,3200939,114
TCS-CMP-02207,Sustainable Tech Suite - Healthcare,LinkedIn Enterprise,2026-05-04,2026-05,46530,85253,2462,190,108,67,47,37,14,144878902,Enterprise High-Value,Manufacturing & Auto,Nordics & Benelux,Healthcare & Life Sciences Digital Labs,Digital Inbound,Pipeline Generation,10348493,193
TCS-CMP-02208,Global Horizon - BFSI,Executive Events & Roundtables,2026-04-13,2026-04,120812,102167,1283,160,121,37,19,9,2,7832174,Emerging Tier / High-CAC,Healthcare & Life Sciences,India & Middle East,BFSI Core Modernization,Experiential,Strategic Account Penetration,3916087,49
TCS-CMP-02209,Life Sciences DataHub - Cloud,LinkedIn Enterprise,2025-11-21,2025-11,19578,34446,1024,105,60,26,17,13,4,8586472,Emerging Tier / High-CAC,Energy & Utilities,Nordics & Benelux,Cloud & Infrastructure Transformation,Digital Inbound,Strategic Account Penetration,2146618,95
TCS-CMP-02210,Cognitive Ops 2.0 - Cloud,Google Search,2026-09-16,2026-09,29357,41945,1432,87,52,22,12,8,2,16075398,Enterprise High-Value,Banking & Capital Markets,Nordics & Benelux,Cloud & Infrastructure Transformation,Digital Inbound,Executive Engagement,8037699,179
TCS-CMP-02211,SAP S/4 Hana Accelerated - Retail,Account-Based Email,2026-08-21,2026-08,13923,32617,1688,112,84,42,25,21,8,50608112,Strategic Growth Accounts,Healthcare & Life Sciences,Europe & UK,Retail Omnichannel & Supply Chain,Outbound ABM,Strategic Account Penetration,6326014,126
TCS-CMP-02212,Life Sciences DataHub - Cloud,Executive Events & Roundtables,2026-06-12,2026-06,81067,61966,1152,143,99,28,11,7,1,11384358,Strategic Growth Accounts,Banking & Capital Markets,India & Middle East,Cloud & Infrastructure Transformation,Experiential,Brand Authority & MQLs,11384358,94
TCS-CMP-02213,CyberShield 360 - Cognitive,Tech Analyst Webinars,2026-09-01,2026-09,12096,36372,776,49,25,9,5,3,1,2684202,Nurture / Mid-Market,Energy & Utilities,North America,Cognitive AI & Enterprise Automation,Digital Inbound,Executive Engagement,2684202,127
TCS-CMP-02214,OmniCommerce Edge - BFSI,Industry Display & Media,2026-07-05,2026-07,19523,108925,794,29,13,4,2,1,0,0,Emerging Tier / High-CAC,Telecom & Media,Nordics & Benelux,BFSI Core Modernization,Digital Inbound,Strategic Account Penetration,1276759,58
TCS-CMP-02215,Zero Trust Enterprise - Cognitive,Google Search,2026-04-27,2026-04,59853,169970,6312,395,259,98,47,31,8,29483384,Strategic Growth Accounts,Telecom & Media,Europe & UK,Cognitive AI & Enterprise Automation,Digital Inbound,Brand Authority & MQLs,3685423,109
TCS-CMP-02216,CyberShield 360 - Cognitive,Google Search,2025-11-13,2025-11,65767,106743,3703,217,117,43,29,19,8,31501088,Strategic Growth Accounts,Telecom & Media,APAC & Australia,Cognitive AI & Enterprise Automation,Digital Inbound,Strategic Account Penetration,3937636,76
TCS-CMP-02217,Cognitive Ops 2.0 - Healthcare,LinkedIn Enterprise,2025-12-09,2025-12,53620,130492,3362,291,198,122,76,50,20,41930360,Emerging Tier / High-CAC,Healthcare & Life Sciences,Europe & UK,Healthcare & Life Sciences Digital Labs,Digital Inbound,Brand Authority & MQLs,2096518,137
TCS-CMP-02218,SAP S/4 Hana Accelerated - Cloud,Industry Display & Media,2025-10-19,2025-10,34422,293088,2713,107,48,11,4,2,1,2780390,Strategic Growth Accounts,Telecom & Media,Nordics & Benelux,Cloud & Infrastructure Transformation,Digital Inbound,Strategic Account Penetration,2780390,61
TCS-CMP-02219,OmniCommerce Edge - Healthcare,Tech Analyst Webinars,2026-02-02,2026-02,32172,45460,853,58,35,17,9,5,1,2033499,Nurture / Mid-Market,Manufacturing & Auto,Nordics & Benelux,Healthcare & Life Sciences Digital Labs,Digital Inbound,Brand Authority & MQLs,2033499,112
TCS-CMP-02220,Q1 Cloud Scale - BFSI,LinkedIn Enterprise,2026-01-23,2026-01,44486,133946,2961,239,153,72,50,34,11,73026393,Strategic Growth Accounts,Retail & CPG,APAC & Australia,BFSI Core Modernization,Digital Inbound,Executive Engagement,6638763,72
TCS-CMP-02221,GenAI Catalyst - Retail,LinkedIn Enterprise,2026-06-20,2026-06,35131,62077,1925,211,141,64,40,31,10,68510910,Strategic Growth Accounts,Banking & Capital Markets,APAC & Australia,Retail Omnichannel & Supply Chain,Digital Inbound,Executive Engagement,6851091,48
TCS-CMP-02222,GenAI Catalyst - Cloud,Google Search,2026-09-11,2026-09,22619,57396,1887,166,99,49,26,20,7,11630787,Emerging Tier / High-CAC,Retail & CPG,APAC & Australia,Cloud & Infrastructure Transformation,Digital Inbound,Executive Engagement,1661541,64
TCS-CMP-02223,OmniCommerce Edge - Healthcare,Executive Events & Roundtables,2026-04-24,2026-04,84083,56573,769,104,59,18,8,5,1,3374058,Emerging Tier / High-CAC,Manufacturing & Auto,India & Middle East,Healthcare & Life Sciences Digital Labs,Experiential,Strategic Account Penetration,3374058,72
TCS-CMP-02224,Global Horizon - BFSI,Account-Based Email,2026-07-07,2026-07,8452,17976,705,59,36,16,12,9,5,41360440,Enterprise High-Value,Healthcare & Life Sciences,India & Middle East,BFSI Core Modernization,Outbound ABM,Executive Engagement,8272088,153
TCS-CMP-02225,NextGen CX - Cloud,Google Search,2026-06-02,2026-06,28244,80033,3204,284,144,53,26,19,8,12708512,Emerging Tier / High-CAC,Retail & CPG,India & Middle East,Cloud & Infrastructure Transformation,Digital Inbound,Brand Authority & MQLs,1588564,116
TCS-CMP-02226,Sustainable Tech Suite - Cloud,LinkedIn Enterprise,2025-11-03,2025-11,40878,68098,1588,158,119,72,43,31,9,55067526,Strategic Growth Accounts,Manufacturing & Auto,India & Middle East,Cloud & Infrastructure Transformation,Digital Inbound,Pipeline Generation,6118614,77
TCS-CMP-02227,Cognitive Ops 2.0 - Cyber,Account-Based Email,2025-10-26,2025-10,9295,21854,845,71,45,24,13,9,4,7139200,Emerging Tier / High-CAC,Manufacturing & Auto,Europe & UK,Cyber Defense & Risk Governance,Outbound ABM,Pipeline Generation,1784800,112
TCS-CMP-02228,CyberShield 360 - Cyber,Account-Based Email,2026-04-07,2026-04,23940,38786,1953,166,122,65,47,34,16,33646128,Emerging Tier / High-CAC,Energy & Utilities,India & Middle East,Cyber Defense & Risk Governance,Outbound ABM,Pipeline Generation,2102883,119
TCS-CMP-02229,Life Sciences DataHub - BFSI,Executive Events & Roundtables,2026-05-09,2026-05,130400,105902,1420,155,90,28,11,7,2,21449548,Strategic Growth Accounts,Energy & Utilities,Europe & UK,BFSI Core Modernization,Experiential,Executive Engagement,10724774,137
TCS-CMP-02230,Zero Trust Enterprise - Retail,Executive Events & Roundtables,2026-06-21,2026-06,138204,85673,1369,182,128,52,27,17,4,11833296,Emerging Tier / High-CAC,Manufacturing & Auto,India & Middle East,Retail Omnichannel & Supply Chain,Experiential,Brand Authority & MQLs,2958324,124
TCS-CMP-02231,SAP S/4 Hana Accelerated - BFSI,Tech Analyst Webinars,2026-01-24,2026-01,34089,76196,1843,98,43,15,7,4,1,6162664,Enterprise High-Value,Manufacturing & Auto,Europe & UK,BFSI Core Modernization,Digital Inbound,Brand Authority & MQLs,6162664,192
TCS-CMP-02232,Zero Trust Enterprise - BFSI,Executive Events & Roundtables,2026-05-23,2026-05,59252,43878,533,76,63,25,11,5,2,16592958,Strategic Growth Accounts,Retail & CPG,APAC & Australia,BFSI Core Modernization,Experiential,Pipeline Generation,8296479,92
TCS-CMP-02233,NextGen CX - Healthcare,Executive Events & Roundtables,2026-01-10,2026-01,138381,120848,1927,216,147,55,26,14,3,48578001,Enterprise High-Value,Retail & CPG,Europe & UK,Healthcare & Life Sciences Digital Labs,Experiential,Pipeline Generation,16192667,86
TCS-CMP-02234,OmniCommerce Edge - Cognitive,Executive Events & Roundtables,2026-02-02,2026-02,100946,96777,1611,216,156,59,26,17,4,69880236,Enterprise High-Value,Energy & Utilities,India & Middle East,Cognitive AI & Enterprise Automation,Experiential,Pipeline Generation,17470059,175
TCS-CMP-02235,NextGen CX - BFSI,Executive Events & Roundtables,2025-10-27,2025-10,49029,56620,799,81,55,21,10,5,2,21601286,Strategic Growth Accounts,Energy & Utilities,India & Middle East,BFSI Core Modernization,Experiential,Pipeline Generation,10800643,63
TCS-CMP-02236,Sustainable Tech Suite - Healthcare,Executive Events & Roundtables,2025-11-08,2025-11,135807,103538,1835,209,164,47,18,12,2,6905634,Emerging Tier / High-CAC,Retail & CPG,India & Middle East,Healthcare & Life Sciences Digital Labs,Experiential,Brand Authority & MQLs,3452817,111
TCS-CMP-02237,Cognitive Ops 2.0 - Healthcare,Industry Display & Media,2025-10-23,2025-10,36226,173641,1270,44,21,5,2,1,0,0,Emerging Tier / High-CAC,Telecom & Media,Nordics & Benelux,Healthcare & Life Sciences Digital Labs,Digital Inbound,Pipeline Generation,993071,63
TCS-CMP-02238,CyberShield 360 - Cognitive,Tech Analyst Webinars,2026-03-19,2026-03,20010,46241,1102,88,45,21,12,7,3,12766941,Strategic Growth Accounts,Retail & CPG,Europe & UK,Cognitive AI & Enterprise Automation,Digital Inbound,Executive Engagement,4255647,88
TCS-CMP-02239,OmniCommerce Edge - Retail,Executive Events & Roundtables,2026-08-24,2026-08,125201,95651,1734,233,155,52,26,14,3,18490416,Nurture / Mid-Market,Energy & Utilities,Nordics & Benelux,Retail Omnichannel & Supply Chain,Experiential,Brand Authority & MQLs,6163472,104
TCS-CMP-02240,SAP S/4 Hana Accelerated - Cognitive,Google Search,2025-12-20,2025-12,59677,100631,4137,282,158,75,46,35,13,16124693,Emerging Tier / High-CAC,Energy & Utilities,Europe & UK,Cognitive AI & Enterprise Automation,Digital Inbound,Pipeline Generation,1240361,46
TCS-CMP-02241,Global Horizon - BFSI,LinkedIn Enterprise,2026-03-13,2026-03,37110,60371,1350,116,71,34,21,15,6,27095796,Nurture / Mid-Market,Manufacturing & Auto,Europe & UK,BFSI Core Modernization,Digital Inbound,Strategic Account Penetration,4515966,82
TCS-CMP-02242,SAP S/4 Hana Accelerated - Cyber,LinkedIn Enterprise,2025-12-04,2025-12,26328,36996,1067,76,45,20,12,9,4,45648704,Enterprise High-Value,Manufacturing & Auto,Nordics & Benelux,Cyber Defense & Risk Governance,Digital Inbound,Pipeline Generation,11412176,191
TCS-CMP-02243,Cognitive Ops 2.0 - Retail,Tech Analyst Webinars,2026-02-17,2026-02,19916,48964,1339,94,45,18,8,6,2,11042658,Enterprise High-Value,Manufacturing & Auto,Nordics & Benelux,Retail Omnichannel & Supply Chain,Digital Inbound,Brand Authority & MQLs,5521329,194
TCS-CMP-02244,BFSI Resiliency - Retail,Executive Events & Roundtables,2026-03-01,2026-03,45632,38778,484,67,39,15,7,4,1,8913991,Strategic Growth Accounts,Retail & CPG,North America,Retail Omnichannel & Supply Chain,Experiential,Executive Engagement,8913991,54
TCS-CMP-02245,Global Horizon - Cognitive,Executive Events & Roundtables,2026-02-07,2026-02,48515,29805,390,50,41,14,7,5,1,11401631,Strategic Growth Accounts,Telecom & Media,Nordics & Benelux,Cognitive AI & Enterprise Automation,Experiential,Pipeline Generation,11401631,96
TCS-CMP-02246,Life Sciences DataHub - Cognitive,LinkedIn Enterprise,2026-09-08,2026-09,59764,80917,1769,168,119,55,33,22,10,92360790,Enterprise High-Value,Manufacturing & Auto,APAC & Australia,Cognitive AI & Enterprise Automation,Digital Inbound,Strategic Account Penetration,9236079,119
TCS-CMP-02247,BFSI Resiliency - BFSI,Executive Events & Roundtables,2026-06-24,2026-06,118678,72562,1086,153,99,40,20,12,2,34244838,Enterprise High-Value,Healthcare & Life Sciences,North America,BFSI Core Modernization,Experiential,Executive Engagement,17122419,86
TCS-CMP-02248,OmniCommerce Edge - Cyber,LinkedIn Enterprise,2025-12-02,2025-12,62090,94007,2989,331,246,126,90,70,31,60791744,Emerging Tier / High-CAC,Telecom & Media,Europe & UK,Cyber Defense & Risk Governance,Digital Inbound,Brand Authority & MQLs,1961024,134
TCS-CMP-02249,OmniCommerce Edge - Healthcare,Executive Events & Roundtables,2025-11-20,2025-11,117521,116387,2149,258,168,63,30,15,5,91858510,Enterprise High-Value,Healthcare & Life Sciences,APAC & Australia,Healthcare & Life Sciences Digital Labs,Experiential,Strategic Account Penetration,18371702,177
TCS-CMP-02250,Cognitive Ops 2.0 - Cloud,Executive Events & Roundtables,2026-08-05,2026-08,114742,103130,1367,164,96,35,14,9,3,9680043,Emerging Tier / High-CAC,Healthcare & Life Sciences,APAC & Australia,Cloud & Infrastructure Transformation,Experiential,Executive Engagement,3226681,121
TCS-CMP-02251,Q1 Cloud Scale - Cognitive,Account-Based Email,2026-02-14,2026-02,13761,34204,1716,172,110,60,35,23,11,107343874,Enterprise High-Value,Retail & CPG,Europe & UK,Cognitive AI & Enterprise Automation,Outbound ABM,Strategic Account Penetration,9758534,199
TCS-CMP-02252,Zero Trust Enterprise - Cognitive,Executive Events & Roundtables,2026-01-20,2026-01,46546,45306,563,65,37,12,5,3,1,15637456,Enterprise High-Value,Healthcare & Life Sciences,Nordics & Benelux,Cognitive AI & Enterprise Automation,Experiential,Executive Engagement,15637456,108
TCS-CMP-02253,Life Sciences DataHub - Cloud,Tech Analyst Webinars,2026-03-26,2026-03,34585,53718,1158,86,38,17,9,5,1,2346699,Nurture / Mid-Market,Telecom & Media,Nordics & Benelux,Cloud & Infrastructure Transformation,Digital Inbound,Pipeline Generation,2346699,139
TCS-CMP-02254,Life Sciences DataHub - Healthcare,LinkedIn Enterprise,2026-06-13,2026-06,61378,201896,5353,431,260,149,79,48,23,159360169,Strategic Growth Accounts,Manufacturing & Auto,India & Middle East,Healthcare & Life Sciences Digital Labs,Digital Inbound,Strategic Account Penetration,6928703,62
TCS-CMP-02255,SAP S/4 Hana Accelerated - Cognitive,Industry Display & Media,2026-08-10,2026-08,40220,336427,3296,132,53,17,7,4,1,2211174,Nurture / Mid-Market,Healthcare & Life Sciences,India & Middle East,Cognitive AI & Enterprise Automation,Digital Inbound,Pipeline Generation,2211174,136
TCS-CMP-02256,GenAI Catalyst - Cyber,Google Search,2026-06-01,2026-06,70697,155503,5429,312,214,86,55,31,11,17063640,Emerging Tier / High-CAC,Energy & Utilities,Nordics & Benelux,Cyber Defense & Risk Governance,Digital Inbound,Brand Authority & MQLs,1551240,100
TCS-CMP-02257,BFSI Resiliency - Retail,LinkedIn Enterprise,2026-08-13,2026-08,33206,84912,2093,205,107,47,28,20,6,37050558,Strategic Growth Accounts,Manufacturing & Auto,North America,Retail Omnichannel & Supply Chain,Digital Inbound,Strategic Account Penetration,6175093,77
TCS-CMP-02258,Life Sciences DataHub - Cyber,Account-Based Email,2026-01-10,2026-01,19253,42405,1968,198,146,93,63,41,21,45261930,Emerging Tier / High-CAC,Healthcare & Life Sciences,Europe & UK,Cyber Defense & Risk Governance,Outbound ABM,Pipeline Generation,2155330,81
TCS-CMP-02259,Q1 Cloud Scale - Retail,LinkedIn Enterprise,2025-12-21,2025-12,64178,174545,4837,515,365,178,111,68,20,89441200,Nurture / Mid-Market,Banking & Capital Markets,Nordics & Benelux,Retail Omnichannel & Supply Chain,Digital Inbound,Strategic Account Penetration,4472060,136
TCS-CMP-02260,GenAI Catalyst - Retail,Account-Based Email,2026-07-08,2026-07,23603,59938,2904,259,152,98,62,53,29,61403585,Emerging Tier / High-CAC,Healthcare & Life Sciences,North America,Retail Omnichannel & Supply Chain,Outbound ABM,Strategic Account Penetration,2117365,103
TCS-CMP-02261,GenAI Catalyst - Cloud,Industry Display & Media,2026-04-25,2026-04,45282,263277,2628,108,50,11,5,2,0,0,Enterprise High-Value,Telecom & Media,APAC & Australia,Cloud & Infrastructure Transformation,Digital Inbound,Pipeline Generation,5258147,70
TCS-CMP-02262,NextGen CX - Cognitive,Account-Based Email,2025-10-09,2025-10,9783,27498,1395,133,108,48,36,26,12,23841804,Emerging Tier / High-CAC,Retail & CPG,APAC & Australia,Cognitive AI & Enterprise Automation,Outbound ABM,Pipeline Generation,1986817,53
TCS-CMP-02263,Sustainable Tech Suite - Cognitive,LinkedIn Enterprise,2026-06-04,2026-06,39359,91007,2362,247,166,72,40,24,12,86574204,Strategic Growth Accounts,Healthcare & Life Sciences,Nordics & Benelux,Cognitive AI & Enterprise Automation,Digital Inbound,Strategic Account Penetration,7214517,135
TCS-CMP-02264,CyberShield 360 - Healthcare,LinkedIn Enterprise,2026-08-09,2026-08,52028,124978,3761,404,228,140,91,66,28,301010528,Enterprise High-Value,Telecom & Media,Nordics & Benelux,Healthcare & Life Sciences Digital Labs,Digital Inbound,Strategic Account Penetration,10750376,98
TCS-CMP-02265,CyberShield 360 - Cloud,Industry Display & Media,2026-03-01,2026-03,30319,138163,1141,42,18,5,2,1,0,0,Enterprise High-Value,Healthcare & Life Sciences,Europe & UK,Cloud & Infrastructure Transformation,Digital Inbound,Strategic Account Penetration,5575370,145
TCS-CMP-02266,CyberShield 360 - Healthcare,Industry Display & Media,2026-06-20,2026-06,16727,100379,734,28,13,4,1,0,0,0,Enterprise High-Value,Banking & Capital Markets,Europe & UK,Healthcare & Life Sciences Digital Labs,Digital Inbound,Brand Authority & MQLs,4854862,147
TCS-CMP-02267,Cognitive Ops 2.0 - Cloud,Industry Display & Media,2026-04-05,2026-04,43557,180657,1386,45,16,5,2,1,0,0,Emerging Tier / High-CAC,Retail & CPG,Nordics & Benelux,Cloud & Infrastructure Transformation,Digital Inbound,Pipeline Generation,1059400,55
TCS-CMP-02268,Cognitive Ops 2.0 - Cloud,LinkedIn Enterprise,2026-05-20,2026-05,25694,43336,1286,122,74,37,20,14,6,14230974,Emerging Tier / High-CAC,Banking & Capital Markets,APAC & Australia,Cloud & Infrastructure Transformation,Digital Inbound,Brand Authority & MQLs,2371829,48
TCS-CMP-02269,NextGen CX - Cloud,Executive Events & Roundtables,2026-07-19,2026-07,54113,37971,704,95,69,24,10,7,2,20161960,Strategic Growth Accounts,Manufacturing & Auto,India & Middle East,Cloud & Infrastructure Transformation,Experiential,Pipeline Generation,10080980,95
TCS-CMP-02270,CyberShield 360 - BFSI,Industry Display & Media,2026-01-02,2026-01,24250,197385,1600,56,20,5,2,1,0,0,Emerging Tier / High-CAC,Energy & Utilities,APAC & Australia,BFSI Core Modernization,Digital Inbound,Executive Engagement,1275191,98
TCS-CMP-02271,Global Horizon - BFSI,Account-Based Email,2026-03-03,2026-03,9335,12928,564,38,30,14,9,6,3,14868552,Strategic Growth Accounts,Retail & CPG,APAC & Australia,BFSI Core Modernization,Outbound ABM,Brand Authority & MQLs,4956184,79
TCS-CMP-02272,GenAI Catalyst - Cognitive,Executive Events & Roundtables,2025-12-25,2025-12,131059,162344,2571,379,297,85,37,22,6,69192240,Strategic Growth Accounts,Healthcare & Life Sciences,Nordics & Benelux,Cognitive AI & Enterprise Automation,Experiential,Executive Engagement,11532040,67
TCS-CMP-02273,BFSI Resiliency - BFSI,Google Search,2026-01-05,2026-01,58724,119472,3901,353,236,107,68,43,12,47236200,Strategic Growth Accounts,Telecom & Media,Nordics & Benelux,BFSI Core Modernization,Digital Inbound,Executive Engagement,3936350,135
TCS-CMP-02274,OmniCommerce Edge - Retail,Account-Based Email,2025-10-06,2025-10,26426,50012,2170,203,146,65,50,35,13,26810030,Emerging Tier / High-CAC,Telecom & Media,India & Middle East,Retail Omnichannel & Supply Chain,Outbound ABM,Pipeline Generation,2062310,94
TCS-CMP-02275,Sustainable Tech Suite - Cyber,LinkedIn Enterprise,2026-02-23,2026-02,38555,112210,2593,220,132,63,44,32,13,24712844,Emerging Tier / High-CAC,Energy & Utilities,North America,Cyber Defense & Risk Governance,Digital Inbound,Pipeline Generation,1900988,126
TCS-CMP-02276,Global Horizon - Cloud,Industry Display & Media,2026-06-27,2026-06,16041,138787,1089,39,19,5,2,1,0,0,Nurture / Mid-Market,Retail & CPG,Nordics & Benelux,Cloud & Infrastructure Transformation,Digital Inbound,Brand Authority & MQLs,1837318,55
TCS-CMP-02277,GenAI Catalyst - Cyber,Executive Events & Roundtables,2025-11-05,2025-11,64319,68730,1038,113,86,29,11,6,2,10639624,Nurture / Mid-Market,Retail & CPG,APAC & Australia,Cyber Defense & Risk Governance,Experiential,Brand Authority & MQLs,5319812,65
TCS-CMP-02278,Zero Trust Enterprise - Cyber,Google Search,2026-07-26,2026-07,43918,83731,3505,322,186,95,58,44,18,143675424,Enterprise High-Value,Telecom & Media,Nordics & Benelux,Cyber Defense & Risk Governance,Digital Inbound,Executive Engagement,7981968,123
TCS-CMP-02279,NextGen CX - BFSI,Industry Display & Media,2026-05-23,2026-05,46258,263167,2357,86,37,11,4,2,0,0,Nurture / Mid-Market,Manufacturing & Auto,India & Middle East,BFSI Core Modernization,Digital Inbound,Strategic Account Penetration,1745928,81
TCS-CMP-02280,SAP S/4 Hana Accelerated - Cyber,LinkedIn Enterprise,2026-02-04,2026-02,18858,44273,975,81,51,22,12,8,3,18135546,Strategic Growth Accounts,Healthcare & Life Sciences,North America,Cyber Defense & Risk Governance,Digital Inbound,Brand Authority & MQLs,6045182,97
TCS-CMP-02281,Zero Trust Enterprise - BFSI,Tech Analyst Webinars,2026-03-02,2026-03,38374,67258,1514,83,37,17,9,5,1,3340677,Strategic Growth Accounts,Energy & Utilities,North America,BFSI Core Modernization,Digital Inbound,Brand Authority & MQLs,3340677,132
TCS-CMP-02282,OmniCommerce Edge - Cyber,Google Search,2025-12-06,2025-12,22673,28290,1143,76,37,19,11,8,2,8884918,Strategic Growth Accounts,Banking & Capital Markets,Europe & UK,Cyber Defense & Risk Governance,Digital Inbound,Pipeline Generation,4442459,49
TCS-CMP-02283,BFSI Resiliency - Healthcare,Industry Display & Media,2026-04-08,2026-04,43738,223072,2346,76,35,10,4,2,1,2793879,Strategic Growth Accounts,Healthcare & Life Sciences,North America,Healthcare & Life Sciences Digital Labs,Digital Inbound,Executive Engagement,2793879,69
TCS-CMP-02284,SAP S/4 Hana Accelerated - Cloud,Industry Display & Media,2026-04-11,2026-04,21151,191595,1761,77,33,10,4,2,0,0,Emerging Tier / High-CAC,Retail & CPG,APAC & Australia,Cloud & Infrastructure Transformation,Digital Inbound,Brand Authority & MQLs,969591,52
TCS-CMP-02285,OmniCommerce Edge - BFSI,LinkedIn Enterprise,2026-08-13,2026-08,64652,103952,3343,358,258,111,67,47,19,87034896,Nurture / Mid-Market,Energy & Utilities,North America,BFSI Core Modernization,Digital Inbound,Executive Engagement,4580784,105
TCS-CMP-02286,Cognitive Ops 2.0 - Cyber,LinkedIn Enterprise,2026-06-07,2026-06,46443,99416,2464,228,132,56,34,28,10,71971720,Strategic Growth Accounts,Telecom & Media,Europe & UK,Cyber Defense & Risk Governance,Digital Inbound,Strategic Account Penetration,7197172,103
TCS-CMP-02287,Life Sciences DataHub - Cognitive,Industry Display & Media,2026-02-03,2026-02,29294,172280,1550,59,27,9,3,1,0,0,Strategic Growth Accounts,Manufacturing & Auto,North America,Cognitive AI & Enterprise Automation,Digital Inbound,Strategic Account Penetration,3443256,48
TCS-CMP-02288,Global Horizon - Healthcare,Google Search,2026-05-26,2026-05,49736,109516,4215,307,149,65,31,24,7,9256366,Emerging Tier / High-CAC,Retail & CPG,APAC & Australia,Healthcare & Life Sciences Digital Labs,Digital Inbound,Brand Authority & MQLs,1322338,112
TCS-CMP-02289,Global Horizon - Retail,Executive Events & Roundtables,2025-11-09,2025-11,115226,94404,1290,133,110,39,14,7,2,10904284,Nurture / Mid-Market,Banking & Capital Markets,Nordics & Benelux,Retail Omnichannel & Supply Chain,Experiential,Pipeline Generation,5452142,116
TCS-CMP-02290,Global Horizon - Healthcare,Google Search,2026-06-01,2026-06,65656,96418,3492,239,159,83,43,28,9,37439001,Strategic Growth Accounts,Banking & Capital Markets,Nordics & Benelux,Healthcare & Life Sciences Digital Labs,Digital Inbound,Pipeline Generation,4159889,131
TCS-CMP-02291,OmniCommerce Edge - Cognitive,Google Search,2025-10-05,2025-10,71738,147171,5451,388,186,73,44,25,8,21933512,Nurture / Mid-Market,Retail & CPG,Europe & UK,Cognitive AI & Enterprise Automation,Digital Inbound,Brand Authority & MQLs,2741689,57
TCS-CMP-02292,OmniCommerce Edge - Cloud,Google Search,2026-06-28,2026-06,50173,71616,2628,159,105,50,25,18,7,11979345,Emerging Tier / High-CAC,Retail & CPG,APAC & Australia,Cloud & Infrastructure Transformation,Digital Inbound,Brand Authority & MQLs,1711335,75
TCS-CMP-02293,Global Horizon - Healthcare,Google Search,2026-09-28,2026-09,28259,64557,2699,166,93,43,26,19,6,7910778,Emerging Tier / High-CAC,Manufacturing & Auto,India & Middle East,Healthcare & Life Sciences Digital Labs,Digital Inbound,Strategic Account Penetration,1318463,85
TCS-CMP-02294,NextGen CX - Cloud,Google Search,2026-05-08,2026-05,50126,121297,5665,394,236,114,61,35,14,50921360,Strategic Growth Accounts,Energy & Utilities,APAC & Australia,Cloud & Infrastructure Transformation,Digital Inbound,Executive Engagement,3637240,122
TCS-CMP-02295,OmniCommerce Edge - Retail,Google Search,2026-02-12,2026-02,73935,247378,8890,773,389,147,69,49,18,126241470,Enterprise High-Value,Manufacturing & Auto,North America,Retail Omnichannel & Supply Chain,Digital Inbound,Brand Authority & MQLs,7013415,201
TCS-CMP-02296,OmniCommerce Edge - Healthcare,Google Search,2025-12-06,2025-12,40548,72984,2448,218,115,43,21,14,6,21608214,Strategic Growth Accounts,Healthcare & Life Sciences,Europe & UK,Healthcare & Life Sciences Digital Labs,Digital Inbound,Pipeline Generation,3601369,119
TCS-CMP-02297,Cognitive Ops 2.0 - BFSI,Executive Events & Roundtables,2025-10-07,2025-10,122362,80154,1189,153,91,36,17,9,2,33009722,Enterprise High-Value,Healthcare & Life Sciences,Nordics & Benelux,BFSI Core Modernization,Experiential,Strategic Account Penetration,16504861,186
TCS-CMP-02298,NextGen CX - Cyber,Account-Based Email,2025-11-27,2025-11,19736,35665,1730,146,83,46,29,23,9,26543745,Nurture / Mid-Market,Retail & CPG,Europe & UK,Cyber Defense & Risk Governance,Outbound ABM,Brand Authority & MQLs,2949305,87
TCS-CMP-02299,NextGen CX - Retail,Executive Events & Roundtables,2025-10-18,2025-10,127599,74165,1166,151,89,35,14,8,3,48254967,Enterprise High-Value,Banking & Capital Markets,APAC & Australia,Retail Omnichannel & Supply Chain,Experiential,Brand Authority & MQLs,16084989,80
TCS-CMP-02300,OmniCommerce Edge - Healthcare,Executive Events & Roundtables,2026-04-24,2026-04,85563,76794,1420,182,113,43,20,10,3,33778746,Strategic Growth Accounts,Healthcare & Life Sciences,North America,Healthcare & Life Sciences Digital Labs,Experiential,Pipeline Generation,11259582,126
TCS-CMP-02301,GenAI Catalyst - Retail,Tech Analyst Webinars,2026-02-06,2026-02,36320,80222,1773,116,62,26,13,9,3,4237176,Emerging Tier / High-CAC,Manufacturing & Auto,Europe & UK,Retail Omnichannel & Supply Chain,Digital Inbound,Brand Authority & MQLs,1412392,67
TCS-CMP-02302,Sustainable Tech Suite - Cloud,Account-Based Email,2026-09-12,2026-09,11751,19585,881,74,54,26,18,12,5,27481785,Strategic Growth Accounts,Healthcare & Life Sciences,Nordics & Benelux,Cloud & Infrastructure Transformation,Outbound ABM,Pipeline Generation,5496357,51
TCS-CMP-02303,CyberShield 360 - Cyber,Account-Based Email,2026-03-14,2026-03,14701,38440,1324,88,68,37,22,15,8,60245216,Enterprise High-Value,Retail & CPG,Nordics & Benelux,Cyber Defense & Risk Governance,Outbound ABM,Executive Engagement,7530652,68
TCS-CMP-02304,Cognitive Ops 2.0 - BFSI,Industry Display & Media,2026-09-12,2026-09,33324,178274,1349,56,22,6,2,1,0,0,Enterprise High-Value,Telecom & Media,APAC & Australia,BFSI Core Modernization,Digital Inbound,Brand Authority & MQLs,4969317,96
TCS-CMP-02305,SAP S/4 Hana Accelerated - Healthcare,Tech Analyst Webinars,2026-03-17,2026-03,12117,23114,489,33,18,7,3,2,1,1524513,Emerging Tier / High-CAC,Healthcare & Life Sciences,Nordics & Benelux,Healthcare & Life Sciences Digital Labs,Digital Inbound,Strategic Account Penetration,1524513,60
TCS-CMP-02306,Global Horizon - Cognitive,Google Search,2026-01-22,2026-01,73861,154785,7022,522,251,89,55,32,13,37801621,Nurture / Mid-Market,Manufacturing & Auto,India & Middle East,Cognitive AI & Enterprise Automation,Digital Inbound,Strategic Account Penetration,2907817,102
TCS-CMP-02307,Sustainable Tech Suite - Cognitive,Account-Based Email,2026-09-13,2026-09,12961,15850,538,43,28,15,11,9,5,18599050,Nurture / Mid-Market,Telecom & Media,Nordics & Benelux,Cognitive AI & Enterprise Automation,Outbound ABM,Executive Engagement,3719810,62
TCS-CMP-02308,GenAI Catalyst - Cognitive,Industry Display & Media,2026-07-18,2026-07,25645,123107,1286,53,26,6,2,1,0,0,Strategic Growth Accounts,Retail & CPG,APAC & Australia,Cognitive AI & Enterprise Automation,Digital Inbound,Pipeline Generation,2799105,47
TCS-CMP-02309,Zero Trust Enterprise - Cloud,LinkedIn Enterprise,2026-09-28,2026-09,37677,62612,1995,196,114,58,33,22,7,26349876,Nurture / Mid-Market,Retail & CPG,Europe & UK,Cloud & Infrastructure Transformation,Digital Inbound,Strategic Account Penetration,3764268,108
TCS-CMP-02310,OmniCommerce Edge - Healthcare,Tech Analyst Webinars,2026-07-10,2026-07,31392,58862,1387,69,30,13,7,4,1,4362396,Strategic Growth Accounts,Banking & Capital Markets,North America,Healthcare & Life Sciences Digital Labs,Digital Inbound,Executive Engagement,4362396,109
TCS-CMP-02311,NextGen CX - Cognitive,Google Search,2026-05-23,2026-05,62856,134420,5093,323,219,114,59,37,8,19105696,Nurture / Mid-Market,Manufacturing & Auto,Nordics & Benelux,Cognitive AI & Enterprise Automation,Digital Inbound,Executive Engagement,2388212,107
TCS-CMP-02312,Sustainable Tech Suite - BFSI,Industry Display & Media,2026-06-04,2026-06,43937,181258,1755,48,24,7,3,2,0,0,Emerging Tier / High-CAC,Banking & Capital Markets,APAC & Australia,BFSI Core Modernization,Digital Inbound,Strategic Account Penetration,994557,80
TCS-CMP-02313,Cognitive Ops 2.0 - Healthcare,Industry Display & Media,2026-06-17,2026-06,17479,87979,766,33,13,3,1,0,0,0,Emerging Tier / High-CAC,Telecom & Media,North America,Healthcare & Life Sciences Digital Labs,Digital Inbound,Strategic Account Penetration,1254759,104
TCS-CMP-02314,BFSI Resiliency - Cloud,Industry Display & Media,2026-02-16,2026-02,32045,162693,1567,43,15,4,1,1,0,0,Nurture / Mid-Market,Retail & CPG,Nordics & Benelux,Cloud & Infrastructure Transformation,Digital Inbound,Brand Authority & MQLs,2173499,124
TCS-CMP-02315,Zero Trust Enterprise - Cloud,Account-Based Email,2026-01-05,2026-01,25569,41249,2163,226,136,67,50,44,18,108159570,Strategic Growth Accounts,Retail & CPG,India & Middle East,Cloud & Infrastructure Transformation,Outbound ABM,Strategic Account Penetration,6008865,62
TCS-CMP-02316,Zero Trust Enterprise - Cognitive,Tech Analyst Webinars,2026-04-04,2026-04,20609,28339,761,49,22,8,4,3,1,6564244,Enterprise High-Value,Healthcare & Life Sciences,APAC & Australia,Cognitive AI & Enterprise Automation,Digital Inbound,Executive Engagement,6564244,169
TCS-CMP-02317,Zero Trust Enterprise - BFSI,Account-Based Email,2026-01-28,2026-01,20323,35527,1756,139,94,60,43,32,16,30974080,Emerging Tier / High-CAC,Energy & Utilities,Nordics & Benelux,BFSI Core Modernization,Outbound ABM,Strategic Account Penetration,1935880,69
TCS-CMP-02318,Zero Trust Enterprise - BFSI,Tech Analyst Webinars,2026-07-12,2026-07,26300,47695,1191,76,39,16,9,5,1,5568350,Enterprise High-Value,Telecom & Media,Europe & UK,BFSI Core Modernization,Digital Inbound,Strategic Account Penetration,5568350,184
TCS-CMP-02319,Global Horizon - Cyber,Account-Based Email,2025-11-11,2025-11,8332,26340,1280,94,74,44,33,25,12,23169876,Emerging Tier / High-CAC,Manufacturing & Auto,APAC & Australia,Cyber Defense & Risk Governance,Outbound ABM,Strategic Account Penetration,1930823,129
TCS-CMP-02320,BFSI Resiliency - BFSI,Google Search,2026-05-10,2026-05,65842,142148,4771,374,191,87,57,41,10,28135670,Nurture / Mid-Market,Manufacturing & Auto,Nordics & Benelux,BFSI Core Modernization,Digital Inbound,Brand Authority & MQLs,2813567,99
TCS-CMP-02321,GenAI Catalyst - Cognitive,Executive Events & Roundtables,2026-06-11,2026-06,48672,48440,785,115,83,28,11,6,2,11169970,Nurture / Mid-Market,Telecom & Media,India & Middle East,Cognitive AI & Enterprise Automation,Experiential,Executive Engagement,5584985,99
TCS-CMP-02322,Cognitive Ops 2.0 - Healthcare,Tech Analyst Webinars,2025-12-09,2025-12,13590,24807,512,32,16,5,2,1,0,0,Nurture / Mid-Market,Energy & Utilities,India & Middle East,Healthcare & Life Sciences Digital Labs,Digital Inbound,Strategic Account Penetration,2210772,73
TCS-CMP-02323,Sustainable Tech Suite - BFSI,Tech Analyst Webinars,2026-06-19,2026-06,40534,65302,1656,115,57,23,11,7,2,4320462,Nurture / Mid-Market,Manufacturing & Auto,APAC & Australia,BFSI Core Modernization,Digital Inbound,Strategic Account Penetration,2160231,73
TCS-CMP-02324,OmniCommerce Edge - BFSI,Executive Events & Roundtables,2026-01-15,2026-01,76223,60854,740,73,61,17,8,4,1,11674035,Strategic Growth Accounts,Banking & Capital Markets,Nordics & Benelux,BFSI Core Modernization,Experiential,Pipeline Generation,11674035,63
TCS-CMP-02325,NextGen CX - BFSI,Account-Based Email,2025-10-10,2025-10,15023,47828,2366,239,189,112,73,46,15,85971525,Strategic Growth Accounts,Telecom & Media,North America,BFSI Core Modernization,Outbound ABM,Brand Authority & MQLs,5731435,86
TCS-CMP-02326,Zero Trust Enterprise - Cyber,Executive Events & Roundtables,2026-06-15,2026-06,125001,144321,2668,243,138,48,21,14,4,54801152,Enterprise High-Value,Healthcare & Life Sciences,North America,Cyber Defense & Risk Governance,Experiential,Brand Authority & MQLs,13700288,85
TCS-CMP-02327,Cognitive Ops 2.0 - BFSI,Executive Events & Roundtables,2026-04-22,2026-04,60407,53306,854,128,77,25,10,6,2,10486336,Nurture / Mid-Market,Banking & Capital Markets,India & Middle East,BFSI Core Modernization,Experiential,Brand Authority & MQLs,5243168,60
TCS-CMP-02328,CyberShield 360 - Cyber,Tech Analyst Webinars,2025-12-05,2025-12,40860,76326,1760,142,81,35,18,11,3,8327178,Nurture / Mid-Market,Manufacturing & Auto,India & Middle East,Cyber Defense & Risk Governance,Digital Inbound,Executive Engagement,2775726,97
TCS-CMP-02329,Zero Trust Enterprise - Cloud,Industry Display & Media,2025-10-27,2025-10,16633,102652,932,37,18,6,3,1,0,0,Nurture / Mid-Market,Retail & CPG,North America,Cloud & Infrastructure Transformation,Digital Inbound,Brand Authority & MQLs,1736886,61
TCS-CMP-02330,Zero Trust Enterprise - Healthcare,Executive Events & Roundtables,2025-12-08,2025-12,102590,100908,1372,147,100,41,16,10,2,7410060,Emerging Tier / High-CAC,Retail & CPG,Europe & UK,Healthcare & Life Sciences Digital Labs,Experiential,Executive Engagement,3705030,81
TCS-CMP-02331,Zero Trust Enterprise - Cognitive,Executive Events & Roundtables,2026-05-18,2026-05,124400,77920,1076,116,72,27,13,7,2,22205288,Strategic Growth Accounts,Energy & Utilities,North America,Cognitive AI & Enterprise Automation,Experiential,Brand Authority & MQLs,11102644,87
TCS-CMP-02332,CyberShield 360 - Cognitive,Account-Based Email,2026-02-21,2026-02,13364,31329,1420,127,89,46,34,30,11,59663582,Strategic Growth Accounts,Banking & Capital Markets,APAC & Australia,Cognitive AI & Enterprise Automation,Outbound ABM,Pipeline Generation,5423962,118
TCS-CMP-02333,BFSI Resiliency - Cloud,LinkedIn Enterprise,2025-11-05,2025-11,25477,50649,1429,154,89,42,23,20,7,14164997,Emerging Tier / High-CAC,Telecom & Media,APAC & Australia,Cloud & Infrastructure Transformation,Digital Inbound,Strategic Account Penetration,2023571,139
TCS-CMP-02334,SAP S/4 Hana Accelerated - Cloud,Executive Events & Roundtables,2026-09-24,2026-09,65055,51345,815,82,64,24,9,5,2,23071040,Strategic Growth Accounts,Retail & CPG,Europe & UK,Cloud & Infrastructure Transformation,Experiential,Pipeline Generation,11535520,135
TCS-CMP-02335,Sustainable Tech Suite - Retail,Account-Based Email,2026-07-03,2026-07,25829,41911,1465,115,72,35,20,15,5,8935955,Emerging Tier / High-CAC,Telecom & Media,Europe & UK,Retail Omnichannel & Supply Chain,Outbound ABM,Pipeline Generation,1787191,91
TCS-CMP-02336,GenAI Catalyst - Cognitive,Account-Based Email,2026-03-27,2026-03,15053,22724,1042,93,53,35,25,22,12,24595584,Emerging Tier / High-CAC,Energy & Utilities,North America,Cognitive AI & Enterprise Automation,Outbound ABM,Pipeline Generation,2049632,130
TCS-CMP-02337,Cognitive Ops 2.0 - Cognitive,Industry Display & Media,2026-05-15,2026-05,19660,115740,1212,35,15,4,2,1,0,0,Enterprise High-Value,Telecom & Media,APAC & Australia,Cognitive AI & Enterprise Automation,Digital Inbound,Executive Engagement,5467329,201
TCS-CMP-02338,Cognitive Ops 2.0 - BFSI,Executive Events & Roundtables,2026-09-10,2026-09,136424,95745,1666,160,123,51,18,11,2,28258260,Enterprise High-Value,Banking & Capital Markets,Europe & UK,BFSI Core Modernization,Experiential,Executive Engagement,14129130,73
TCS-CMP-02339,SAP S/4 Hana Accelerated - Cloud,Google Search,2026-01-09,2026-01,50114,131705,5586,397,187,78,38,24,10,41228820,Strategic Growth Accounts,Energy & Utilities,APAC & Australia,Cloud & Infrastructure Transformation,Digital Inbound,Pipeline Generation,4122882,129
TCS-CMP-02340,Cognitive Ops 2.0 - Cloud,LinkedIn Enterprise,2026-03-21,2026-03,62352,110470,3361,281,149,74,44,34,15,130297830,Enterprise High-Value,Retail & CPG,Nordics & Benelux,Cloud & Infrastructure Transformation,Digital Inbound,Brand Authority & MQLs,8686522,207
TCS-CMP-02341,Life Sciences DataHub - Cognitive,Industry Display & Media,2026-06-08,2026-06,39160,264556,2631,79,34,9,3,1,0,0,Enterprise High-Value,Manufacturing & Auto,India & Middle East,Cognitive AI & Enterprise Automation,Digital Inbound,Strategic Account Penetration,6045651,167
TCS-CMP-02342,Zero Trust Enterprise - Retail,Account-Based Email,2026-03-19,2026-03,10961,28057,972,83,56,32,23,18,9,56415780,Strategic Growth Accounts,Telecom & Media,Europe & UK,Retail Omnichannel & Supply Chain,Outbound ABM,Pipeline Generation,6268420,106
TCS-CMP-02343,Q1 Cloud Scale - Retail,Account-Based Email,2025-12-17,2025-12,16535,39960,1510,121,96,45,34,25,14,47615302,Nurture / Mid-Market,Healthcare & Life Sciences,APAC & Australia,Retail Omnichannel & Supply Chain,Outbound ABM,Brand Authority & MQLs,3401093,141
TCS-CMP-02344,Global Horizon - Cyber,Account-Based Email,2026-09-15,2026-09,20705,35027,1183,100,63,40,27,17,8,38501064,Strategic Growth Accounts,Telecom & Media,Nordics & Benelux,Cyber Defense & Risk Governance,Outbound ABM,Executive Engagement,4812633,97
TCS-CMP-02345,CyberShield 360 - Healthcare,Tech Analyst Webinars,2026-03-25,2026-03,31924,94633,2285,127,60,27,15,10,3,10797027,Strategic Growth Accounts,Energy & Utilities,APAC & Australia,Healthcare & Life Sciences Digital Labs,Digital Inbound,Brand Authority & MQLs,3599009,95
TCS-CMP-02346,SAP S/4 Hana Accelerated - Cyber,Google Search,2026-08-06,2026-08,46468,122009,4401,309,186,79,47,33,10,68001620,Enterprise High-Value,Manufacturing & Auto,Nordics & Benelux,Cyber Defense & Risk Governance,Digital Inbound,Strategic Account Penetration,6800162,90
TCS-CMP-02347,GenAI Catalyst - Healthcare,Industry Display & Media,2025-12-22,2025-12,34429,170774,1758,54,23,7,3,2,0,0,Enterprise High-Value,Banking & Capital Markets,Nordics & Benelux,Healthcare & Life Sciences Digital Labs,Digital Inbound,Executive Engagement,4489168,192
TCS-CMP-02348,Life Sciences DataHub - Cyber,Google Search,2026-08-21,2026-08,35102,79580,3705,344,192,94,57,40,16,37372064,Nurture / Mid-Market,Energy & Utilities,India & Middle East,Cyber Defense & Risk Governance,Digital Inbound,Pipeline Generation,2335754,139
TCS-CMP-02349,Life Sciences DataHub - Healthcare,Account-Based Email,2026-04-03,2026-04,17490,43440,1791,132,92,57,32,21,8,23577024,Nurture / Mid-Market,Manufacturing & Auto,North America,Healthcare & Life Sciences Digital Labs,Outbound ABM,Brand Authority & MQLs,2947128,102
TCS-CMP-02350,BFSI Resiliency - BFSI,Industry Display & Media,2026-06-08,2026-06,34094,166499,1469,55,20,6,3,1,0,0,Nurture / Mid-Market,Manufacturing & Auto,Nordics & Benelux,BFSI Core Modernization,Digital Inbound,Pipeline Generation,2294562,97
TCS-CMP-02351,BFSI Resiliency - Cyber,LinkedIn Enterprise,2026-02-19,2026-02,25422,33982,1093,97,55,33,23,20,6,15355632,Emerging Tier / High-CAC,Manufacturing & Auto,India & Middle East,Cyber Defense & Risk Governance,Digital Inbound,Brand Authority & MQLs,2559272,101
TCS-CMP-02352,Cognitive Ops 2.0 - Retail,Industry Display & Media,2026-01-09,2026-01,38419,260886,2217,86,31,10,4,2,1,2109510,Nurture / Mid-Market,Healthcare & Life Sciences,Nordics & Benelux,Retail Omnichannel & Supply Chain,Digital Inbound,Brand Authority & MQLs,2109510,136
TCS-CMP-02353,Global Horizon - Cloud,Executive Events & Roundtables,2026-02-23,2026-02,95888,92579,1257,157,91,29,14,8,2,35203540,Enterprise High-Value,Banking & Capital Markets,North America,Cloud & Infrastructure Transformation,Experiential,Strategic Account Penetration,17601770,130
TCS-CMP-02354,Life Sciences DataHub - Cloud,Industry Display & Media,2025-10-16,2025-10,48474,251622,2684,91,41,11,4,2,0,0,Strategic Growth Accounts,Banking & Capital Markets,Europe & UK,Cloud & Infrastructure Transformation,Digital Inbound,Pipeline Generation,2763395,100
TCS-CMP-02355,OmniCommerce Edge - Cognitive,Executive Events & Roundtables,2025-10-20,2025-10,59627,42276,730,100,75,31,16,8,2,5875482,Emerging Tier / High-CAC,Healthcare & Life Sciences,India & Middle East,Cognitive AI & Enterprise Automation,Experiential,Executive Engagement,2937741,103
TCS-CMP-02356,BFSI Resiliency - Healthcare,Google Search,2026-02-21,2026-02,27936,56671,2273,149,83,33,18,13,5,6132130,Emerging Tier / High-CAC,Banking & Capital Markets,Nordics & Benelux,Healthcare & Life Sciences Digital Labs,Digital Inbound,Strategic Account Penetration,1226426,59
TCS-CMP-02357,Life Sciences DataHub - Cognitive,Account-Based Email,2025-12-02,2025-12,8508,15473,808,69,53,30,17,11,5,31877475,Strategic Growth Accounts,Energy & Utilities,India & Middle East,Cognitive AI & Enterprise Automation,Outbound ABM,Strategic Account Penetration,6375495,65
TCS-CMP-02358,OmniCommerce Edge - BFSI,LinkedIn Enterprise,2026-09-03,2026-09,60019,109869,2599,205,113,49,26,16,7,26007450,Nurture / Mid-Market,Retail & CPG,APAC & Australia,BFSI Core Modernization,Digital Inbound,Pipeline Generation,3715350,62
TCS-CMP-02359,GenAI Catalyst - Retail,Industry Display & Media,2026-06-11,2026-06,39664,191808,1711,67,33,10,5,3,1,5956870,Enterprise High-Value,Energy & Utilities,Europe & UK,Retail Omnichannel & Supply Chain,Digital Inbound,Brand Authority & MQLs,5956870,107
TCS-CMP-02360,Cognitive Ops 2.0 - Retail,Account-Based Email,2026-07-17,2026-07,22984,39622,2005,179,136,65,39,30,12,71592108,Strategic Growth Accounts,Telecom & Media,APAC & Australia,Retail Omnichannel & Supply Chain,Outbound ABM,Executive Engagement,5966009,99
TCS-CMP-02361,Q1 Cloud Scale - Cloud,LinkedIn Enterprise,2025-12-23,2025-12,60510,127003,3860,429,258,140,91,73,20,36846720,Emerging Tier / High-CAC,Energy & Utilities,North America,Cloud & Infrastructure Transformation,Digital Inbound,Pipeline Generation,1842336,129
TCS-CMP-02362,Cognitive Ops 2.0 - Cognitive,Industry Display & Media,2026-04-19,2026-04,26268,124336,1275,40,18,6,3,1,0,0,Emerging Tier / High-CAC,Telecom & Media,Europe & UK,Cognitive AI & Enterprise Automation,Digital Inbound,Executive Engagement,1287165,70
TCS-CMP-02363,Cognitive Ops 2.0 - Retail,Industry Display & Media,2026-02-28,2026-02,27440,236206,1790,64,24,7,3,2,0,0,Nurture / Mid-Market,Banking & Capital Markets,North America,Retail Omnichannel & Supply Chain,Digital Inbound,Executive Engagement,1708060,117
TCS-CMP-02364,BFSI Resiliency - Retail,Tech Analyst Webinars,2026-05-11,2026-05,21469,50740,1140,78,44,15,8,5,1,3858839,Strategic Growth Accounts,Banking & Capital Markets,Nordics & Benelux,Retail Omnichannel & Supply Chain,Digital Inbound,Executive Engagement,3858839,62
TCS-CMP-02365,BFSI Resiliency - Cognitive,Account-Based Email,2025-10-09,2025-10,25766,59831,2968,295,183,113,62,40,15,94702650,Strategic Growth Accounts,Retail & CPG,Europe & UK,Cognitive AI & Enterprise Automation,Outbound ABM,Pipeline Generation,6313510,84
TCS-CMP-02366,Global Horizon - BFSI,Executive Events & Roundtables,2026-03-06,2026-03,134083,167453,2749,294,197,68,29,14,4,68528120,Enterprise High-Value,Healthcare & Life Sciences,Europe & UK,BFSI Core Modernization,Experiential,Pipeline Generation,17132030,105
TCS-CMP-02367,NextGen CX - Cognitive,Industry Display & Media,2026-02-24,2026-02,17878,108221,1065,31,12,3,1,1,0,0,Enterprise High-Value,Healthcare & Life Sciences,Europe & UK,Cognitive AI & Enterprise Automation,Digital Inbound,Strategic Account Penetration,5142047,123
TCS-CMP-02368,Cognitive Ops 2.0 - Retail,LinkedIn Enterprise,2026-06-03,2026-06,63322,121182,3596,366,208,98,65,51,19,163290883,Enterprise High-Value,Banking & Capital Markets,Europe & UK,Retail Omnichannel & Supply Chain,Digital Inbound,Executive Engagement,8594257,187
TCS-CMP-02369,CyberShield 360 - Cloud,LinkedIn Enterprise,2026-03-28,2026-03,18874,23915,671,65,50,28,20,15,6,15527352,Emerging Tier / High-CAC,Banking & Capital Markets,India & Middle East,Cloud & Infrastructure Transformation,Digital Inbound,Strategic Account Penetration,2587892,121
TCS-CMP-02370,NextGen CX - Retail,Executive Events & Roundtables,2025-11-16,2025-11,81047,59370,903,134,92,36,16,9,3,29931477,Strategic Growth Accounts,Retail & CPG,APAC & Australia,Retail Omnichannel & Supply Chain,Experiential,Pipeline Generation,9977159,78
TCS-CMP-02371,Life Sciences DataHub - BFSI,Google Search,2026-08-23,2026-08,24013,62729,2024,124,68,36,17,12,5,30320925,Enterprise High-Value,Banking & Capital Markets,Europe & UK,BFSI Core Modernization,Digital Inbound,Brand Authority & MQLs,6064185,119
TCS-CMP-02372,Q1 Cloud Scale - Cyber,LinkedIn Enterprise,2025-12-16,2025-12,37962,59171,1348,124,77,47,28,18,8,90252936,Enterprise High-Value,Energy & Utilities,North America,Cyber Defense & Risk Governance,Digital Inbound,Executive Engagement,11281617,178
TCS-CMP-02373,Sustainable Tech Suite - Cyber,Account-Based Email,2026-02-25,2026-02,8364,20351,831,74,42,25,17,15,7,27190870,Nurture / Mid-Market,Banking & Capital Markets,Europe & UK,Cyber Defense & Risk Governance,Outbound ABM,Strategic Account Penetration,3884410,64
TCS-CMP-02374,BFSI Resiliency - Cognitive,Google Search,2025-10-24,2025-10,71508,103553,4349,283,183,92,59,39,12,78491940,Enterprise High-Value,Banking & Capital Markets,Europe & UK,Cognitive AI & Enterprise Automation,Digital Inbound,Brand Authority & MQLs,6540995,90
TCS-CMP-02375,NextGen CX - Healthcare,Google Search,2025-12-11,2025-12,67595,161329,5275,356,225,89,51,31,12,44962956,Strategic Growth Accounts,Healthcare & Life Sciences,Nordics & Benelux,Healthcare & Life Sciences Digital Labs,Digital Inbound,Brand Authority & MQLs,3746913,115
TCS-CMP-02376,BFSI Resiliency - BFSI,Account-Based Email,2026-05-12,2026-05,26382,38946,1942,153,123,67,47,38,15,139441260,Enterprise High-Value,Telecom & Media,India & Middle East,BFSI Core Modernization,Outbound ABM,Executive Engagement,9296084,105
TCS-CMP-02377,OmniCommerce Edge - Retail,Account-Based Email,2026-01-10,2026-01,22633,34533,1529,106,64,30,21,16,6,17594412,Nurture / Mid-Market,Retail & CPG,Europe & UK,Retail Omnichannel & Supply Chain,Outbound ABM,Pipeline Generation,2932402,69
TCS-CMP-02378,BFSI Resiliency - Cognitive,Executive Events & Roundtables,2026-01-04,2026-01,96695,104243,1379,150,93,39,19,12,4,14311820,Emerging Tier / High-CAC,Retail & CPG,APAC & Australia,Cognitive AI & Enterprise Automation,Experiential,Strategic Account Penetration,3577955,95
TCS-CMP-02379,SAP S/4 Hana Accelerated - BFSI,Google Search,2025-10-23,2025-10,58211,156175,5522,500,309,129,77,58,24,31336512,Emerging Tier / High-CAC,Energy & Utilities,Nordics & Benelux,BFSI Core Modernization,Digital Inbound,Strategic Account Penetration,1305688,57
TCS-CMP-02380,NextGen CX - BFSI,Tech Analyst Webinars,2026-01-17,2026-01,24210,32546,747,38,21,8,4,2,0,0,Enterprise High-Value,Manufacturing & Auto,Nordics & Benelux,BFSI Core Modernization,Digital Inbound,Brand Authority & MQLs,5675709,79
TCS-CMP-02381,Global Horizon - Retail,Executive Events & Roundtables,2025-10-24,2025-10,118765,113406,1721,233,164,65,24,11,3,12087009,Emerging Tier / High-CAC,Banking & Capital Markets,Europe & UK,Retail Omnichannel & Supply Chain,Experiential,Executive Engagement,4029003,128
TCS-CMP-02382,Zero Trust Enterprise - Healthcare,Executive Events & Roundtables,2026-08-25,2026-08,60747,57224,864,116,88,35,15,8,3,27664746,Strategic Growth Accounts,Healthcare & Life Sciences,India & Middle East,Healthcare & Life Sciences Digital Labs,Experiential,Pipeline Generation,9221582,56
TCS-CMP-02383,Q1 Cloud Scale - Healthcare,Account-Based Email,2026-02-14,2026-02,9442,16113,804,55,39,24,15,13,6,22246266,Nurture / Mid-Market,Energy & Utilities,Europe & UK,Healthcare & Life Sciences Digital Labs,Outbound ABM,Brand Authority & MQLs,3707711,128
TCS-CMP-02384,GenAI Catalyst - Retail,Executive Events & Roundtables,2026-03-11,2026-03,130431,144767,1979,222,134,47,18,11,3,9840489,Emerging Tier / High-CAC,Telecom & Media,Nordics & Benelux,Retail Omnichannel & Supply Chain,Experiential,Pipeline Generation,3280163,72
TCS-CMP-02385,Global Horizon - Cyber,Google Search,2026-06-26,2026-06,63268,108694,3471,204,105,51,32,18,6,8391474,Emerging Tier / High-CAC,Manufacturing & Auto,APAC & Australia,Cyber Defense & Risk Governance,Digital Inbound,Pipeline Generation,1398579,49
TCS-CMP-02386,Sustainable Tech Suite - BFSI,Google Search,2026-04-26,2026-04,70106,181656,5755,447,264,130,83,63,20,58992480,Nurture / Mid-Market,Energy & Utilities,APAC & Australia,BFSI Core Modernization,Digital Inbound,Executive Engagement,2949624,91
TCS-CMP-02387,Sustainable Tech Suite - Retail,Tech Analyst Webinars,2026-09-04,2026-09,29949,44677,1203,77,37,16,9,6,2,4749242,Nurture / Mid-Market,Telecom & Media,Europe & UK,Retail Omnichannel & Supply Chain,Digital Inbound,Executive Engagement,2374621,120
TCS-CMP-02388,Zero Trust Enterprise - Cloud,Google Search,2026-02-25,2026-02,50478,94426,3713,293,146,60,30,20,6,23302488,Strategic Growth Accounts,Energy & Utilities,APAC & Australia,Cloud & Infrastructure Transformation,Digital Inbound,Strategic Account Penetration,3883748,47
TCS-CMP-02389,BFSI Resiliency - Retail,Industry Display & Media,2026-09-11,2026-09,19504,158655,1282,35,15,3,1,1,0,0,Strategic Growth Accounts,Telecom & Media,Nordics & Benelux,Retail Omnichannel & Supply Chain,Digital Inbound,Strategic Account Penetration,3716640,100
TCS-CMP-02390,NextGen CX - Healthcare,Tech Analyst Webinars,2026-08-17,2026-08,27063,55203,1264,86,45,17,8,6,2,8941018,Strategic Growth Accounts,Banking & Capital Markets,APAC & Australia,Healthcare & Life Sciences Digital Labs,Digital Inbound,Executive Engagement,4470509,122
TCS-CMP-02391,Global Horizon - Cloud,Executive Events & Roundtables,2026-08-08,2026-08,70232,69070,970,139,92,28,12,7,1,8624072,Strategic Growth Accounts,Manufacturing & Auto,Europe & UK,Cloud & Infrastructure Transformation,Experiential,Pipeline Generation,8624072,98
TCS-CMP-02392,Zero Trust Enterprise - Cognitive,Industry Display & Media,2026-03-01,2026-03,35598,256000,2426,90,30,7,3,2,1,2784737,Strategic Growth Accounts,Banking & Capital Markets,North America,Cognitive AI & Enterprise Automation,Digital Inbound,Executive Engagement,2784737,56
TCS-CMP-02393,Cognitive Ops 2.0 - Healthcare,Account-Based Email,2026-02-05,2026-02,13368,23569,1103,72,58,28,22,15,5,27090700,Strategic Growth Accounts,Energy & Utilities,India & Middle East,Healthcare & Life Sciences Digital Labs,Outbound ABM,Brand Authority & MQLs,5418140,79
TCS-CMP-02394,Life Sciences DataHub - Cloud,LinkedIn Enterprise,2026-05-03,2026-05,50067,97855,2757,194,138,77,56,42,16,187672528,Enterprise High-Value,Manufacturing & Auto,North America,Cloud & Infrastructure Transformation,Digital Inbound,Brand Authority & MQLs,11729533,119
TCS-CMP-02395,NextGen CX - Cognitive,Tech Analyst Webinars,2026-02-19,2026-02,31000,45083,1236,78,46,20,10,6,2,10743962,Enterprise High-Value,Manufacturing & Auto,Europe & UK,Cognitive AI & Enterprise Automation,Digital Inbound,Strategic Account Penetration,5371981,179
TCS-CMP-02396,Q1 Cloud Scale - BFSI,Account-Based Email,2026-06-20,2026-06,22191,31429,1135,102,74,35,24,20,11,17889421,Emerging Tier / High-CAC,Telecom & Media,APAC & Australia,BFSI Core Modernization,Outbound ABM,Pipeline Generation,1626311,55
TCS-CMP-02397,NextGen CX - BFSI,Executive Events & Roundtables,2025-11-01,2025-11,94064,70371,1231,183,122,50,23,11,3,10996863,Emerging Tier / High-CAC,Manufacturing & Auto,Europe & UK,BFSI Core Modernization,Experiential,Executive Engagement,3665621,97
TCS-CMP-02398,Global Horizon - Retail,Tech Analyst Webinars,2026-01-19,2026-01,17511,32636,703,37,21,9,5,3,1,3395331,Strategic Growth Accounts,Retail & CPG,North America,Retail Omnichannel & Supply Chain,Digital Inbound,Strategic Account Penetration,3395331,127
TCS-CMP-02399,Life Sciences DataHub - BFSI,Executive Events & Roundtables,2025-10-06,2025-10,52148,29140,455,41,25,10,4,2,1,3316219,Emerging Tier / High-CAC,Banking & Capital Markets,Europe & UK,BFSI Core Modernization,Experiential,Strategic Account Penetration,3316219,45
TCS-CMP-02400,Life Sciences DataHub - Cognitive,Account-Based Email,2026-09-11,2026-09,13867,20942,1070,86,57,36,28,25,12,76332948,Strategic Growth Accounts,Retail & CPG,Nordics & Benelux,Cognitive AI & Enterprise Automation,Outbound ABM,Strategic Account Penetration,6361079,81
TCS-CMP-02401,BFSI Resiliency - BFSI,Industry Display & Media,2026-07-27,2026-07,17910,123662,971,27,10,3,1,0,0,0,Strategic Growth Accounts,Healthcare & Life Sciences,APAC & Australia,BFSI Core Modernization,Digital Inbound,Pipeline Generation,3044249,64
TCS-CMP-02402,Life Sciences DataHub - Cognitive,LinkedIn Enterprise,2026-03-21,2026-03,49191,96642,2401,168,100,51,29,20,6,26657502,Nurture / Mid-Market,Telecom & Media,India & Middle East,Cognitive AI & Enterprise Automation,Digital Inbound,Strategic Account Penetration,4442917,75
TCS-CMP-02403,Q1 Cloud Scale - Healthcare,Executive Events & Roundtables,2026-05-27,2026-05,59936,50385,648,85,61,21,10,5,2,27096446,Enterprise High-Value,Telecom & Media,Europe & UK,Healthcare & Life Sciences Digital Labs,Experiential,Brand Authority & MQLs,13548223,150
TCS-CMP-02404,SAP S/4 Hana Accelerated - Cognitive,Google Search,2026-07-26,2026-07,69134,136536,5602,505,297,138,83,54,14,91669676,Enterprise High-Value,Healthcare & Life Sciences,Europe & UK,Cognitive AI & Enterprise Automation,Digital Inbound,Executive Engagement,6547834,118
TCS-CMP-02405,Life Sciences DataHub - BFSI,Executive Events & Roundtables,2026-06-04,2026-06,48046,51594,675,89,74,23,10,7,2,36921878,Enterprise High-Value,Telecom & Media,India & Middle East,BFSI Core Modernization,Experiential,Brand Authority & MQLs,18460939,119
TCS-CMP-02406,NextGen CX - Cognitive,Industry Display & Media,2025-12-14,2025-12,34085,162860,1494,50,19,5,2,1,0,0,Nurture / Mid-Market,Manufacturing & Auto,APAC & Australia,Cognitive AI & Enterprise Automation,Digital Inbound,Pipeline Generation,1899967,83
TCS-CMP-02407,Life Sciences DataHub - Healthcare,Industry Display & Media,2026-01-02,2026-01,34909,240920,2526,100,37,10,3,2,0,0,Emerging Tier / High-CAC,Manufacturing & Auto,North America,Healthcare & Life Sciences Digital Labs,Digital Inbound,Brand Authority & MQLs,1244460,128
TCS-CMP-02408,GenAI Catalyst - Cognitive,Industry Display & Media,2026-04-19,2026-04,24272,154863,1546,51,25,8,3,1,0,0,Enterprise High-Value,Retail & CPG,India & Middle East,Cognitive AI & Enterprise Automation,Digital Inbound,Brand Authority & MQLs,5114879,161
TCS-CMP-02409,Zero Trust Enterprise - Cyber,Account-Based Email,2026-03-14,2026-03,12436,27856,1126,83,45,30,23,19,7,71091538,Enterprise High-Value,Telecom & Media,India & Middle East,Cyber Defense & Risk Governance,Outbound ABM,Executive Engagement,10155934,191
TCS-CMP-02410,NextGen CX - Retail,Executive Events & Roundtables,2026-09-05,2026-09,136741,142873,2645,243,169,49,18,10,3,46170579,Enterprise High-Value,Banking & Capital Markets,Nordics & Benelux,Retail Omnichannel & Supply Chain,Experiential,Executive Engagement,15390193,108
TCS-CMP-02411,Q1 Cloud Scale - Cognitive,Google Search,2026-07-12,2026-07,25485,43520,1802,147,90,45,23,17,6,37095024,Enterprise High-Value,Energy & Utilities,Europe & UK,Cognitive AI & Enterprise Automation,Digital Inbound,Strategic Account Penetration,6182504,198
TCS-CMP-02412,Zero Trust Enterprise - Cloud,Tech Analyst Webinars,2026-07-13,2026-07,29565,68252,1395,102,52,21,12,6,2,5348278,Nurture / Mid-Market,Retail & CPG,North America,Cloud & Infrastructure Transformation,Digital Inbound,Strategic Account Penetration,2674139,130
TCS-CMP-02413,SAP S/4 Hana Accelerated - Cognitive,Executive Events & Roundtables,2026-05-10,2026-05,128111,107172,1845,183,150,49,21,11,3,9868125,Emerging Tier / High-CAC,Telecom & Media,Nordics & Benelux,Cognitive AI & Enterprise Automation,Experiential,Strategic Account Penetration,3289375,93
TCS-CMP-02414,SAP S/4 Hana Accelerated - BFSI,Executive Events & Roundtables,2026-06-03,2026-06,83052,49187,918,117,78,31,14,7,2,7888684,Emerging Tier / High-CAC,Banking & Capital Markets,Europe & UK,BFSI Core Modernization,Experiential,Pipeline Generation,3944342,89
TCS-CMP-02415,Zero Trust Enterprise - Cyber,Tech Analyst Webinars,2026-08-06,2026-08,25661,55871,1328,95,50,19,8,5,1,1465703,Emerging Tier / High-CAC,Manufacturing & Auto,North America,Cyber Defense & Risk Governance,Digital Inbound,Strategic Account Penetration,1465703,130
TCS-CMP-02416,Cognitive Ops 2.0 - Retail,Tech Analyst Webinars,2025-12-15,2025-12,29086,77224,1909,118,57,23,13,8,2,8964006,Strategic Growth Accounts,Energy & Utilities,North America,Retail Omnichannel & Supply Chain,Digital Inbound,Executive Engagement,4482003,133
TCS-CMP-02417,Cognitive Ops 2.0 - Healthcare,LinkedIn Enterprise,2025-11-22,2025-11,59715,129086,2927,223,136,62,38,28,11,59862847,Strategic Growth Accounts,Telecom & Media,India & Middle East,Healthcare & Life Sciences Digital Labs,Digital Inbound,Executive Engagement,5442077,98
TCS-CMP-02418,Zero Trust Enterprise - BFSI,Google Search,2026-03-12,2026-03,70370,119129,5376,395,207,96,60,38,11,87161954,Enterprise High-Value,Manufacturing & Auto,Europe & UK,BFSI Core Modernization,Digital Inbound,Pipeline Generation,7923814,106
TCS-CMP-02419,Zero Trust Enterprise - Cyber,Google Search,2026-06-13,2026-06,23398,45030,1676,138,75,35,20,12,3,22528851,Enterprise High-Value,Manufacturing & Auto,Nordics & Benelux,Cyber Defense & Risk Governance,Digital Inbound,Brand Authority & MQLs,7509617,206
TCS-CMP-02420,NextGen CX - Healthcare,Account-Based Email,2026-03-09,2026-03,18705,45167,2037,133,108,60,36,29,9,90230013,Enterprise High-Value,Energy & Utilities,APAC & Australia,Healthcare & Life Sciences Digital Labs,Outbound ABM,Executive Engagement,10025557,139
TCS-CMP-02421,OmniCommerce Edge - Cloud,Tech Analyst Webinars,2026-07-18,2026-07,34626,69126,1583,99,56,23,11,7,2,10779960,Enterprise High-Value,Energy & Utilities,India & Middle East,Cloud & Infrastructure Transformation,Digital Inbound,Brand Authority & MQLs,5389980,196
TCS-CMP-02422,Life Sciences DataHub - Cyber,Executive Events & Roundtables,2026-09-28,2026-09,134459,79936,1085,155,113,39,20,13,4,22735292,Nurture / Mid-Market,Banking & Capital Markets,APAC & Australia,Cyber Defense & Risk Governance,Experiential,Pipeline Generation,5683823,130
TCS-CMP-02423,OmniCommerce Edge - Retail,Tech Analyst Webinars,2026-09-01,2026-09,30701,86111,1828,90,52,21,12,6,2,7973914,Strategic Growth Accounts,Manufacturing & Auto,North America,Retail Omnichannel & Supply Chain,Digital Inbound,Brand Authority & MQLs,3986957,118
TCS-CMP-02424,SAP S/4 Hana Accelerated - BFSI,Tech Analyst Webinars,2026-04-20,2026-04,25929,64492,1678,88,51,23,10,7,2,4229584,Nurture / Mid-Market,Energy & Utilities,Nordics & Benelux,BFSI Core Modernization,Digital Inbound,Pipeline Generation,2114792,95
TCS-CMP-02425,GenAI Catalyst - Cloud,Google Search,2026-08-08,2026-08,31810,94200,3311,271,164,79,46,32,9,26016624,Nurture / Mid-Market,Energy & Utilities,India & Middle East,Cloud & Infrastructure Transformation,Digital Inbound,Pipeline Generation,2890736,101
TCS-CMP-02426,Zero Trust Enterprise - BFSI,Industry Display & Media,2026-06-28,2026-06,45216,263691,2245,74,34,9,4,2,1,1977256,Nurture / Mid-Market,Manufacturing & Auto,APAC & Australia,BFSI Core Modernization,Digital Inbound,Strategic Account Penetration,1977256,101
TCS-CMP-02427,NextGen CX - Cyber,Executive Events & Roundtables,2025-12-19,2025-12,120673,153211,2489,327,241,99,40,25,6,40422078,Nurture / Mid-Market,Healthcare & Life Sciences,Nordics & Benelux,Cyber Defense & Risk Governance,Experiential,Executive Engagement,6737013,73
TCS-CMP-02428,OmniCommerce Edge - BFSI,Executive Events & Roundtables,2025-12-12,2025-12,56228,34346,550,76,56,23,10,5,1,5350261,Nurture / Mid-Market,Banking & Capital Markets,Nordics & Benelux,BFSI Core Modernization,Experiential,Strategic Account Penetration,5350261,97
TCS-CMP-02429,GenAI Catalyst - Retail,Industry Display & Media,2026-08-06,2026-08,30001,139035,1091,44,16,5,2,1,0,0,Strategic Growth Accounts,Banking & Capital Markets,APAC & Australia,Retail Omnichannel & Supply Chain,Digital Inbound,Strategic Account Penetration,3686096,86
TCS-CMP-02430,GenAI Catalyst - Cognitive,Tech Analyst Webinars,2026-07-28,2026-07,13815,42485,772,39,24,10,5,3,1,2776838,Nurture / Mid-Market,Retail & CPG,North America,Cognitive AI & Enterprise Automation,Digital Inbound,Executive Engagement,2776838,119
TCS-CMP-02431,Global Horizon - Healthcare,Tech Analyst Webinars,2025-12-10,2025-12,33811,54881,1262,63,39,15,7,4,1,3751401,Strategic Growth Accounts,Healthcare & Life Sciences,North America,Healthcare & Life Sciences Digital Labs,Digital Inbound,Executive Engagement,3751401,137
TCS-CMP-02432,Cognitive Ops 2.0 - Cognitive,Google Search,2025-10-12,2025-10,56643,114915,3727,299,181,85,40,22,5,7231850,Emerging Tier / High-CAC,Healthcare & Life Sciences,India & Middle East,Cognitive AI & Enterprise Automation,Digital Inbound,Executive Engagement,1446370,93
TCS-CMP-02433,Global Horizon - BFSI,Executive Events & Roundtables,2026-09-05,2026-09,126695,74312,1386,201,165,61,31,18,5,28202140,Nurture / Mid-Market,Banking & Capital Markets,Europe & UK,BFSI Core Modernization,Experiential,Executive Engagement,5640428,50
TCS-CMP-02434,Q1 Cloud Scale - BFSI,Tech Analyst Webinars,2026-03-06,2026-03,41151,102052,2275,144,88,38,17,9,2,2795288,Emerging Tier / High-CAC,Manufacturing & Auto,APAC & Australia,BFSI Core Modernization,Digital Inbound,Pipeline Generation,1397644,75
TCS-CMP-02435,BFSI Resiliency - Cloud,Google Search,2026-08-19,2026-08,65587,142204,6076,424,239,95,50,32,9,32990823,Strategic Growth Accounts,Healthcare & Life Sciences,APAC & Australia,Cloud & Infrastructure Transformation,Digital Inbound,Pipeline Generation,3665647,54
TCS-CMP-02436,Q1 Cloud Scale - Retail,Account-Based Email,2026-01-24,2026-01,8079,14661,534,47,32,17,12,10,4,36208876,Enterprise High-Value,Telecom & Media,Nordics & Benelux,Retail Omnichannel & Supply Chain,Outbound ABM,Executive Engagement,9052219,179
TCS-CMP-02437,GenAI Catalyst - BFSI,Tech Analyst Webinars,2026-01-02,2026-01,17445,36423,884,52,22,10,5,4,1,5621987,Enterprise High-Value,Manufacturing & Auto,India & Middle East,BFSI Core Modernization,Digital Inbound,Brand Authority & MQLs,5621987,168
TCS-CMP-02438,NextGen CX - Cloud,Google Search,2026-05-08,2026-05,56869,113493,3918,328,223,79,37,26,6,17738142,Nurture / Mid-Market,Banking & Capital Markets,North America,Cloud & Infrastructure Transformation,Digital Inbound,Brand Authority & MQLs,2956357,89
TCS-CMP-02439,OmniCommerce Edge - Retail,Executive Events & Roundtables,2026-01-26,2026-01,89077,87557,1130,135,86,30,12,6,2,14382034,Nurture / Mid-Market,Telecom & Media,APAC & Australia,Retail Omnichannel & Supply Chain,Experiential,Strategic Account Penetration,7191017,115
TCS-CMP-02440,Sustainable Tech Suite - Retail,LinkedIn Enterprise,2026-04-14,2026-04,26369,55719,1733,150,95,40,23,18,8,47376816,Strategic Growth Accounts,Telecom & Media,Nordics & Benelux,Retail Omnichannel & Supply Chain,Digital Inbound,Executive Engagement,5922102,65
TCS-CMP-02441,CyberShield 360 - Healthcare,Account-Based Email,2026-08-17,2026-08,23987,40557,1702,136,99,52,31,23,11,89998271,Enterprise High-Value,Energy & Utilities,India & Middle East,Healthcare & Life Sciences Digital Labs,Outbound ABM,Strategic Account Penetration,8181661,169
TCS-CMP-02442,Q1 Cloud Scale - Cyber,Industry Display & Media,2026-02-16,2026-02,45185,305887,3165,126,62,20,8,4,1,1700869,Nurture / Mid-Market,Healthcare & Life Sciences,APAC & Australia,Cyber Defense & Risk Governance,Digital Inbound,Brand Authority & MQLs,1700869,137
TCS-CMP-02443,CyberShield 360 - Cognitive,Industry Display & Media,2025-12-27,2025-12,49917,437448,4389,130,51,12,5,2,1,1271399,Emerging Tier / High-CAC,Retail & CPG,North America,Cognitive AI & Enterprise Automation,Digital Inbound,Pipeline Generation,1271399,111
TCS-CMP-02444,Sustainable Tech Suite - Retail,Executive Events & Roundtables,2026-06-12,2026-06,131417,93532,1744,162,101,40,15,9,3,44386995,Enterprise High-Value,Manufacturing & Auto,India & Middle East,Retail Omnichannel & Supply Chain,Experiential,Strategic Account Penetration,14795665,102
TCS-CMP-02445,Zero Trust Enterprise - Retail,Industry Display & Media,2026-06-01,2026-06,40120,244555,2510,67,31,8,3,2,1,1069148,Emerging Tier / High-CAC,Telecom & Media,India & Middle East,Retail Omnichannel & Supply Chain,Digital Inbound,Strategic Account Penetration,1069148,52
TCS-CMP-02446,NextGen CX - Healthcare,Tech Analyst Webinars,2026-04-13,2026-04,20153,41647,1024,62,34,14,7,4,2,13957558,Enterprise High-Value,Energy & Utilities,Nordics & Benelux,Healthcare & Life Sciences Digital Labs,Digital Inbound,Pipeline Generation,6978779,180
TCS-CMP-02447,OmniCommerce Edge - Healthcare,Account-Based Email,2026-03-24,2026-03,9254,27194,1421,137,108,52,29,20,9,58130793,Strategic Growth Accounts,Retail & CPG,APAC & Australia,Healthcare & Life Sciences Digital Labs,Outbound ABM,Strategic Account Penetration,6458977,76
TCS-CMP-02448,NextGen CX - BFSI,Google Search,2026-07-18,2026-07,52499,79474,2591,234,139,49,27,15,5,14751570,Nurture / Mid-Market,Healthcare & Life Sciences,Nordics & Benelux,BFSI Core Modernization,Digital Inbound,Strategic Account Penetration,2950314,102
TCS-CMP-02449,OmniCommerce Edge - BFSI,LinkedIn Enterprise,2026-03-01,2026-03,49284,130146,3913,279,148,87,49,38,11,26326498,Emerging Tier / High-CAC,Healthcare & Life Sciences,India & Middle East,BFSI Core Modernization,Digital Inbound,Executive Engagement,2393318,121
TCS-CMP-02450,OmniCommerce Edge - Cognitive,LinkedIn Enterprise,2026-04-19,2026-04,30837,46438,1508,129,95,46,26,17,5,11878460,Emerging Tier / High-CAC,Retail & CPG,APAC & Australia,Cognitive AI & Enterprise Automation,Digital Inbound,Strategic Account Penetration,2375692,123
TCS-CMP-02451,SAP S/4 Hana Accelerated - BFSI,Google Search,2025-10-26,2025-10,73854,193571,8975,601,370,149,96,57,17,24331284,Emerging Tier / High-CAC,Healthcare & Life Sciences,India & Middle East,BFSI Core Modernization,Digital Inbound,Brand Authority & MQLs,1431252,47
TCS-CMP-02452,Sustainable Tech Suite - Cyber,Executive Events & Roundtables,2026-05-25,2026-05,47251,44416,652,71,40,12,6,3,1,15673786,Enterprise High-Value,Telecom & Media,North America,Cyber Defense & Risk Governance,Experiential,Brand Authority & MQLs,15673786,92
TCS-CMP-02453,OmniCommerce Edge - Retail,Account-Based Email,2026-06-03,2026-06,15920,19694,789,82,46,21,15,10,4,30121300,Enterprise High-Value,Healthcare & Life Sciences,Europe & UK,Retail Omnichannel & Supply Chain,Outbound ABM,Pipeline Generation,7530325,130
TCS-CMP-02454,Cognitive Ops 2.0 - BFSI,LinkedIn Enterprise,2025-11-19,2025-11,42681,97286,2064,170,111,62,34,28,10,59295650,Strategic Growth Accounts,Healthcare & Life Sciences,Europe & UK,BFSI Core Modernization,Digital Inbound,Executive Engagement,5929565,46
TCS-CMP-02455,Life Sciences DataHub - Cloud,Google Search,2025-10-03,2025-10,43539,77579,2868,202,122,62,31,21,5,39750795,Enterprise High-Value,Healthcare & Life Sciences,North America,Cloud & Infrastructure Transformation,Digital Inbound,Strategic Account Penetration,7950159,77
TCS-CMP-02456,Global Horizon - Cyber,Account-Based Email,2026-02-15,2026-02,26281,42302,1663,114,76,38,24,17,9,82276137,Enterprise High-Value,Banking & Capital Markets,North America,Cyber Defense & Risk Governance,Outbound ABM,Executive Engagement,9141793,188
TCS-CMP-02457,OmniCommerce Edge - Cyber,LinkedIn Enterprise,2026-01-17,2026-01,49966,82979,2298,248,181,90,55,36,16,35755072,Emerging Tier / High-CAC,Telecom & Media,Europe & UK,Cyber Defense & Risk Governance,Digital Inbound,Brand Authority & MQLs,2234692,63
TCS-CMP-02458,Zero Trust Enterprise - Cognitive,Executive Events & Roundtables,2026-02-11,2026-02,47441,45942,700,94,65,22,11,6,2,17458888,Strategic Growth Accounts,Banking & Capital Markets,North America,Cognitive AI & Enterprise Automation,Experiential,Strategic Account Penetration,8729444,76
TCS-CMP-02459,Cognitive Ops 2.0 - Cloud,Account-Based Email,2026-09-19,2026-09,27047,40583,2094,173,133,86,63,52,28,147219380,Strategic Growth Accounts,Manufacturing & Auto,APAC & Australia,Cloud & Infrastructure Transformation,Outbound ABM,Strategic Account Penetration,5257835,57
TCS-CMP-02460,NextGen CX - Healthcare,LinkedIn Enterprise,2026-05-21,2026-05,29610,42876,1311,89,68,29,20,14,6,11482560,Emerging Tier / High-CAC,Banking & Capital Markets,Nordics & Benelux,Healthcare & Life Sciences Digital Labs,Digital Inbound,Brand Authority & MQLs,1913760,56
TCS-CMP-02461,Cognitive Ops 2.0 - Cognitive,Account-Based Email,2025-10-16,2025-10,24889,61928,3222,221,129,76,58,51,17,66460735,Nurture / Mid-Market,Healthcare & Life Sciences,India & Middle East,Cognitive AI & Enterprise Automation,Outbound ABM,Strategic Account Penetration,3909455,104
TCS-CMP-02462,SAP S/4 Hana Accelerated - Healthcare,Account-Based Email,2025-10-22,2025-10,16160,23758,1159,108,77,43,27,18,7,20235782,Nurture / Mid-Market,Manufacturing & Auto,Europe & UK,Healthcare & Life Sciences Digital Labs,Outbound ABM,Brand Authority & MQLs,2890826,65
TCS-CMP-02463,Life Sciences DataHub - Cognitive,Tech Analyst Webinars,2025-11-15,2025-11,17750,25714,651,52,29,13,6,4,2,10702586,Enterprise High-Value,Manufacturing & Auto,India & Middle East,Cognitive AI & Enterprise Automation,Digital Inbound,Pipeline Generation,5351293,151
TCS-CMP-02464,SAP S/4 Hana Accelerated - BFSI,Account-Based Email,2025-10-06,2025-10,27090,59336,2408,174,109,50,33,21,9,26475300,Nurture / Mid-Market,Telecom & Media,APAC & Australia,BFSI Core Modernization,Outbound ABM,Strategic Account Penetration,2941700,68
TCS-CMP-02465,Sustainable Tech Suite - Cyber,Tech Analyst Webinars,2026-01-06,2026-01,14468,21800,596,32,16,7,4,3,1,7228646,Enterprise High-Value,Telecom & Media,North America,Cyber Defense & Risk Governance,Digital Inbound,Strategic Account Penetration,7228646,75
TCS-CMP-02466,CyberShield 360 - Cognitive,Tech Analyst Webinars,2026-05-01,2026-05,17833,47371,1236,88,50,20,9,5,1,2403176,Nurture / Mid-Market,Energy & Utilities,Europe & UK,Cognitive AI & Enterprise Automation,Digital Inbound,Brand Authority & MQLs,2403176,68
TCS-CMP-02467,Life Sciences DataHub - Cloud,Google Search,2026-05-28,2026-05,33716,100143,4668,326,208,74,36,28,11,46122395,Strategic Growth Accounts,Energy & Utilities,Europe & UK,Cloud & Infrastructure Transformation,Digital Inbound,Strategic Account Penetration,4192945,112
TCS-CMP-02468,Cognitive Ops 2.0 - BFSI,Google Search,2026-05-24,2026-05,61258,177567,6501,563,344,141,88,65,21,29492820,Emerging Tier / High-CAC,Telecom & Media,India & Middle East,BFSI Core Modernization,Digital Inbound,Brand Authority & MQLs,1404420,82
TCS-CMP-02469,Zero Trust Enterprise - Retail,Tech Analyst Webinars,2026-09-13,2026-09,27308,56625,1381,75,39,17,8,5,1,3521144,Strategic Growth Accounts,Healthcare & Life Sciences,APAC & Australia,Retail Omnichannel & Supply Chain,Digital Inbound,Strategic Account Penetration,3521144,114
TCS-CMP-02470,BFSI Resiliency - Cognitive,Google Search,2026-07-19,2026-07,22989,43212,1636,123,61,24,14,10,3,9134370,Nurture / Mid-Market,Banking & Capital Markets,North America,Cognitive AI & Enterprise Automation,Digital Inbound,Executive Engagement,3044790,70
TCS-CMP-02471,Life Sciences DataHub - Cloud,LinkedIn Enterprise,2025-10-22,2025-10,54623,123337,3528,387,272,120,82,60,29,62618337,Emerging Tier / High-CAC,Banking & Capital Markets,India & Middle East,Cloud & Infrastructure Transformation,Digital Inbound,Brand Authority & MQLs,2159253,105
TCS-CMP-02472,Sustainable Tech Suite - Healthcare,LinkedIn Enterprise,2025-11-21,2025-11,64459,139081,3605,399,300,133,81,50,21,52355352,Emerging Tier / High-CAC,Banking & Capital Markets,Nordics & Benelux,Healthcare & Life Sciences Digital Labs,Digital Inbound,Pipeline Generation,2493112,86
TCS-CMP-02473,BFSI Resiliency - Healthcare,Tech Analyst Webinars,2025-12-20,2025-12,24881,65911,1731,139,67,29,12,6,2,4408906,Nurture / Mid-Market,Banking & Capital Markets,Europe & UK,Healthcare & Life Sciences Digital Labs,Digital Inbound,Brand Authority & MQLs,2204453,120
TCS-CMP-02474,Sustainable Tech Suite - Cyber,LinkedIn Enterprise,2026-01-13,2026-01,61202,124179,2972,280,181,102,75,56,19,101912922,Strategic Growth Accounts,Telecom & Media,Europe & UK,Cyber Defense & Risk Governance,Digital Inbound,Executive Engagement,5363838,137
TCS-CMP-02475,SAP S/4 Hana Accelerated - Cloud,Google Search,2026-05-17,2026-05,58659,103542,4655,351,180,95,50,39,15,57995985,Strategic Growth Accounts,Telecom & Media,Nordics & Benelux,Cloud & Infrastructure Transformation,Digital Inbound,Pipeline Generation,3866399,51
TCS-CMP-02476,CyberShield 360 - Cyber,Google Search,2025-11-20,2025-11,56739,100127,4286,323,170,85,41,28,7,25822545,Strategic Growth Accounts,Healthcare & Life Sciences,India & Middle East,Cyber Defense & Risk Governance,Digital Inbound,Pipeline Generation,3688935,109
TCS-CMP-02477,Cognitive Ops 2.0 - BFSI,Account-Based Email,2026-06-27,2026-06,25581,41713,1681,166,104,52,34,25,12,46932684,Nurture / Mid-Market,Manufacturing & Auto,APAC & Australia,BFSI Core Modernization,Outbound ABM,Strategic Account Penetration,3911057,134
TCS-CMP-02478,BFSI Resiliency - Cognitive,Executive Events & Roundtables,2025-11-21,2025-11,94519,110535,1631,231,166,67,29,16,5,69653235,Enterprise High-Value,Banking & Capital Markets,Europe & UK,Cognitive AI & Enterprise Automation,Experiential,Brand Authority & MQLs,13930647,180
TCS-CMP-02479,GenAI Catalyst - Cyber,Google Search,2026-09-27,2026-09,59337,178393,7397,570,397,190,115,71,22,65958046,Nurture / Mid-Market,Healthcare & Life Sciences,APAC & Australia,Cyber Defense & Risk Governance,Digital Inbound,Brand Authority & MQLs,2998093,97
TCS-CMP-02480,Life Sciences DataHub - Retail,Account-Based Email,2026-06-24,2026-06,11340,26177,982,73,41,20,15,13,5,32285160,Strategic Growth Accounts,Telecom & Media,Europe & UK,Retail Omnichannel & Supply Chain,Outbound ABM,Executive Engagement,6457032,131
TCS-CMP-02481,Zero Trust Enterprise - Healthcare,LinkedIn Enterprise,2025-11-27,2025-11,53006,96242,2994,254,198,91,49,34,13,24684283,Emerging Tier / High-CAC,Manufacturing & Auto,North America,Healthcare & Life Sciences Digital Labs,Digital Inbound,Brand Authority & MQLs,1898791,95
TCS-CMP-02482,CyberShield 360 - Cyber,Google Search,2026-03-16,2026-03,51411,79529,3023,247,133,53,33,25,6,29559336,Strategic Growth Accounts,Retail & CPG,APAC & Australia,Cyber Defense & Risk Governance,Digital Inbound,Strategic Account Penetration,4926556,68
TCS-CMP-02483,OmniCommerce Edge - Cyber,LinkedIn Enterprise,2025-12-20,2025-12,32080,50243,1550,153,115,56,31,25,8,15793856,Emerging Tier / High-CAC,Manufacturing & Auto,India & Middle East,Cyber Defense & Risk Governance,Digital Inbound,Pipeline Generation,1974232,64
TCS-CMP-02484,Q1 Cloud Scale - Cyber,LinkedIn Enterprise,2026-06-08,2026-06,63122,166299,4740,327,246,103,69,51,15,97154475,Strategic Growth Accounts,Energy & Utilities,APAC & Australia,Cyber Defense & Risk Governance,Digital Inbound,Strategic Account Penetration,6476965,78
TCS-CMP-02485,NextGen CX - BFSI,LinkedIn Enterprise,2026-04-27,2026-04,52657,121977,3899,299,219,107,71,52,19,137377220,Strategic Growth Accounts,Banking & Capital Markets,APAC & Australia,BFSI Core Modernization,Digital Inbound,Pipeline Generation,7230380,55
TCS-CMP-02486,SAP S/4 Hana Accelerated - Retail,Industry Display & Media,2026-08-23,2026-08,47216,228828,2241,69,34,10,3,1,0,0,Nurture / Mid-Market,Banking & Capital Markets,APAC & Australia,Retail Omnichannel & Supply Chain,Digital Inbound,Brand Authority & MQLs,2273410,51
TCS-CMP-02487,CyberShield 360 - BFSI,Account-Based Email,2026-07-03,2026-07,13388,22524,826,65,41,23,16,14,5,43248165,Enterprise High-Value,Healthcare & Life Sciences,Nordics & Benelux,BFSI Core Modernization,Outbound ABM,Brand Authority & MQLs,8649633,96
TCS-CMP-02488,Cognitive Ops 2.0 - Cyber,LinkedIn Enterprise,2026-07-10,2026-07,20448,35896,872,85,46,25,17,14,5,18395440,Nurture / Mid-Market,Energy & Utilities,Europe & UK,Cyber Defense & Risk Governance,Digital Inbound,Pipeline Generation,3679088,59
TCS-CMP-02489,Cognitive Ops 2.0 - Cognitive,Account-Based Email,2026-09-21,2026-09,20610,31824,1321,132,105,61,46,37,18,95955354,Strategic Growth Accounts,Manufacturing & Auto,North America,Cognitive AI & Enterprise Automation,Outbound ABM,Strategic Account Penetration,5330853,122
TCS-CMP-02490,NextGen CX - Cognitive,Industry Display & Media,2025-12-20,2025-12,16745,91858,752,27,12,3,1,0,0,0,Enterprise High-Value,Retail & CPG,Nordics & Benelux,Cognitive AI & Enterprise Automation,Digital Inbound,Pipeline Generation,4676172,202
TCS-CMP-02491,Global Horizon - Cyber,Tech Analyst Webinars,2026-03-15,2026-03,41528,70756,1494,98,59,28,15,9,3,9954777,Strategic Growth Accounts,Energy & Utilities,Europe & UK,Cyber Defense & Risk Governance,Digital Inbound,Pipeline Generation,3318259,132
TCS-CMP-02492,Q1 Cloud Scale - Cloud,Tech Analyst Webinars,2025-11-01,2025-11,33564,64777,1319,104,46,17,9,5,2,7391790,Strategic Growth Accounts,Retail & CPG,APAC & Australia,Cloud & Infrastructure Transformation,Digital Inbound,Brand Authority & MQLs,3695895,127
TCS-CMP-02493,OmniCommerce Edge - Cyber,LinkedIn Enterprise,2026-06-11,2026-06,59063,120101,3132,275,189,116,82,65,32,206651776,Strategic Growth Accounts,Manufacturing & Auto,North America,Cyber Defense & Risk Governance,Digital Inbound,Executive Engagement,6457868,82
TCS-CMP-02494,Zero Trust Enterprise - Cyber,Executive Events & Roundtables,2026-09-17,2026-09,72822,55738,993,100,57,18,7,4,1,4030480,Emerging Tier / High-CAC,Energy & Utilities,Nordics & Benelux,Cyber Defense & Risk Governance,Experiential,Strategic Account Penetration,4030480,79
TCS-CMP-02495,BFSI Resiliency - Cloud,LinkedIn Enterprise,2025-12-08,2025-12,24782,35104,750,76,48,21,12,9,2,4299108,Emerging Tier / High-CAC,Manufacturing & Auto,India & Middle East,Cloud & Infrastructure Transformation,Digital Inbound,Brand Authority & MQLs,2149554,104
TCS-CMP-02496,BFSI Resiliency - Cyber,Google Search,2025-10-20,2025-10,57501,132354,6116,483,263,133,87,60,21,93447942,Strategic Growth Accounts,Retail & CPG,India & Middle East,Cyber Defense & Risk Governance,Digital Inbound,Strategic Account Penetration,4449902,64
TCS-CMP-02497,CyberShield 360 - Cyber,Google Search,2025-12-22,2025-12,51524,84735,2645,224,141,74,48,33,13,17783025,Emerging Tier / High-CAC,Telecom & Media,Europe & UK,Cyber Defense & Risk Governance,Digital Inbound,Strategic Account Penetration,1367925,80
TCS-CMP-02498,OmniCommerce Edge - BFSI,Account-Based Email,2026-04-26,2026-04,11837,19366,656,48,32,16,9,6,2,15484668,Enterprise High-Value,Manufacturing & Auto,Europe & UK,BFSI Core Modernization,Outbound ABM,Strategic Account Penetration,7742334,114
TCS-CMP-02499,Cognitive Ops 2.0 - BFSI,LinkedIn Enterprise,2026-05-09,2026-05,26440,47764,1214,86,53,23,12,8,2,18955558,Enterprise High-Value,Manufacturing & Auto,APAC & Australia,BFSI Core Modernization,Digital Inbound,Strategic Account Penetration,9477779,114
TCS-CMP-02500,CyberShield 360 - BFSI,LinkedIn Enterprise,2026-05-16,2026-05,60586,87105,2363,233,145,72,41,25,11,36016794,Nurture / Mid-Market,Healthcare & Life Sciences,Europe & UK,BFSI Core Modernization,Digital Inbound,Pipeline Generation,3274254,57
